CustomerID,Gender,AgeGroup,LoyaltyTier,Region,City,SignupDate
C00001,M,35-44,Guest,North,Delhi,11-11-2020
C00002,F,45-54,Bronze,North,Delhi,23-09-2022
C00003,F,55-64,Bronze,Central,Bhopal,04-08-2025
C00004,M,35-44,Guest,South,Chennai,13-03-2021
C00005,M,65+,Bronze,West,Mumbai,27-04-2023
C00006,M,65+,Bronze,East,Guwahati,14-07-2020
C00007,Other,25-34,Silver,West,Ahmedabad,02-02-2023
C00008,M,55-64,Silver,North,Delhi,28-12-2020
C00009,F,35-44,Silver,West,Surat,05-11-2023
C00010,F,25-34,Silver,Central,Indore,15-05-2021
C00011,F,35-44,Bronze,Central,Nagpur,01-12-2023
C00012,F,25-34,Bronze,North,Chandigarh,16-02-2021
C00013,M,55-64,Silver,West,Mumbai,07-06-2021
C00014,M,55-64,Gold,West,Ahmedabad,19-12-2022
C00015,F,25-34,Bronze,North,Chandigarh,01-01-2020
C00016,M,35-44,Bronze,South,Chennai,22-06-2022
C00017,M,18-24,Bronze,South,Bengaluru,15-09-2024
C00018,M,18-24,Bronze,East,Patna,14-01-2022
C00019,F,25-34,Silver,West,Pune,14-03-2025
C00020,F,18-24,Bronze,North,Chandigarh,06-08-2021
C00021,M,55-64,Silver,East,Patna,27-10-2025
C00022,M,65+,Silver,East,Bhubaneswar,08-12-2021
C00023,F,25-34,Bronze,South,Kochi,07-03-2023
C00024,F,18-24,Bronze,West,Pune,10-03-2025
C00025,F,25-34,Silver,East,Kolkata,23-02-2022
C00026,Other,45-54,Silver,West,Mumbai,22-02-2021
C00027,M,25-34,Bronze,North,Delhi,09-03-2020
C00028,Other,45-54,Bronze,Central,Raipur,07-05-2022
C00029,M,25-34,Bronze,Central,Raipur,18-02-2024
C00030,F,25-34,Silver,East,Bhubaneswar,09-07-2020
C00031,M,25-34,Bronze,East,Patna,09-06-2021
C00032,F,55-64,Silver,South,Hyderabad,25-05-2020
C00033,M,25-34,Silver,East,Patna,07-12-2021
C00034,F,18-24,Gold,South,Chennai,24-09-2021
C00035,F,45-54,Platinum,East,Patna,26-10-2024
C00036,M,45-54,Silver,West,Ahmedabad,16-10-2024
C00037,F,25-34,Silver,East,Bhubaneswar,20-07-2023
C00038,M,55-64,Bronze,North,Delhi,21-04-2022
C00039,M,18-24,Bronze,South,Kochi,25-04-2022
C00040,F,65+,Bronze,Central,Nagpur,26-10-2021
C00041,F,35-44,Bronze,South,Kochi,10-05-2025
C00042,F,18-24,Bronze,East,Bhubaneswar,13-02-2024
C00043,M,25-34,Silver,South,Chennai,10-01-2024
C00044,M,45-54,Platinum,West,Pune,16-10-2025
C00045,F,55-64,Platinum,West,Surat,14-01-2023
C00046,F,35-44,Silver,South,Hyderabad,13-01-2024
C00047,Other,55-64,Silver,South,Bengaluru,06-09-2025
C00048,F,45-54,Silver,North,Delhi,20-02-2022
C00049,M,25-34,Gold,Central,Raipur,06-07-2021
C00050,M,18-24,Bronze,Central,Indore,15-02-2024
C00051,M,35-44,Bronze,South,Kochi,10-11-2023
C00052,M,35-44,Silver,South,Bengaluru,07-12-2020
C00053,F,35-44,Bronze,Central,Nagpur,01-02-2020
C00054,M,18-24,Platinum,North,Delhi,29-01-2025
C00055,M,35-44,Bronze,Central,Raipur,20-12-2020
C00056,F,55-64,Silver,East,Patna,26-03-2024
C00057,F,45-54,Guest,Central,Nagpur,08-11-2023
C00058,F,18-24,Silver,South,Kochi,26-04-2020
C00059,F,35-44,Bronze,East,Patna,18-01-2022
C00060,F,45-54,Silver,West,Pune,13-12-2021
C00061,M,55-64,Gold,South,Chennai,26-11-2024
C00062,F,25-34,Bronze,East,Bhubaneswar,27-08-2025
C00063,M,35-44,Gold,South,Kochi,09-01-2021
C00064,F,45-54,Gold,Central,Indore,12-08-2020
C00065,F,25-34,Bronze,East,Bhubaneswar,05-08-2025
C00066,M,18-24,Bronze,South,Kochi,20-01-2024
C00067,M,55-64,Bronze,West,Mumbai,30-10-2025
C00068,F,25-34,Silver,West,Ahmedabad,05-01-2020
C00069,F,35-44,Gold,West,Pune,05-03-2020
C00070,M,35-44,Bronze,East,Patna,01-10-2023
C00071,Other,18-24,Silver,West,Mumbai,24-04-2023
C00072,F,65+,Bronze,West,Surat,26-09-2021
C00073,F,25-34,Silver,West,Pune,23-09-2023
C00074,M,45-54,Guest,West,Mumbai,25-05-2021
C00075,F,55-64,Bronze,South,Chennai,11-12-2022
C00076,M,25-34,Platinum,North,Lucknow,02-03-2020
C00077,Other,45-54,Silver,Central,Raipur,06-08-2022
C00078,F,35-44,Bronze,West,Surat,08-12-2024
C00079,M,25-34,Silver,East,Patna,12-07-2023
C00080,F,35-44,Gold,East,Kolkata,25-09-2023
C00081,M,45-54,Bronze,Central,Nagpur,20-11-2021
C00082,Other,45-54,Gold,Central,Bhopal,10-10-2024
C00083,M,65+,Silver,North,Delhi,29-01-2024
C00084,F,25-34,Bronze,South,Hyderabad,20-10-2021
C00085,F,45-54,Bronze,East,Bhubaneswar,06-03-2025
C00086,M,35-44,Bronze,West,Pune,20-12-2020
C00087,M,25-34,Bronze,Central,Bhopal,11-01-2022
C00088,F,35-44,Silver,East,Guwahati,12-06-2024
C00089,M,18-24,Platinum,South,Hyderabad,25-08-2024
C00090,M,35-44,Bronze,East,Guwahati,24-05-2023
C00091,F,25-34,Silver,Central,Bhopal,30-05-2025
C00092,M,25-34,Gold,East,Guwahati,13-02-2024
C00093,F,45-54,Bronze,South,Kochi,26-07-2023
C00094,F,18-24,Gold,South,Kochi,09-07-2023
C00095,M,18-24,Gold,South,Chennai,25-06-2025
C00096,F,45-54,Gold,North,Chandigarh,18-10-2020
C00097,F,55-64,Gold,Central,Nagpur,21-08-2025
C00098,F,35-44,Silver,Central,Nagpur,04-01-2020
C00099,M,35-44,Bronze,South,Bengaluru,07-12-2022
C00100,F,25-34,Bronze,West,Pune,21-05-2021
C00101,F,45-54,Guest,North,Delhi,31-03-2022
C00102,F,18-24,Platinum,Central,Nagpur,22-04-2020
C00103,M,25-34,Bronze,Central,Nagpur,02-06-2022
C00104,F,25-34,Bronze,Central,Nagpur,07-01-2022
C00105,M,25-34,Gold,South,Chennai,17-01-2023
C00106,M,55-64,Bronze,North,Delhi,07-02-2023
C00107,F,55-64,Silver,South,Chennai,08-03-2024
C00108,F,35-44,Silver,South,Chennai,21-01-2021
C00109,M,18-24,Bronze,East,Guwahati,13-02-2021
C00110,M,25-34,Gold,West,Ahmedabad,25-08-2023
C00111,F,55-64,Bronze,South,Bengaluru,13-02-2025
C00112,M,35-44,Bronze,Central,Bhopal,15-08-2024
C00113,M,55-64,Bronze,East,Patna,19-04-2023
C00114,M,25-34,Bronze,South,Hyderabad,16-03-2023
C00115,F,45-54,Silver,West,Pune,10-04-2025
C00116,M,25-34,Bronze,South,Hyderabad,17-03-2020
C00117,M,55-64,Bronze,West,Mumbai,30-01-2023
C00118,F,65+,Platinum,West,Pune,25-04-2025
C00119,F,45-54,Silver,North,Delhi,28-08-2022
C00120,M,35-44,Silver,East,Patna,16-03-2025
C00121,M,55-64,Bronze,North,Chandigarh,04-03-2022
C00122,M,25-34,Bronze,North,Delhi,24-02-2025
C00123,M,55-64,Bronze,Central,Raipur,11-10-2020
C00124,F,18-24,Silver,East,Patna,23-01-2022
C00125,F,35-44,Bronze,Central,Bhopal,07-10-2020
C00126,M,45-54,Silver,North,Lucknow,06-06-2023
C00127,F,45-54,Bronze,East,Bhubaneswar,17-03-2021
C00128,F,35-44,Guest,South,Kochi,28-05-2021
C00129,M,45-54,Guest,West,Pune,12-12-2020
C00130,F,45-54,Silver,Central,Nagpur,05-12-2021
C00131,F,35-44,Gold,West,Pune,07-07-2022
C00132,M,25-34,Silver,West,Mumbai,08-07-2025
C00133,F,45-54,Silver,East,Patna,07-02-2023
C00134,F,65+,Bronze,West,Ahmedabad,21-06-2025
C00135,M,45-54,Gold,South,Hyderabad,26-03-2020
C00136,M,18-24,Bronze,South,Hyderabad,25-06-2023
C00137,F,25-34,Silver,North,Delhi,06-04-2024
C00138,F,65+,Bronze,North,Delhi,22-09-2021
C00139,F,25-34,Guest,Central,Raipur,10-07-2024
C00140,F,65+,Gold,Central,Raipur,08-01-2020
C00141,F,25-34,Bronze,West,Pune,08-04-2024
C00142,F,25-34,Bronze,East,Guwahati,21-09-2022
C00143,M,65+,Bronze,Central,Raipur,20-08-2023
C00144,F,45-54,Platinum,North,Chandigarh,02-03-2025
C00145,F,55-64,Bronze,Central,Raipur,03-06-2020
C00146,M,65+,Bronze,South,Hyderabad,31-12-2020
C00147,M,18-24,Bronze,South,Hyderabad,11-10-2025
C00148,F,25-34,Bronze,Central,Indore,08-12-2023
C00149,F,25-34,Bronze,North,Jaipur,29-03-2021
C00150,M,25-34,Bronze,West,Ahmedabad,01-06-2021
C00151,M,25-34,Silver,South,Kochi,12-01-2025
C00152,F,25-34,Bronze,East,Guwahati,27-06-2020
C00153,M,25-34,Bronze,South,Kochi,10-07-2024
C00154,F,25-34,Bronze,Central,Raipur,14-06-2023
C00155,M,25-34,Bronze,East,Kolkata,25-07-2020
C00156,F,45-54,Gold,West,Ahmedabad,29-11-2023
C00157,F,45-54,Silver,East,Kolkata,23-10-2024
C00158,M,18-24,Silver,West,Pune,22-02-2023
C00159,M,25-34,Bronze,West,Surat,02-07-2023
C00160,F,35-44,Bronze,East,Kolkata,30-01-2024
C00161,F,65+,Silver,West,Surat,01-08-2024
C00162,M,35-44,Bronze,East,Guwahati,29-10-2022
C00163,M,35-44,Silver,West,Mumbai,20-11-2021
C00164,M,25-34,Bronze,West,Mumbai,12-08-2023
C00165,M,18-24,Silver,West,Mumbai,11-07-2025
C00166,F,35-44,Silver,Central,Raipur,05-07-2025
C00167,F,35-44,Silver,West,Mumbai,16-11-2021
C00168,M,55-64,Gold,East,Kolkata,23-06-2024
C00169,F,45-54,Silver,Central,Bhopal,12-03-2020
C00170,Other,35-44,Platinum,North,Jaipur,08-02-2024
C00171,M,18-24,Bronze,Central,Raipur,03-09-2020
C00172,M,55-64,Silver,North,Lucknow,27-11-2022
C00173,F,25-34,Bronze,West,Mumbai,24-02-2025
C00174,F,35-44,Silver,Central,Nagpur,22-06-2022
C00175,F,35-44,Silver,South,Chennai,30-05-2023
C00176,M,35-44,Silver,Central,Raipur,05-08-2023
C00177,F,35-44,Silver,Central,Raipur,05-11-2023
C00178,M,55-64,Bronze,North,Delhi,25-02-2022
C00179,F,25-34,Silver,South,Hyderabad,26-08-2022
C00180,M,65+,Bronze,Central,Bhopal,08-01-2023
C00181,M,35-44,Platinum,West,Ahmedabad,04-07-2020
C00182,M,55-64,Bronze,West,Pune,13-03-2023
C00183,F,45-54,Bronze,South,Kochi,13-04-2023
C00184,F,45-54,Silver,North,Delhi,07-03-2025
C00185,F,25-34,Silver,North,Chandigarh,01-09-2024
C00186,F,55-64,Bronze,Central,Raipur,15-01-2022
C00187,M,18-24,Guest,South,Chennai,08-02-2025
C00188,M,25-34,Gold,West,Pune,29-04-2022
C00189,M,18-24,Silver,West,Surat,04-01-2024
C00190,F,25-34,Bronze,East,Patna,24-01-2024
C00191,F,55-64,Bronze,West,Pune,28-07-2020
C00192,M,55-64,Bronze,North,Jaipur,24-02-2021
C00193,Other,55-64,Guest,West,Pune,15-09-2021
C00194,F,25-34,Bronze,North,Chandigarh,06-08-2020
C00195,M,35-44,Bronze,West,Surat,12-12-2020
C00196,M,45-54,Silver,North,Delhi,10-05-2022
C00197,F,65+,Platinum,South,Chennai,28-08-2025
C00198,M,35-44,Silver,East,Kolkata,01-06-2023
C00199,F,35-44,Bronze,Central,Nagpur,13-07-2025
C00200,F,25-34,Bronze,South,Bengaluru,12-12-2022
C00201,Other,55-64,Gold,North,Chandigarh,11-07-2025
C00202,M,55-64,Gold,Central,Raipur,13-01-2020
C00203,F,65+,Bronze,East,Kolkata,01-05-2024
C00204,M,65+,Silver,East,Patna,11-05-2020
C00205,F,18-24,Silver,West,Ahmedabad,17-02-2022
C00206,M,45-54,Bronze,South,Hyderabad,16-02-2020
C00207,M,35-44,Platinum,East,Bhubaneswar,30-01-2022
C00208,M,55-64,Gold,South,Kochi,31-05-2020
C00209,F,35-44,Gold,South,Hyderabad,22-04-2025
C00210,F,18-24,Platinum,Central,Indore,23-11-2024
C00211,M,35-44,Gold,East,Kolkata,14-09-2021
C00212,F,18-24,Silver,South,Kochi,09-02-2022
C00213,M,25-34,Guest,West,Ahmedabad,28-09-2025
C00214,F,65+,Gold,Central,Nagpur,06-06-2022
C00215,F,65+,Gold,South,Chennai,31-05-2023
C00216,F,45-54,Silver,South,Chennai,17-04-2023
C00217,M,35-44,Bronze,East,Kolkata,24-04-2024
C00218,M,18-24,Silver,East,Patna,18-09-2023
C00219,F,25-34,Bronze,Central,Bhopal,22-10-2022
C00220,M,25-34,Platinum,West,Surat,24-01-2025
C00221,F,35-44,Bronze,West,Ahmedabad,06-04-2020
C00222,M,35-44,Bronze,Central,Raipur,17-06-2021
C00223,M,45-54,Bronze,South,Bengaluru,06-04-2021
C00224,F,45-54,Bronze,North,Lucknow,18-08-2025
C00225,M,45-54,Bronze,Central,Nagpur,16-03-2022
C00226,M,45-54,Bronze,South,Chennai,17-05-2022
C00227,F,18-24,Bronze,South,Chennai,19-03-2021
C00228,F,18-24,Silver,Central,Bhopal,11-04-2024
C00229,F,25-34,Bronze,East,Guwahati,05-12-2020
C00230,M,45-54,Gold,Central,Raipur,11-02-2021
C00231,M,18-24,Bronze,East,Patna,08-07-2020
C00232,M,45-54,Guest,Central,Bhopal,22-08-2021
C00233,F,45-54,Silver,East,Patna,17-04-2022
C00234,F,55-64,Bronze,East,Kolkata,14-03-2020
C00235,M,35-44,Silver,Central,Nagpur,11-03-2023
C00236,M,35-44,Gold,North,Delhi,22-08-2023
C00237,F,35-44,Bronze,Central,Indore,12-12-2020
C00238,M,55-64,Bronze,East,Guwahati,29-03-2022
C00239,Other,55-64,Bronze,East,Bhubaneswar,25-02-2024
C00240,F,35-44,Gold,Central,Indore,03-12-2020
C00241,F,45-54,Silver,East,Patna,27-06-2021
C00242,M,35-44,Gold,East,Patna,24-03-2025
C00243,F,45-54,Gold,Central,Raipur,09-11-2023
C00244,F,45-54,Bronze,North,Chandigarh,09-05-2024
C00245,F,55-64,Gold,Central,Bhopal,27-08-2020
C00246,M,35-44,Guest,West,Mumbai,07-06-2023
C00247,F,65+,Bronze,Central,Bhopal,15-06-2023
C00248,F,55-64,Gold,North,Lucknow,05-07-2024
C00249,M,25-34,Silver,North,Delhi,08-08-2023
C00250,M,25-34,Bronze,West,Pune,27-03-2020
C00251,M,45-54,Bronze,Central,Nagpur,06-08-2020
C00252,F,35-44,Platinum,South,Hyderabad,16-10-2022
C00253,M,55-64,Silver,West,Ahmedabad,03-02-2022
C00254,F,18-24,Silver,East,Kolkata,02-06-2021
C00255,F,25-34,Silver,East,Guwahati,27-08-2022
C00256,F,25-34,Bronze,North,Chandigarh,28-01-2024
C00257,M,18-24,Bronze,West,Pune,26-07-2023
C00258,F,18-24,Bronze,East,Kolkata,08-03-2022
C00259,F,18-24,Silver,Central,Nagpur,02-11-2022
C00260,Other,18-24,Silver,West,Mumbai,20-05-2020
C00261,F,18-24,Silver,Central,Raipur,26-07-2021
C00262,M,35-44,Bronze,Central,Raipur,11-12-2020
C00263,M,35-44,Silver,West,Surat,23-04-2023
C00264,F,25-34,Bronze,East,Bhubaneswar,29-06-2025
C00265,F,35-44,Bronze,West,Mumbai,30-12-2021
C00266,M,18-24,Bronze,North,Delhi,20-01-2023
C00267,F,65+,Silver,East,Patna,31-08-2021
C00268,F,25-34,Gold,North,Chandigarh,07-12-2023
C00269,M,45-54,Silver,South,Chennai,04-11-2020
C00270,F,25-34,Silver,West,Surat,02-03-2022
C00271,F,65+,Guest,South,Bengaluru,18-10-2021
C00272,F,25-34,Gold,East,Bhubaneswar,07-02-2023
C00273,M,18-24,Silver,West,Surat,28-07-2022
C00274,M,25-34,Bronze,Central,Bhopal,03-12-2020
C00275,M,18-24,Bronze,East,Patna,04-10-2021
C00276,F,65+,Bronze,North,Delhi,07-12-2023
C00277,M,65+,Bronze,West,Mumbai,17-02-2025
C00278,F,25-34,Bronze,South,Kochi,27-05-2022
C00279,M,18-24,Gold,West,Pune,20-07-2021
C00280,F,55-64,Silver,Central,Nagpur,23-10-2022
C00281,M,65+,Bronze,West,Surat,16-04-2021
C00282,M,65+,Platinum,North,Delhi,26-12-2024
C00283,M,55-64,Bronze,West,Ahmedabad,05-11-2020
C00284,F,35-44,Guest,North,Delhi,28-07-2025
C00285,M,25-34,Bronze,West,Surat,27-01-2020
C00286,M,35-44,Bronze,West,Surat,22-12-2024
C00287,M,25-34,Silver,Central,Nagpur,26-05-2022
C00288,M,45-54,Silver,Central,Indore,28-05-2024
C00289,F,45-54,Bronze,South,Bengaluru,21-02-2023
C00290,F,35-44,Gold,West,Mumbai,26-03-2023
C00291,M,45-54,Bronze,West,Mumbai,24-10-2024
C00292,F,45-54,Silver,North,Chandigarh,22-08-2020
C00293,Other,25-34,Guest,West,Mumbai,22-07-2021
C00294,M,35-44,Silver,South,Chennai,06-06-2023
C00295,F,45-54,Silver,North,Delhi,31-07-2020
C00296,M,35-44,Platinum,Central,Raipur,16-01-2024
C00297,F,55-64,Bronze,Central,Bhopal,05-06-2022
C00298,M,65+,Gold,East,Guwahati,12-11-2022
C00299,M,65+,Bronze,North,Jaipur,28-04-2023
C00300,M,35-44,Gold,West,Mumbai,01-08-2023
C00301,F,35-44,Silver,East,Guwahati,05-12-2024
C00302,M,35-44,Silver,South,Bengaluru,04-05-2024
C00303,M,45-54,Platinum,East,Guwahati,09-08-2020
C00304,F,65+,Silver,North,Delhi,29-09-2020
C00305,F,45-54,Bronze,Central,Indore,20-03-2020
C00306,Other,45-54,Bronze,West,Surat,08-01-2021
C00307,M,65+,Bronze,North,Delhi,02-01-2024
C00308,M,45-54,Silver,Central,Indore,26-07-2025
C00309,F,55-64,Silver,South,Kochi,26-12-2021
C00310,Other,35-44,Gold,North,Delhi,03-02-2020
C00311,F,35-44,Silver,North,Chandigarh,12-01-2023
C00312,F,35-44,Silver,West,Mumbai,03-08-2024
C00313,M,25-34,Gold,Central,Raipur,30-05-2023
C00314,M,25-34,Gold,East,Kolkata,25-08-2024
C00315,F,65+,Bronze,East,Guwahati,19-01-2024
C00316,F,25-34,Guest,South,Kochi,08-02-2023
C00317,F,25-34,Silver,Central,Nagpur,21-05-2020
C00318,F,45-54,Silver,North,Lucknow,07-05-2025
C00319,F,45-54,Silver,Central,Nagpur,05-03-2025
C00320,F,35-44,Silver,East,Bhubaneswar,23-10-2024
C00321,F,25-34,Bronze,South,Bengaluru,28-09-2025
C00322,F,25-34,Silver,North,Chandigarh,03-08-2020
C00323,F,18-24,Silver,West,Ahmedabad,28-02-2021
C00324,M,18-24,Gold,East,Bhubaneswar,25-11-2023
C00325,F,25-34,Bronze,Central,Bhopal,13-10-2023
C00326,F,35-44,Gold,South,Chennai,30-04-2022
C00327,M,35-44,Silver,Central,Raipur,28-06-2023
C00328,M,45-54,Gold,East,Bhubaneswar,18-08-2024
C00329,F,55-64,Gold,West,Surat,29-09-2023
C00330,F,35-44,Silver,East,Guwahati,28-03-2020
C00331,M,25-34,Gold,East,Bhubaneswar,13-04-2021
C00332,M,65+,Silver,North,Delhi,22-07-2020
C00333,M,25-34,Silver,East,Guwahati,20-05-2024
C00334,M,45-54,Bronze,West,Mumbai,17-07-2021
C00335,M,25-34,Silver,Central,Bhopal,01-03-2025
C00336,F,35-44,Platinum,Central,Raipur,05-11-2023
C00337,F,65+,Bronze,Central,Raipur,25-05-2023
C00338,F,25-34,Gold,Central,Bhopal,06-09-2020
C00339,M,55-64,Bronze,South,Chennai,11-03-2020
C00340,M,25-34,Silver,South,Hyderabad,12-05-2024
C00341,F,45-54,Bronze,East,Guwahati,22-04-2021
C00342,F,35-44,Gold,East,Kolkata,13-06-2025
C00343,F,35-44,Gold,East,Patna,15-03-2020
C00344,M,35-44,Gold,West,Ahmedabad,07-07-2022
C00345,F,55-64,Silver,Central,Indore,29-03-2025
C00346,F,35-44,Gold,North,Chandigarh,13-01-2021
C00347,F,35-44,Silver,North,Jaipur,01-11-2021
C00348,F,35-44,Bronze,North,Chandigarh,01-10-2022
C00349,M,35-44,Bronze,South,Kochi,09-05-2022
C00350,M,25-34,Gold,East,Kolkata,09-06-2025
C00351,F,25-34,Silver,East,Kolkata,13-11-2022
C00352,Other,55-64,Bronze,North,Chandigarh,11-01-2025
C00353,M,35-44,Platinum,South,Kochi,12-02-2024
C00354,F,35-44,Silver,North,Chandigarh,30-06-2022
C00355,F,45-54,Gold,East,Kolkata,15-08-2025
C00356,F,65+,Silver,East,Guwahati,03-05-2021
C00357,F,25-34,Silver,Central,Nagpur,01-05-2024
C00358,M,55-64,Silver,Central,Nagpur,23-07-2021
C00359,M,55-64,Gold,South,Hyderabad,20-11-2021
C00360,F,25-34,Bronze,North,Delhi,03-01-2022
C00361,M,25-34,Bronze,North,Lucknow,23-04-2020
C00362,M,65+,Silver,West,Mumbai,20-11-2021
C00363,F,25-34,Silver,South,Kochi,25-11-2020
C00364,M,18-24,Guest,South,Kochi,01-05-2021
C00365,M,25-34,Bronze,East,Guwahati,04-02-2022
C00366,M,25-34,Bronze,East,Guwahati,17-09-2023
C00367,Other,18-24,Bronze,East,Kolkata,13-05-2023
C00368,M,35-44,Silver,Central,Indore,17-01-2023
C00369,F,35-44,Bronze,East,Kolkata,24-05-2024
C00370,F,45-54,Bronze,West,Ahmedabad,25-12-2020
C00371,F,55-64,Gold,Central,Raipur,18-02-2020
C00372,F,55-64,Gold,East,Guwahati,28-06-2021
C00373,F,65+,Silver,East,Bhubaneswar,07-06-2025
C00374,F,35-44,Bronze,North,Chandigarh,14-07-2020
C00375,M,45-54,Bronze,East,Guwahati,29-06-2021
C00376,F,45-54,Silver,West,Pune,28-03-2025
C00377,F,18-24,Bronze,South,Bengaluru,29-10-2024
C00378,M,25-34,Gold,Central,Bhopal,20-05-2021
C00379,M,25-34,Gold,West,Pune,22-02-2020
C00380,F,25-34,Silver,South,Hyderabad,24-10-2022
C00381,M,25-34,Silver,North,Chandigarh,04-11-2020
C00382,F,25-34,Bronze,North,Chandigarh,14-06-2023
C00383,F,25-34,Gold,South,Chennai,07-11-2021
C00384,M,25-34,Silver,South,Bengaluru,23-06-2024
C00385,F,25-34,Silver,East,Patna,24-12-2024
C00386,M,45-54,Silver,Central,Indore,17-12-2023
C00387,M,25-34,Bronze,North,Delhi,29-01-2024
C00388,M,25-34,Bronze,West,Ahmedabad,07-01-2021
C00389,M,55-64,Platinum,North,Lucknow,06-02-2020
C00390,F,35-44,Platinum,South,Chennai,12-08-2024
C00391,F,65+,Bronze,East,Patna,29-06-2025
C00392,M,45-54,Gold,North,Jaipur,28-06-2021
C00393,M,25-34,Gold,West,Ahmedabad,11-01-2025
C00394,M,25-34,Silver,East,Guwahati,10-03-2024
C00395,M,55-64,Gold,Central,Indore,23-04-2021
C00396,F,25-34,Silver,Central,Nagpur,13-06-2022
C00397,F,18-24,Silver,West,Surat,02-01-2020
C00398,F,45-54,Silver,East,Kolkata,31-12-2022
C00399,M,18-24,Gold,Central,Raipur,05-03-2024
C00400,F,18-24,Silver,North,Delhi,01-07-2025
C00401,Other,45-54,Bronze,Central,Indore,26-10-2024
C00402,F,25-34,Silver,East,Kolkata,03-10-2024
C00403,M,45-54,Platinum,South,Kochi,10-09-2020
C00404,M,35-44,Bronze,East,Patna,16-01-2024
C00405,F,18-24,Bronze,Central,Raipur,08-06-2021
C00406,M,55-64,Gold,East,Guwahati,24-11-2021
C00407,M,25-34,Guest,North,Lucknow,17-02-2020
C00408,M,45-54,Guest,North,Jaipur,01-09-2024
C00409,M,45-54,Bronze,West,Surat,07-01-2023
C00410,M,35-44,Bronze,North,Delhi,26-02-2020
C00411,M,55-64,Gold,South,Hyderabad,23-06-2023
C00412,F,18-24,Silver,South,Kochi,15-08-2020
C00413,M,25-34,Bronze,North,Lucknow,02-01-2024
C00414,M,55-64,Gold,East,Patna,25-04-2024
C00415,F,25-34,Silver,East,Patna,01-05-2021
C00416,Other,35-44,Bronze,Central,Bhopal,02-10-2021
C00417,F,55-64,Bronze,Central,Bhopal,24-04-2021
C00418,F,25-34,Bronze,West,Mumbai,06-07-2021
C00419,M,25-34,Bronze,Central,Raipur,13-10-2020
C00420,M,25-34,Bronze,West,Mumbai,03-05-2021
C00421,F,45-54,Bronze,Central,Raipur,23-10-2023
C00422,F,35-44,Guest,West,Pune,29-02-2024
C00423,M,35-44,Bronze,South,Bengaluru,22-02-2021
C00424,M,55-64,Bronze,West,Ahmedabad,29-05-2020
C00425,M,45-54,Platinum,South,Hyderabad,19-02-2020
C00426,F,25-34,Bronze,South,Kochi,09-02-2020
C00427,M,65+,Guest,East,Guwahati,03-02-2020
C00428,M,45-54,Bronze,West,Pune,26-02-2021
C00429,M,55-64,Silver,North,Lucknow,21-05-2024
C00430,M,35-44,Gold,East,Guwahati,02-07-2024
C00431,M,65+,Gold,West,Surat,16-09-2020
C00432,M,35-44,Silver,South,Kochi,01-07-2025
C00433,M,35-44,Silver,South,Kochi,09-10-2024
C00434,F,35-44,Silver,West,Surat,15-08-2024
C00435,M,25-34,Silver,East,Bhubaneswar,07-02-2023
C00436,M,35-44,Platinum,Central,Nagpur,27-12-2020
C00437,M,55-64,Bronze,North,Jaipur,11-09-2022
C00438,F,45-54,Bronze,South,Kochi,04-12-2020
C00439,F,25-34,Bronze,East,Bhubaneswar,15-05-2025
C00440,M,45-54,Silver,North,Lucknow,11-04-2025
C00441,M,18-24,Bronze,South,Bengaluru,09-02-2020
C00442,F,25-34,Silver,East,Guwahati,02-04-2023
C00443,M,35-44,Gold,West,Mumbai,27-08-2022
C00444,M,45-54,Gold,Central,Indore,17-03-2023
C00445,M,25-34,Silver,West,Pune,23-10-2024
C00446,M,35-44,Silver,East,Patna,29-07-2021
C00447,F,35-44,Bronze,North,Delhi,29-07-2024
C00448,F,65+,Bronze,West,Pune,02-05-2022
C00449,F,25-34,Gold,North,Chandigarh,19-07-2025
C00450,F,65+,Bronze,South,Hyderabad,08-08-2024
C00451,F,25-34,Bronze,East,Kolkata,14-10-2022
C00452,M,55-64,Bronze,North,Jaipur,17-10-2020
C00453,M,45-54,Gold,South,Bengaluru,30-05-2025
C00454,F,45-54,Bronze,North,Chandigarh,19-11-2023
C00455,M,35-44,Bronze,West,Surat,04-07-2022
C00456,F,18-24,Bronze,North,Chandigarh,02-05-2025
C00457,F,35-44,Bronze,North,Lucknow,01-08-2020
C00458,M,35-44,Silver,Central,Nagpur,03-03-2024
C00459,M,35-44,Bronze,North,Lucknow,16-08-2024
C00460,F,18-24,Gold,West,Pune,14-10-2022
C00461,M,35-44,Gold,South,Bengaluru,12-07-2025
C00462,M,55-64,Silver,East,Bhubaneswar,24-08-2020
C00463,M,55-64,Silver,Central,Indore,01-09-2022
C00464,F,35-44,Bronze,West,Ahmedabad,09-08-2021
C00465,M,35-44,Bronze,Central,Indore,24-03-2024
C00466,F,55-64,Guest,East,Bhubaneswar,23-06-2025
C00467,F,65+,Silver,Central,Nagpur,27-08-2020
C00468,M,25-34,Gold,Central,Indore,13-01-2025
C00469,M,35-44,Bronze,South,Hyderabad,05-11-2020
C00470,M,35-44,Bronze,Central,Indore,27-01-2021
C00471,F,35-44,Bronze,East,Guwahati,11-06-2020
C00472,F,25-34,Silver,Central,Indore,24-10-2021
C00473,Other,45-54,Bronze,West,Mumbai,17-03-2023
C00474,M,35-44,Gold,East,Kolkata,16-11-2020
C00475,M,35-44,Gold,Central,Indore,14-09-2021
C00476,F,18-24,Gold,Central,Indore,20-09-2022
C00477,F,45-54,Silver,East,Kolkata,15-06-2023
C00478,F,35-44,Gold,West,Pune,15-03-2023
C00479,M,45-54,Gold,West,Ahmedabad,31-07-2022
C00480,F,35-44,Gold,North,Jaipur,28-03-2023
C00481,F,18-24,Gold,West,Mumbai,23-01-2023
C00482,F,55-64,Bronze,West,Pune,23-06-2021
C00483,M,35-44,Silver,Central,Indore,17-09-2020
C00484,M,25-34,Bronze,North,Lucknow,24-04-2022
C00485,M,35-44,Bronze,North,Chandigarh,24-04-2023
C00486,F,25-34,Guest,East,Patna,01-08-2022
C00487,F,55-64,Bronze,South,Bengaluru,28-02-2023
C00488,M,35-44,Bronze,East,Bhubaneswar,20-10-2025
C00489,F,25-34,Silver,West,Pune,18-09-2025
C00490,M,55-64,Bronze,West,Mumbai,26-05-2022
C00491,M,45-54,Bronze,West,Surat,17-11-2022
C00492,F,25-34,Bronze,North,Lucknow,23-01-2024
C00493,F,45-54,Silver,East,Bhubaneswar,07-04-2020
C00494,M,25-34,Silver,East,Patna,19-09-2025
C00495,F,45-54,Gold,East,Guwahati,28-01-2022
C00496,M,35-44,Bronze,Central,Nagpur,03-02-2025
C00497,F,55-64,Guest,Central,Raipur,12-02-2022
C00498,F,18-24,Guest,North,Delhi,06-01-2025
C00499,M,25-34,Bronze,East,Kolkata,06-02-2024
C00500,F,35-44,Bronze,Central,Indore,04-04-2022
C00501,Other,55-64,Platinum,East,Bhubaneswar,05-02-2022
C00502,F,18-24,Silver,South,Chennai,12-06-2021
C00503,F,65+,Gold,West,Pune,16-08-2022
C00504,F,18-24,Silver,North,Chandigarh,22-08-2023
C00505,M,25-34,Bronze,North,Lucknow,16-01-2025
C00506,M,35-44,Silver,West,Pune,31-12-2024
C00507,F,35-44,Silver,North,Chandigarh,28-01-2025
C00508,F,35-44,Silver,West,Ahmedabad,20-01-2025
C00509,M,25-34,Gold,South,Bengaluru,29-05-2020
C00510,M,45-54,Bronze,South,Hyderabad,16-03-2023
C00511,M,45-54,Gold,South,Kochi,12-08-2021
C00512,F,45-54,Bronze,North,Lucknow,29-12-2022
C00513,F,55-64,Bronze,South,Hyderabad,12-05-2025
C00514,M,35-44,Silver,North,Jaipur,04-05-2024
C00515,M,35-44,Bronze,West,Mumbai,02-07-2020
C00516,F,25-34,Platinum,South,Bengaluru,25-11-2022
C00517,Other,45-54,Silver,Central,Bhopal,25-10-2023
C00518,F,18-24,Guest,North,Chandigarh,08-12-2021
C00519,M,55-64,Silver,South,Kochi,08-02-2025
C00520,M,65+,Silver,South,Chennai,13-08-2022
C00521,M,35-44,Silver,Central,Bhopal,02-01-2025
C00522,M,35-44,Platinum,East,Kolkata,17-11-2021
C00523,F,35-44,Bronze,North,Lucknow,03-08-2020
C00524,M,55-64,Gold,North,Lucknow,17-04-2025
C00525,M,65+,Silver,West,Pune,01-12-2023
C00526,M,25-34,Gold,Central,Raipur,24-05-2024
C00527,M,45-54,Bronze,West,Pune,08-03-2025
C00528,F,55-64,Bronze,North,Jaipur,03-05-2025
C00529,M,35-44,Bronze,West,Mumbai,21-12-2021
C00530,M,35-44,Silver,Central,Raipur,26-07-2021
C00531,M,18-24,Silver,East,Patna,05-04-2025
C00532,F,25-34,Guest,Central,Bhopal,24-06-2021
C00533,M,35-44,Gold,North,Delhi,11-07-2021
C00534,F,35-44,Bronze,Central,Nagpur,17-04-2024
C00535,M,45-54,Gold,North,Chandigarh,11-01-2020
C00536,F,45-54,Silver,South,Bengaluru,19-11-2022
C00537,F,25-34,Bronze,Central,Nagpur,17-10-2022
C00538,F,25-34,Silver,North,Delhi,07-11-2023
C00539,F,25-34,Silver,Central,Nagpur,14-12-2024
C00540,M,35-44,Bronze,Central,Bhopal,29-09-2025
C00541,F,25-34,Silver,West,Ahmedabad,14-02-2021
C00542,M,45-54,Guest,South,Chennai,04-11-2020
C00543,F,18-24,Bronze,North,Delhi,18-03-2025
C00544,F,45-54,Bronze,West,Ahmedabad,08-07-2021
C00545,F,18-24,Guest,Central,Nagpur,12-03-2023
C00546,F,45-54,Bronze,West,Surat,16-07-2024
C00547,F,55-64,Bronze,East,Kolkata,28-08-2022
C00548,F,35-44,Silver,Central,Nagpur,18-10-2023
C00549,F,65+,Bronze,West,Mumbai,14-08-2020
C00550,M,25-34,Bronze,Central,Nagpur,22-02-2024
C00551,F,35-44,Bronze,North,Delhi,12-03-2023
C00552,Other,25-34,Gold,East,Bhubaneswar,04-09-2025
C00553,F,35-44,Bronze,North,Lucknow,11-04-2024
C00554,Other,35-44,Bronze,East,Guwahati,21-01-2023
C00555,F,65+,Bronze,East,Bhubaneswar,14-10-2021
C00556,M,35-44,Bronze,East,Kolkata,24-04-2024
C00557,F,18-24,Silver,North,Delhi,20-06-2024
C00558,F,25-34,Gold,South,Hyderabad,08-11-2023
C00559,F,45-54,Bronze,West,Ahmedabad,10-10-2025
C00560,M,55-64,Bronze,North,Delhi,22-11-2021
C00561,F,35-44,Guest,Central,Indore,01-02-2021
C00562,F,65+,Bronze,South,Bengaluru,19-10-2023
C00563,M,55-64,Bronze,South,Bengaluru,24-11-2020
C00564,F,45-54,Guest,West,Surat,31-12-2021
C00565,M,45-54,Gold,North,Chandigarh,04-05-2022
C00566,F,35-44,Silver,North,Lucknow,22-03-2021
C00567,F,18-24,Gold,South,Hyderabad,10-07-2021
C00568,M,35-44,Silver,Central,Bhopal,08-10-2023
C00569,F,45-54,Gold,North,Delhi,04-05-2020
C00570,F,55-64,Silver,North,Chandigarh,07-07-2024
C00571,M,35-44,Silver,North,Delhi,13-02-2024
C00572,M,35-44,Bronze,East,Bhubaneswar,13-02-2025
C00573,F,18-24,Bronze,Central,Bhopal,28-08-2024
C00574,F,35-44,Bronze,East,Guwahati,28-07-2024
C00575,Other,65+,Silver,North,Jaipur,03-08-2025
C00576,F,35-44,Silver,South,Chennai,13-07-2025
C00577,M,45-54,Gold,East,Guwahati,04-12-2023
C00578,F,65+,Bronze,East,Patna,11-06-2024
C00579,M,25-34,Gold,North,Jaipur,25-10-2021
C00580,F,25-34,Silver,West,Surat,28-01-2020
C00581,M,45-54,Silver,Central,Nagpur,14-01-2022
C00582,M,18-24,Silver,Central,Indore,06-01-2025
C00583,F,25-34,Silver,West,Ahmedabad,30-04-2025
C00584,M,45-54,Silver,East,Patna,15-02-2020
C00585,M,55-64,Gold,West,Mumbai,03-05-2020
C00586,M,25-34,Bronze,East,Guwahati,24-04-2023
C00587,F,18-24,Gold,West,Pune,23-05-2025
C00588,F,65+,Silver,South,Chennai,29-04-2025
C00589,M,35-44,Guest,East,Guwahati,27-05-2022
C00590,F,35-44,Bronze,South,Hyderabad,07-08-2020
C00591,F,45-54,Bronze,Central,Raipur,14-09-2022
C00592,F,45-54,Bronze,East,Patna,10-07-2021
C00593,F,25-34,Silver,West,Ahmedabad,01-10-2023
C00594,F,35-44,Guest,Central,Raipur,31-05-2021
C00595,F,45-54,Bronze,South,Chennai,11-03-2024
C00596,F,35-44,Gold,North,Delhi,26-09-2023
C00597,F,35-44,Silver,West,Surat,11-04-2021
C00598,F,25-34,Bronze,West,Pune,14-09-2023
C00599,F,65+,Silver,East,Bhubaneswar,05-09-2023
C00600,M,18-24,Gold,Central,Indore,20-04-2024
C00601,F,45-54,Bronze,South,Bengaluru,02-11-2024
C00602,M,35-44,Bronze,North,Lucknow,01-03-2025
C00603,M,45-54,Bronze,East,Patna,21-02-2025
C00604,M,25-34,Silver,North,Lucknow,27-05-2022
C00605,M,65+,Bronze,South,Kochi,15-07-2020
C00606,M,35-44,Gold,West,Ahmedabad,27-08-2020
C00607,M,45-54,Bronze,Central,Raipur,14-08-2021
C00608,F,18-24,Platinum,Central,Raipur,18-07-2021
C00609,F,25-34,Bronze,South,Chennai,26-10-2022
C00610,F,55-64,Bronze,West,Mumbai,21-10-2022
C00611,F,18-24,Bronze,Central,Nagpur,28-05-2024
C00612,M,25-34,Bronze,East,Patna,28-01-2023
C00613,M,25-34,Bronze,East,Kolkata,27-07-2021
C00614,F,25-34,Silver,North,Lucknow,06-10-2024
C00615,M,45-54,Silver,East,Kolkata,23-11-2023
C00616,F,55-64,Silver,South,Bengaluru,05-09-2024
C00617,M,35-44,Gold,West,Mumbai,01-02-2022
C00618,F,55-64,Platinum,East,Patna,17-07-2023
C00619,M,45-54,Silver,Central,Nagpur,26-08-2020
C00620,F,65+,Bronze,East,Guwahati,20-12-2020
C00621,F,25-34,Silver,South,Bengaluru,21-07-2022
C00622,F,55-64,Silver,East,Bhubaneswar,22-02-2020
C00623,M,45-54,Silver,Central,Indore,20-10-2024
C00624,M,65+,Silver,East,Bhubaneswar,04-07-2024
C00625,M,18-24,Gold,North,Jaipur,07-05-2023
C00626,F,18-24,Bronze,West,Pune,15-04-2023
C00627,M,18-24,Bronze,South,Hyderabad,29-09-2022
C00628,F,18-24,Platinum,South,Chennai,05-04-2021
C00629,M,25-34,Silver,West,Mumbai,08-01-2021
C00630,M,35-44,Gold,West,Mumbai,17-08-2024
C00631,M,35-44,Gold,West,Ahmedabad,11-11-2023
C00632,M,25-34,Silver,West,Pune,14-03-2025
C00633,M,45-54,Bronze,North,Delhi,09-10-2021
C00634,F,25-34,Gold,South,Bengaluru,04-09-2022
C00635,M,65+,Gold,South,Kochi,23-09-2021
C00636,M,25-34,Bronze,North,Delhi,10-07-2024
C00637,M,18-24,Bronze,West,Ahmedabad,23-04-2021
C00638,M,25-34,Platinum,South,Chennai,27-04-2023
C00639,F,18-24,Bronze,East,Kolkata,04-05-2020
C00640,F,25-34,Silver,West,Mumbai,04-02-2021
C00641,M,45-54,Bronze,East,Bhubaneswar,23-05-2020
C00642,F,35-44,Bronze,Central,Nagpur,15-12-2021
C00643,M,18-24,Bronze,North,Jaipur,27-11-2022
C00644,F,25-34,Bronze,Central,Nagpur,15-06-2022
C00645,F,25-34,Bronze,Central,Nagpur,11-02-2022
C00646,M,25-34,Platinum,Central,Indore,22-05-2021
C00647,F,45-54,Gold,North,Chandigarh,23-09-2023
C00648,F,25-34,Platinum,West,Ahmedabad,31-01-2020
C00649,F,35-44,Silver,West,Surat,26-05-2021
C00650,M,18-24,Gold,South,Kochi,14-10-2022
C00651,M,35-44,Silver,North,Chandigarh,30-11-2024
C00652,M,45-54,Bronze,East,Bhubaneswar,18-10-2020
C00653,M,25-34,Silver,East,Bhubaneswar,12-09-2022
C00654,Other,18-24,Bronze,Central,Bhopal,18-07-2022
C00655,F,35-44,Silver,South,Hyderabad,12-02-2021
C00656,M,65+,Bronze,West,Ahmedabad,23-07-2022
C00657,F,45-54,Bronze,West,Surat,07-04-2023
C00658,M,35-44,Silver,North,Chandigarh,03-03-2023
C00659,F,35-44,Bronze,West,Mumbai,01-06-2025
C00660,F,25-34,Gold,East,Patna,23-06-2025
C00661,M,35-44,Silver,West,Mumbai,06-01-2025
C00662,F,55-64,Bronze,Central,Indore,14-03-2022
C00663,Other,55-64,Silver,North,Delhi,13-12-2023
C00664,M,35-44,Gold,South,Hyderabad,18-09-2025
C00665,M,45-54,Platinum,East,Kolkata,01-04-2025
C00666,M,55-64,Bronze,West,Ahmedabad,08-05-2025
C00667,Other,35-44,Silver,West,Ahmedabad,20-04-2025
C00668,F,55-64,Bronze,East,Guwahati,06-07-2020
C00669,Other,35-44,Silver,East,Kolkata,04-10-2023
C00670,F,35-44,Silver,North,Chandigarh,08-10-2022
C00671,F,45-54,Gold,East,Guwahati,08-03-2023
C00672,M,45-54,Silver,Central,Indore,27-10-2025
C00673,F,55-64,Bronze,South,Kochi,07-04-2020
C00674,F,45-54,Bronze,East,Bhubaneswar,03-01-2021
C00675,M,35-44,Gold,South,Kochi,23-08-2022
C00676,F,45-54,Bronze,South,Hyderabad,09-12-2022
C00677,M,55-64,Gold,East,Patna,04-12-2023
C00678,M,35-44,Silver,Central,Indore,25-05-2025
C00679,M,25-34,Guest,East,Bhubaneswar,29-11-2024
C00680,F,55-64,Bronze,Central,Nagpur,16-09-2025
C00681,M,18-24,Silver,East,Guwahati,28-11-2023
C00682,M,35-44,Bronze,East,Guwahati,13-02-2023
C00683,F,18-24,Silver,East,Patna,22-05-2022
C00684,Other,45-54,Bronze,East,Kolkata,17-01-2023
C00685,M,55-64,Platinum,East,Guwahati,04-11-2022
C00686,F,65+,Bronze,North,Lucknow,23-10-2023
C00687,M,35-44,Silver,South,Kochi,21-11-2021
C00688,M,55-64,Silver,South,Hyderabad,07-04-2021
C00689,F,45-54,Gold,West,Mumbai,11-08-2023
C00690,M,25-34,Gold,South,Hyderabad,07-01-2024
C00691,Other,18-24,Bronze,Central,Raipur,24-12-2021
C00692,M,35-44,Bronze,North,Jaipur,27-07-2023
C00693,F,25-34,Bronze,Central,Bhopal,20-03-2023
C00694,F,55-64,Bronze,South,Chennai,23-01-2023
C00695,M,65+,Silver,Central,Nagpur,19-09-2021
C00696,F,35-44,Gold,Central,Bhopal,09-06-2023
C00697,F,45-54,Silver,West,Pune,17-12-2023
C00698,F,25-34,Gold,East,Kolkata,07-09-2021
C00699,F,25-34,Silver,Central,Nagpur,01-09-2023
C00700,F,45-54,Platinum,North,Chandigarh,07-11-2023
C00701,F,35-44,Bronze,East,Bhubaneswar,08-06-2021
C00702,M,25-34,Bronze,West,Mumbai,11-08-2023
C00703,M,35-44,Bronze,South,Bengaluru,08-06-2024
C00704,F,35-44,Silver,North,Lucknow,21-09-2025
C00705,F,35-44,Gold,East,Guwahati,06-12-2021
C00706,M,35-44,Gold,North,Jaipur,18-09-2025
C00707,M,35-44,Silver,East,Guwahati,13-06-2022
C00708,F,65+,Silver,Central,Bhopal,13-02-2021
C00709,M,55-64,Bronze,South,Kochi,13-02-2023
C00710,F,35-44,Gold,West,Surat,03-06-2023
C00711,M,18-24,Bronze,West,Mumbai,23-01-2023
C00712,F,55-64,Platinum,East,Kolkata,21-04-2020
C00713,M,45-54,Gold,East,Bhubaneswar,04-12-2020
C00714,F,25-34,Gold,South,Hyderabad,20-01-2020
C00715,M,55-64,Silver,North,Lucknow,21-08-2020
C00716,F,35-44,Guest,South,Kochi,10-01-2022
C00717,F,25-34,Gold,Central,Bhopal,14-02-2024
C00718,F,45-54,Silver,South,Hyderabad,06-03-2021
C00719,M,25-34,Gold,Central,Raipur,18-09-2023
C00720,F,55-64,Bronze,North,Jaipur,21-04-2024
C00721,M,45-54,Silver,Central,Indore,26-01-2022
C00722,M,25-34,Silver,Central,Raipur,21-11-2020
C00723,M,25-34,Silver,Central,Indore,19-11-2021
C00724,Other,25-34,Silver,North,Jaipur,28-10-2021
C00725,M,25-34,Bronze,West,Surat,05-10-2021
C00726,M,25-34,Silver,North,Jaipur,03-09-2020
C00727,M,25-34,Gold,North,Jaipur,29-10-2024
C00728,M,25-34,Silver,East,Patna,02-09-2023
C00729,F,35-44,Guest,Central,Raipur,08-09-2024
C00730,F,25-34,Gold,West,Pune,10-11-2023
C00731,M,55-64,Guest,East,Kolkata,27-02-2022
C00732,F,35-44,Gold,Central,Indore,19-07-2024
C00733,M,25-34,Bronze,East,Guwahati,30-01-2024
C00734,M,35-44,Silver,Central,Nagpur,13-01-2023
C00735,M,25-34,Bronze,Central,Bhopal,30-05-2022
C00736,M,45-54,Silver,South,Chennai,05-01-2025
C00737,F,35-44,Bronze,South,Bengaluru,18-07-2025
C00738,F,65+,Silver,West,Mumbai,11-10-2022
C00739,F,18-24,Silver,West,Pune,21-11-2020
C00740,M,25-34,Bronze,North,Chandigarh,24-11-2021
C00741,F,45-54,Silver,West,Pune,17-05-2020
C00742,F,25-34,Bronze,East,Guwahati,05-05-2023
C00743,Other,18-24,Bronze,South,Hyderabad,14-10-2022
C00744,F,35-44,Bronze,West,Ahmedabad,07-10-2024
C00745,F,55-64,Platinum,Central,Raipur,12-09-2021
C00746,M,35-44,Bronze,West,Surat,26-10-2025
C00747,M,35-44,Bronze,North,Chandigarh,30-01-2024
C00748,F,18-24,Bronze,North,Chandigarh,28-04-2021
C00749,F,45-54,Bronze,South,Bengaluru,18-09-2020
C00750,M,65+,Gold,West,Ahmedabad,18-11-2020
C00751,F,18-24,Gold,East,Bhubaneswar,27-07-2022
C00752,M,25-34,Silver,North,Delhi,09-01-2025
C00753,M,25-34,Gold,East,Kolkata,28-05-2021
C00754,F,55-64,Silver,Central,Bhopal,16-09-2021
C00755,M,65+,Bronze,East,Kolkata,13-05-2020
C00756,M,65+,Bronze,North,Lucknow,17-09-2020
C00757,M,25-34,Silver,Central,Raipur,12-03-2023
C00758,F,25-34,Platinum,Central,Indore,31-01-2025
C00759,F,45-54,Gold,South,Kochi,30-11-2024
C00760,F,25-34,Bronze,West,Pune,27-01-2020
C00761,F,55-64,Bronze,Central,Raipur,09-07-2022
C00762,M,35-44,Silver,North,Lucknow,10-05-2022
C00763,M,25-34,Bronze,North,Jaipur,16-05-2025
C00764,F,25-34,Bronze,South,Chennai,23-03-2022
C00765,M,65+,Bronze,West,Mumbai,26-04-2020
C00766,F,25-34,Bronze,North,Chandigarh,26-08-2024
C00767,M,65+,Bronze,South,Chennai,13-07-2020
C00768,M,18-24,Silver,South,Bengaluru,15-06-2022
C00769,F,55-64,Bronze,West,Pune,02-06-2020
C00770,M,25-34,Silver,East,Guwahati,11-11-2022
C00771,M,55-64,Platinum,South,Bengaluru,31-01-2025
C00772,F,55-64,Gold,East,Kolkata,19-01-2021
C00773,F,55-64,Gold,East,Kolkata,12-12-2024
C00774,F,25-34,Bronze,North,Jaipur,23-01-2022
C00775,M,18-24,Bronze,East,Kolkata,13-09-2023
C00776,M,65+,Bronze,Central,Indore,26-11-2024
C00777,M,35-44,Bronze,West,Mumbai,02-05-2024
C00778,M,25-34,Gold,East,Patna,28-04-2025
C00779,M,35-44,Silver,West,Surat,31-05-2023
C00780,F,55-64,Bronze,Central,Raipur,22-05-2023
C00781,M,18-24,Silver,South,Hyderabad,28-11-2021
C00782,F,35-44,Gold,North,Chandigarh,18-03-2024
C00783,M,18-24,Silver,North,Chandigarh,12-10-2021
C00784,M,35-44,Bronze,North,Jaipur,06-11-2022
C00785,M,45-54,Bronze,North,Jaipur,25-10-2022
C00786,F,35-44,Silver,South,Hyderabad,27-08-2023
C00787,M,45-54,Gold,South,Kochi,20-04-2025
C00788,M,35-44,Bronze,West,Pune,18-05-2021
C00789,M,35-44,Bronze,South,Kochi,25-09-2022
C00790,F,35-44,Bronze,South,Bengaluru,15-12-2020
C00791,F,35-44,Bronze,North,Jaipur,17-08-2022
C00792,M,35-44,Gold,West,Ahmedabad,05-03-2021
C00793,M,25-34,Silver,East,Bhubaneswar,16-07-2022
C00794,F,25-34,Bronze,North,Jaipur,25-08-2025
C00795,M,45-54,Gold,East,Kolkata,24-08-2023
C00796,Other,25-34,Bronze,Central,Indore,08-03-2022
C00797,F,18-24,Silver,East,Patna,03-11-2023
C00798,M,65+,Gold,West,Ahmedabad,23-10-2021
C00799,F,25-34,Silver,Central,Raipur,13-07-2025
C00800,F,18-24,Silver,West,Pune,17-01-2020
C00801,F,35-44,Gold,Central,Bhopal,16-03-2020
C00802,F,35-44,Silver,Central,Bhopal,27-09-2024
C00803,F,45-54,Bronze,South,Hyderabad,14-11-2024
C00804,M,35-44,Bronze,East,Kolkata,09-04-2020
C00805,F,35-44,Bronze,North,Lucknow,16-04-2020
C00806,F,45-54,Gold,Central,Indore,22-06-2022
C00807,M,25-34,Bronze,South,Hyderabad,04-07-2021
C00808,Other,45-54,Gold,East,Guwahati,22-04-2024
C00809,F,35-44,Gold,North,Delhi,17-03-2024
C00810,F,45-54,Bronze,East,Guwahati,27-05-2024
C00811,M,35-44,Bronze,South,Bengaluru,19-04-2022
C00812,F,18-24,Bronze,South,Chennai,26-10-2024
C00813,M,25-34,Guest,East,Kolkata,10-10-2024
C00814,F,35-44,Silver,South,Kochi,20-05-2023
C00815,F,18-24,Gold,East,Guwahati,12-08-2024
C00816,F,35-44,Silver,West,Mumbai,18-01-2023
C00817,F,18-24,Silver,East,Bhubaneswar,17-07-2020
C00818,F,35-44,Bronze,Central,Indore,15-01-2020
C00819,M,65+,Bronze,East,Patna,22-06-2025
C00820,M,55-64,Gold,East,Kolkata,25-12-2024
C00821,M,45-54,Silver,South,Kochi,29-09-2020
C00822,M,18-24,Silver,West,Ahmedabad,19-03-2024
C00823,M,35-44,Bronze,Central,Indore,22-06-2023
C00824,M,25-34,Silver,East,Kolkata,19-07-2023
C00825,F,25-34,Silver,Central,Bhopal,08-01-2025
C00826,F,55-64,Bronze,West,Ahmedabad,07-12-2020
C00827,M,25-34,Bronze,East,Guwahati,14-06-2020
C00828,M,25-34,Silver,East,Guwahati,03-05-2023
C00829,F,45-54,Silver,East,Guwahati,16-01-2023
C00830,F,25-34,Bronze,North,Chandigarh,25-08-2024
C00831,F,45-54,Silver,South,Hyderabad,11-06-2023
C00832,F,25-34,Guest,East,Bhubaneswar,11-12-2023
C00833,M,35-44,Gold,Central,Raipur,17-08-2024
C00834,M,35-44,Gold,North,Delhi,11-08-2021
C00835,Other,55-64,Bronze,North,Chandigarh,09-11-2024
C00836,M,25-34,Silver,West,Ahmedabad,08-08-2025
C00837,F,55-64,Silver,East,Kolkata,21-04-2024
C00838,F,18-24,Gold,South,Chennai,10-10-2022
C00839,M,18-24,Gold,North,Delhi,13-08-2021
C00840,M,65+,Bronze,Central,Nagpur,30-03-2025
C00841,F,35-44,Bronze,East,Bhubaneswar,22-04-2023
C00842,M,35-44,Bronze,West,Pune,12-10-2023
C00843,M,25-34,Bronze,West,Mumbai,25-11-2024
C00844,F,65+,Silver,North,Chandigarh,02-03-2022
C00845,M,35-44,Silver,Central,Indore,30-06-2024
C00846,M,45-54,Bronze,North,Delhi,06-01-2025
C00847,M,45-54,Bronze,South,Chennai,02-05-2023
C00848,M,25-34,Bronze,East,Guwahati,02-08-2025
C00849,M,45-54,Bronze,South,Hyderabad,12-04-2024
C00850,M,25-34,Silver,South,Bengaluru,12-09-2025
C00851,M,45-54,Gold,Central,Bhopal,08-05-2022
C00852,F,35-44,Platinum,Central,Bhopal,22-12-2023
C00853,F,18-24,Silver,South,Bengaluru,12-05-2024
C00854,Other,25-34,Bronze,West,Ahmedabad,16-12-2022
C00855,F,25-34,Guest,Central,Indore,29-11-2021
C00856,F,25-34,Platinum,East,Kolkata,02-02-2020
C00857,F,45-54,Gold,East,Patna,27-02-2022
C00858,F,18-24,Bronze,South,Chennai,23-03-2022
C00859,M,25-34,Bronze,East,Kolkata,07-11-2021
C00860,F,55-64,Bronze,East,Guwahati,05-04-2025
C00861,F,25-34,Silver,East,Kolkata,07-05-2024
C00862,M,25-34,Gold,North,Delhi,25-06-2020
C00863,F,25-34,Silver,Central,Raipur,10-01-2025
C00864,M,45-54,Bronze,Central,Indore,20-04-2023
C00865,M,65+,Gold,North,Jaipur,11-05-2020
C00866,F,35-44,Bronze,South,Hyderabad,28-11-2024
C00867,M,35-44,Bronze,Central,Nagpur,21-10-2021
C00868,M,65+,Bronze,East,Guwahati,04-11-2022
C00869,F,45-54,Bronze,West,Ahmedabad,11-10-2025
C00870,F,25-34,Silver,North,Chandigarh,24-04-2020
C00871,Other,45-54,Bronze,West,Ahmedabad,26-05-2022
C00872,F,25-34,Silver,West,Surat,29-04-2024
C00873,F,25-34,Platinum,West,Mumbai,18-07-2025
C00874,M,25-34,Gold,West,Mumbai,15-02-2024
C00875,M,35-44,Silver,South,Chennai,09-04-2023
C00876,F,35-44,Bronze,Central,Nagpur,06-12-2021
C00877,F,25-34,Bronze,West,Surat,10-11-2023
C00878,M,45-54,Gold,South,Chennai,07-12-2023
C00879,M,35-44,Bronze,West,Surat,22-08-2021
C00880,F,65+,Silver,North,Jaipur,31-08-2024
C00881,Other,55-64,Platinum,Central,Raipur,31-08-2020
C00882,F,55-64,Gold,South,Kochi,22-06-2022
C00883,M,65+,Silver,Central,Raipur,27-03-2023
C00884,F,25-34,Bronze,Central,Bhopal,24-10-2023
C00885,M,25-34,Silver,East,Bhubaneswar,22-02-2022
C00886,M,35-44,Bronze,West,Surat,16-01-2025
C00887,F,35-44,Gold,East,Guwahati,06-03-2021
C00888,M,25-34,Silver,Central,Nagpur,21-03-2025
C00889,M,45-54,Bronze,East,Patna,05-01-2023
C00890,F,35-44,Bronze,North,Jaipur,14-07-2024
C00891,F,25-34,Silver,West,Pune,17-08-2023
C00892,M,25-34,Silver,South,Chennai,19-04-2021
C00893,F,35-44,Gold,West,Surat,11-10-2025
C00894,M,55-64,Gold,South,Chennai,22-12-2024
C00895,F,18-24,Gold,North,Lucknow,15-09-2022
C00896,F,45-54,Silver,North,Delhi,24-02-2025
C00897,F,35-44,Platinum,West,Pune,22-09-2024
C00898,M,65+,Silver,East,Guwahati,10-11-2023
C00899,F,45-54,Platinum,East,Patna,16-09-2021
C00900,F,18-24,Gold,Central,Indore,20-04-2021
C00901,M,65+,Silver,Central,Nagpur,09-04-2024
C00902,F,35-44,Platinum,East,Bhubaneswar,09-09-2023
C00903,F,55-64,Gold,North,Jaipur,03-10-2024
C00904,F,35-44,Platinum,South,Hyderabad,11-04-2020
C00905,M,18-24,Gold,East,Bhubaneswar,02-11-2024
C00906,F,65+,Bronze,South,Kochi,27-12-2022
C00907,F,25-34,Guest,North,Lucknow,26-07-2020
C00908,Other,25-34,Bronze,Central,Raipur,27-08-2022
C00909,F,55-64,Bronze,West,Pune,11-07-2023
C00910,M,65+,Bronze,West,Pune,22-05-2025
C00911,M,45-54,Silver,Central,Indore,11-03-2023
C00912,F,55-64,Silver,South,Bengaluru,02-08-2021
C00913,M,45-54,Gold,Central,Nagpur,05-08-2020
C00914,M,35-44,Silver,South,Hyderabad,09-03-2023
C00915,F,25-34,Guest,East,Kolkata,07-10-2024
C00916,F,25-34,Bronze,Central,Bhopal,21-04-2020
C00917,F,55-64,Bronze,South,Bengaluru,18-04-2020
C00918,M,45-54,Platinum,East,Bhubaneswar,24-05-2024
C00919,Other,35-44,Silver,South,Bengaluru,06-10-2023
C00920,F,25-34,Bronze,North,Chandigarh,05-01-2023
C00921,F,25-34,Gold,South,Bengaluru,19-08-2021
C00922,M,25-34,Silver,North,Jaipur,12-01-2020
C00923,M,18-24,Bronze,Central,Bhopal,07-09-2024
C00924,M,25-34,Bronze,South,Hyderabad,14-07-2021
C00925,M,18-24,Gold,Central,Indore,12-06-2025
C00926,M,65+,Bronze,South,Kochi,18-11-2020
C00927,M,65+,Silver,West,Mumbai,23-05-2021
C00928,F,35-44,Bronze,Central,Raipur,18-04-2024
C00929,M,35-44,Gold,North,Delhi,25-07-2023
C00930,M,25-34,Gold,South,Bengaluru,26-05-2021
C00931,F,18-24,Bronze,West,Ahmedabad,08-04-2022
C00932,F,45-54,Bronze,West,Surat,23-08-2024
C00933,F,25-34,Bronze,Central,Raipur,26-06-2022
C00934,M,65+,Bronze,North,Delhi,28-12-2021
C00935,F,35-44,Bronze,West,Ahmedabad,01-08-2020
C00936,M,35-44,Bronze,North,Delhi,03-06-2023
C00937,M,35-44,Bronze,South,Chennai,05-08-2024
C00938,F,45-54,Bronze,East,Bhubaneswar,30-11-2022
C00939,F,35-44,Silver,West,Ahmedabad,10-07-2020
C00940,F,25-34,Silver,East,Bhubaneswar,17-07-2022
C00941,F,55-64,Gold,North,Delhi,17-09-2020
C00942,M,35-44,Silver,South,Bengaluru,29-05-2022
C00943,F,25-34,Silver,South,Chennai,29-06-2020
C00944,M,45-54,Gold,South,Kochi,15-03-2021
C00945,F,18-24,Bronze,North,Delhi,25-02-2023
C00946,F,25-34,Gold,North,Lucknow,22-08-2023
C00947,M,35-44,Bronze,North,Lucknow,12-03-2021
C00948,F,18-24,Platinum,South,Chennai,25-11-2022
C00949,F,25-34,Gold,South,Bengaluru,25-01-2025
C00950,M,55-64,Bronze,Central,Bhopal,18-12-2024
C00951,F,35-44,Silver,South,Bengaluru,19-05-2024
C00952,M,25-34,Bronze,Central,Raipur,19-10-2024
C00953,F,18-24,Bronze,South,Chennai,09-07-2022
C00954,F,45-54,Bronze,Central,Raipur,05-05-2021
C00955,M,35-44,Gold,West,Mumbai,11-03-2025
C00956,M,25-34,Gold,West,Mumbai,07-04-2023
C00957,F,65+,Gold,East,Patna,01-08-2021
C00958,F,25-34,Bronze,North,Delhi,11-09-2024
C00959,F,55-64,Gold,West,Ahmedabad,01-12-2022
C00960,F,45-54,Bronze,Central,Indore,27-08-2022
C00961,M,18-24,Bronze,East,Bhubaneswar,26-01-2025
C00962,F,25-34,Bronze,Central,Raipur,04-05-2024
C00963,F,45-54,Silver,South,Hyderabad,02-11-2024
C00964,F,45-54,Platinum,North,Lucknow,21-02-2022
C00965,F,18-24,Silver,North,Chandigarh,19-09-2022
C00966,F,25-34,Bronze,East,Patna,26-06-2021
C00967,F,35-44,Bronze,West,Mumbai,23-01-2020
C00968,F,18-24,Silver,South,Bengaluru,10-04-2023
C00969,F,25-34,Bronze,North,Delhi,15-06-2024
C00970,F,45-54,Bronze,South,Chennai,17-07-2023
C00971,F,18-24,Gold,North,Delhi,27-04-2025
C00972,F,45-54,Bronze,North,Jaipur,03-03-2021
C00973,M,35-44,Silver,North,Lucknow,21-06-2021
C00974,F,55-64,Silver,South,Bengaluru,18-05-2022
C00975,F,45-54,Silver,South,Kochi,24-02-2020
C00976,M,35-44,Silver,East,Patna,23-05-2022
C00977,M,18-24,Bronze,South,Kochi,02-10-2022
C00978,M,25-34,Platinum,North,Chandigarh,11-09-2023
C00979,M,25-34,Silver,South,Bengaluru,17-08-2021
C00980,M,45-54,Gold,South,Kochi,29-06-2022
C00981,F,35-44,Bronze,North,Delhi,24-04-2022
C00982,M,25-34,Silver,East,Guwahati,10-12-2021
C00983,F,18-24,Silver,South,Hyderabad,10-08-2024
C00984,M,45-54,Bronze,East,Bhubaneswar,26-05-2022
C00985,F,55-64,Silver,Central,Indore,03-09-2020
C00986,M,55-64,Silver,South,Hyderabad,23-07-2022
C00987,F,45-54,Gold,East,Guwahati,25-02-2023
C00988,F,25-34,Bronze,East,Bhubaneswar,08-12-2023
C00989,F,18-24,Silver,South,Hyderabad,23-05-2020
C00990,F,45-54,Gold,East,Kolkata,30-05-2022
C00991,M,35-44,Platinum,North,Lucknow,26-09-2025
C00992,M,25-34,Gold,East,Patna,14-09-2022
C00993,F,35-44,Bronze,North,Lucknow,01-03-2021
C00994,M,65+,Bronze,Central,Nagpur,03-01-2023
C00995,M,18-24,Bronze,Central,Indore,07-12-2021
C00996,M,35-44,Bronze,North,Chandigarh,07-07-2023
C00997,F,55-64,Bronze,West,Pune,13-05-2020
C00998,M,25-34,Gold,North,Chandigarh,29-10-2021
C00999,F,65+,Silver,West,Mumbai,26-06-2023
C01000,M,25-34,Bronze,Central,Bhopal,09-05-2022
C01001,M,25-34,Silver,West,Ahmedabad,04-07-2025
C01002,F,18-24,Gold,West,Mumbai,04-12-2020
C01003,M,25-34,Bronze,South,Chennai,26-08-2021
C01004,M,35-44,Silver,East,Patna,21-02-2023
C01005,M,35-44,Bronze,Central,Raipur,22-10-2022
C01006,F,55-64,Silver,South,Chennai,09-07-2021
C01007,M,25-34,Silver,West,Ahmedabad,03-02-2023
C01008,F,18-24,Bronze,North,Delhi,27-05-2023
C01009,M,35-44,Silver,West,Pune,04-02-2023
C01010,M,35-44,Gold,West,Mumbai,11-01-2023
C01011,F,18-24,Silver,Central,Bhopal,29-08-2020
C01012,M,45-54,Bronze,North,Delhi,27-05-2025
C01013,M,55-64,Bronze,East,Patna,07-02-2023
C01014,F,25-34,Bronze,East,Kolkata,30-09-2020
C01015,M,35-44,Bronze,South,Bengaluru,28-07-2024
C01016,M,55-64,Bronze,North,Jaipur,05-05-2022
C01017,M,45-54,Bronze,Central,Nagpur,06-06-2025
C01018,M,35-44,Bronze,East,Patna,13-07-2024
C01019,M,18-24,Bronze,South,Kochi,21-01-2025
C01020,M,25-34,Silver,South,Bengaluru,19-05-2025
C01021,F,35-44,Bronze,North,Delhi,30-08-2022
C01022,F,45-54,Gold,Central,Bhopal,01-07-2020
C01023,F,25-34,Gold,West,Surat,22-11-2024
C01024,F,18-24,Bronze,North,Delhi,04-03-2022
C01025,M,65+,Silver,Central,Indore,11-03-2021
C01026,M,55-64,Gold,Central,Indore,07-11-2022
C01027,M,45-54,Gold,East,Guwahati,26-07-2025
C01028,F,45-54,Guest,East,Kolkata,15-10-2025
C01029,F,55-64,Gold,South,Chennai,12-05-2020
C01030,F,55-64,Bronze,South,Chennai,05-05-2022
C01031,M,25-34,Silver,West,Ahmedabad,17-12-2024
C01032,M,25-34,Silver,South,Bengaluru,02-12-2024
C01033,M,65+,Silver,South,Chennai,12-08-2023
C01034,M,35-44,Silver,Central,Indore,09-03-2025
C01035,M,25-34,Platinum,West,Pune,26-08-2025
C01036,F,45-54,Silver,East,Guwahati,23-09-2024
C01037,F,35-44,Silver,North,Chandigarh,10-09-2020
C01038,F,25-34,Bronze,East,Guwahati,10-08-2022
C01039,F,25-34,Gold,West,Mumbai,20-08-2021
C01040,M,45-54,Bronze,East,Guwahati,29-04-2025
C01041,M,25-34,Silver,Central,Bhopal,18-01-2022
C01042,M,55-64,Bronze,North,Lucknow,21-08-2024
C01043,M,25-34,Silver,North,Chandigarh,20-12-2020
C01044,M,45-54,Bronze,East,Bhubaneswar,27-09-2024
C01045,F,25-34,Silver,Central,Indore,08-05-2023
C01046,M,65+,Gold,Central,Bhopal,28-09-2023
C01047,M,18-24,Bronze,South,Bengaluru,21-11-2021
C01048,M,25-34,Bronze,South,Bengaluru,30-01-2025
C01049,M,18-24,Bronze,South,Chennai,24-06-2022
C01050,M,55-64,Bronze,West,Mumbai,04-03-2021
C01051,F,25-34,Bronze,East,Kolkata,09-03-2021
C01052,M,35-44,Silver,West,Ahmedabad,31-12-2024
C01053,M,25-34,Gold,West,Pune,05-02-2024
C01054,F,25-34,Bronze,Central,Bhopal,24-08-2023
C01055,F,55-64,Bronze,North,Delhi,06-08-2025
C01056,M,45-54,Gold,West,Pune,22-11-2024
C01057,M,35-44,Bronze,Central,Raipur,03-01-2020
C01058,F,18-24,Gold,North,Jaipur,10-01-2021
C01059,M,18-24,Bronze,East,Patna,04-03-2025
C01060,M,35-44,Platinum,West,Mumbai,18-12-2023
C01061,M,25-34,Bronze,South,Bengaluru,08-11-2023
C01062,M,45-54,Bronze,North,Lucknow,09-10-2020
C01063,M,35-44,Gold,West,Mumbai,20-04-2025
C01064,M,25-34,Bronze,Central,Raipur,27-02-2021
C01065,M,35-44,Gold,West,Ahmedabad,07-03-2025
C01066,F,45-54,Gold,West,Mumbai,12-03-2023
C01067,F,18-24,Gold,West,Mumbai,20-06-2025
C01068,F,25-34,Bronze,Central,Raipur,12-02-2020
C01069,M,25-34,Silver,South,Chennai,17-07-2023
C01070,F,55-64,Bronze,West,Surat,14-07-2020
C01071,M,35-44,Bronze,South,Kochi,14-08-2025
C01072,Other,45-54,Bronze,West,Pune,17-01-2021
C01073,F,45-54,Silver,East,Guwahati,10-08-2021
C01074,F,55-64,Platinum,East,Patna,05-05-2021
C01075,F,25-34,Gold,West,Surat,18-03-2025
C01076,M,45-54,Bronze,South,Chennai,21-03-2020
C01077,M,45-54,Silver,South,Bengaluru,30-04-2021
C01078,F,18-24,Gold,South,Chennai,12-04-2025
C01079,F,35-44,Bronze,Central,Bhopal,18-02-2021
C01080,F,45-54,Bronze,East,Kolkata,04-05-2021
C01081,M,45-54,Bronze,West,Pune,11-05-2025
C01082,F,55-64,Gold,North,Delhi,25-12-2024
C01083,M,25-34,Bronze,North,Lucknow,27-02-2025
C01084,M,45-54,Bronze,East,Patna,01-06-2020
C01085,Other,45-54,Bronze,South,Chennai,02-08-2022
C01086,M,35-44,Bronze,West,Pune,15-06-2023
C01087,F,45-54,Bronze,East,Patna,03-07-2021
C01088,M,25-34,Bronze,Central,Nagpur,24-08-2023
C01089,M,45-54,Gold,East,Kolkata,26-09-2020
C01090,M,35-44,Bronze,Central,Bhopal,04-01-2022
C01091,F,25-34,Silver,Central,Bhopal,09-12-2023
C01092,M,25-34,Platinum,East,Kolkata,22-03-2021
C01093,M,35-44,Bronze,Central,Indore,29-08-2020
C01094,F,55-64,Silver,Central,Indore,13-06-2022
C01095,F,25-34,Platinum,Central,Indore,16-12-2022
C01096,F,55-64,Gold,North,Jaipur,02-04-2025
C01097,M,18-24,Gold,Central,Raipur,11-05-2024
C01098,F,65+,Guest,East,Patna,28-05-2021
C01099,M,35-44,Silver,West,Ahmedabad,05-09-2023
C01100,M,35-44,Bronze,South,Hyderabad,06-04-2025
C01101,M,55-64,Bronze,Central,Nagpur,11-10-2023
C01102,M,18-24,Silver,North,Chandigarh,14-01-2022
C01103,F,18-24,Bronze,North,Jaipur,22-04-2025
C01104,F,55-64,Gold,East,Guwahati,24-09-2025
C01105,F,25-34,Silver,East,Guwahati,21-04-2025
C01106,M,35-44,Guest,Central,Indore,16-10-2021
C01107,M,55-64,Gold,East,Kolkata,22-01-2025
C01108,F,45-54,Silver,North,Jaipur,02-12-2021
C01109,M,45-54,Silver,North,Jaipur,05-01-2025
C01110,M,65+,Bronze,West,Pune,28-08-2023
C01111,M,25-34,Silver,South,Hyderabad,18-07-2023
C01112,M,35-44,Silver,Central,Bhopal,12-10-2020
C01113,M,18-24,Silver,South,Bengaluru,11-05-2023
C01114,M,55-64,Gold,East,Bhubaneswar,10-11-2024
C01115,M,55-64,Silver,Central,Raipur,14-02-2023
C01116,F,45-54,Guest,East,Guwahati,13-01-2025
C01117,M,25-34,Gold,East,Kolkata,24-11-2022
C01118,M,45-54,Gold,North,Lucknow,14-08-2025
C01119,F,35-44,Gold,West,Mumbai,11-07-2020
C01120,F,35-44,Bronze,Central,Indore,10-11-2024
C01121,M,35-44,Silver,West,Surat,04-10-2021
C01122,F,18-24,Bronze,South,Kochi,04-04-2022
C01123,F,25-34,Gold,East,Kolkata,12-12-2024
C01124,F,18-24,Silver,South,Kochi,05-11-2023
C01125,M,45-54,Gold,East,Kolkata,25-06-2021
C01126,F,55-64,Silver,East,Patna,15-08-2024
C01127,F,25-34,Platinum,North,Jaipur,30-06-2023
C01128,F,55-64,Silver,West,Mumbai,29-06-2022
C01129,M,25-34,Bronze,West,Pune,31-08-2025
C01130,F,18-24,Bronze,North,Jaipur,23-08-2025
C01131,M,25-34,Silver,Central,Raipur,29-09-2022
C01132,M,45-54,Silver,West,Mumbai,14-12-2022
C01133,F,18-24,Bronze,East,Patna,25-10-2021
C01134,F,25-34,Silver,South,Chennai,22-03-2023
C01135,M,55-64,Bronze,East,Guwahati,14-01-2023
C01136,F,18-24,Silver,South,Kochi,06-09-2021
C01137,F,55-64,Silver,North,Jaipur,25-11-2023
C01138,F,55-64,Silver,East,Patna,28-07-2024
C01139,F,35-44,Gold,Central,Bhopal,02-11-2023
C01140,M,25-34,Silver,South,Bengaluru,03-09-2023
C01141,F,45-54,Bronze,South,Hyderabad,28-08-2021
C01142,F,45-54,Silver,South,Chennai,22-03-2023
C01143,F,25-34,Bronze,East,Guwahati,20-11-2023
C01144,F,18-24,Silver,East,Kolkata,18-09-2024
C01145,M,35-44,Bronze,North,Chandigarh,09-06-2020
C01146,M,35-44,Bronze,Central,Raipur,21-02-2020
C01147,M,65+,Gold,East,Kolkata,20-04-2021
C01148,F,55-64,Gold,East,Patna,05-06-2024
C01149,M,45-54,Platinum,East,Patna,22-04-2024
C01150,M,55-64,Silver,South,Kochi,03-09-2022
C01151,F,35-44,Guest,West,Ahmedabad,29-08-2022
C01152,F,55-64,Silver,Central,Nagpur,15-12-2022
C01153,F,45-54,Platinum,North,Chandigarh,28-05-2020
C01154,M,25-34,Gold,North,Jaipur,14-04-2021
C01155,F,45-54,Bronze,South,Hyderabad,03-04-2021
C01156,M,35-44,Gold,Central,Raipur,11-01-2022
C01157,F,25-34,Bronze,West,Pune,14-04-2024
C01158,M,65+,Bronze,North,Chandigarh,06-05-2021
C01159,F,45-54,Silver,North,Lucknow,18-03-2023
C01160,F,35-44,Bronze,West,Pune,29-10-2021
C01161,F,55-64,Bronze,East,Kolkata,22-10-2023
C01162,M,55-64,Bronze,North,Lucknow,02-11-2020
C01163,F,18-24,Bronze,Central,Raipur,15-04-2023
C01164,F,18-24,Guest,North,Jaipur,11-06-2020
C01165,F,65+,Silver,South,Kochi,23-11-2020
C01166,F,25-34,Bronze,West,Ahmedabad,19-11-2020
C01167,F,25-34,Platinum,South,Bengaluru,02-01-2024
C01168,F,35-44,Silver,North,Jaipur,10-01-2024
C01169,Other,25-34,Silver,South,Chennai,13-08-2020
C01170,M,65+,Silver,East,Guwahati,19-02-2020
C01171,F,35-44,Bronze,East,Guwahati,03-09-2024
C01172,M,45-54,Silver,West,Pune,08-04-2020
C01173,F,55-64,Bronze,East,Patna,25-03-2025
C01174,M,35-44,Gold,North,Lucknow,01-03-2023
C01175,M,45-54,Bronze,Central,Raipur,15-01-2024
C01176,F,65+,Bronze,West,Surat,04-02-2022
C01177,F,45-54,Bronze,North,Delhi,27-11-2022
C01178,M,35-44,Bronze,North,Lucknow,12-09-2021
C01179,M,45-54,Gold,North,Jaipur,13-07-2021
C01180,Other,18-24,Bronze,East,Bhubaneswar,10-09-2020
C01181,F,65+,Bronze,Central,Nagpur,22-06-2024
C01182,F,45-54,Bronze,Central,Nagpur,17-11-2023
C01183,F,18-24,Guest,East,Kolkata,21-05-2024
C01184,F,35-44,Bronze,West,Surat,19-07-2025
C01185,F,35-44,Gold,East,Kolkata,22-09-2024
C01186,M,25-34,Gold,West,Pune,18-04-2021
C01187,F,25-34,Bronze,North,Lucknow,18-05-2024
C01188,F,45-54,Silver,South,Hyderabad,24-08-2024
C01189,M,65+,Gold,North,Jaipur,11-08-2021
C01190,F,35-44,Bronze,North,Jaipur,25-05-2021
C01191,M,45-54,Silver,West,Ahmedabad,23-02-2023
C01192,Other,25-34,Bronze,Central,Nagpur,07-12-2020
C01193,F,55-64,Silver,East,Kolkata,14-10-2025
C01194,M,65+,Gold,South,Chennai,29-06-2025
C01195,F,45-54,Gold,East,Patna,13-03-2021
C01196,Other,35-44,Gold,South,Hyderabad,08-11-2020
C01197,M,25-34,Bronze,West,Ahmedabad,21-05-2025
C01198,Other,55-64,Silver,South,Bengaluru,12-04-2021
C01199,F,25-34,Gold,North,Lucknow,02-08-2022
C01200,F,55-64,Gold,Central,Indore,28-04-2023
C01201,F,18-24,Platinum,East,Kolkata,19-10-2025
C01202,F,35-44,Silver,North,Delhi,22-12-2023
C01203,M,45-54,Gold,South,Hyderabad,01-05-2023
C01204,M,25-34,Bronze,West,Pune,22-04-2020
C01205,F,18-24,Guest,West,Surat,28-10-2020
C01206,F,25-34,Bronze,Central,Indore,01-04-2021
C01207,M,45-54,Bronze,East,Guwahati,14-03-2022
C01208,F,35-44,Gold,West,Surat,17-05-2020
C01209,M,45-54,Bronze,South,Kochi,18-04-2020
C01210,M,45-54,Gold,South,Kochi,14-09-2021
C01211,M,18-24,Silver,North,Jaipur,13-10-2024
C01212,M,25-34,Bronze,South,Chennai,03-02-2024
C01213,M,35-44,Silver,West,Ahmedabad,16-06-2021
C01214,M,25-34,Guest,South,Kochi,22-09-2023
C01215,F,45-54,Gold,North,Delhi,08-12-2022
C01216,M,25-34,Gold,North,Lucknow,18-02-2025
C01217,F,45-54,Bronze,North,Chandigarh,06-05-2024
C01218,F,45-54,Bronze,East,Guwahati,16-06-2020
C01219,M,45-54,Silver,North,Jaipur,09-02-2022
C01220,M,55-64,Gold,South,Chennai,06-03-2024
C01221,M,45-54,Silver,South,Hyderabad,28-11-2023
C01222,F,25-34,Bronze,North,Jaipur,07-10-2022
C01223,M,18-24,Bronze,West,Surat,02-09-2022
C01224,Other,25-34,Bronze,West,Pune,18-11-2021
C01225,F,45-54,Silver,South,Hyderabad,20-12-2023
C01226,F,65+,Silver,North,Jaipur,07-02-2024
C01227,F,18-24,Gold,North,Chandigarh,06-12-2021
C01228,M,25-34,Bronze,North,Jaipur,14-07-2025
C01229,F,25-34,Silver,North,Lucknow,08-05-2020
C01230,F,25-34,Platinum,South,Bengaluru,26-10-2023
C01231,Other,25-34,Bronze,Central,Bhopal,02-03-2023
C01232,M,35-44,Bronze,East,Guwahati,27-09-2022
C01233,M,35-44,Gold,West,Surat,01-10-2020
C01234,F,65+,Silver,West,Mumbai,10-02-2025
C01235,F,18-24,Bronze,Central,Bhopal,08-02-2020
C01236,F,55-64,Bronze,North,Delhi,09-02-2022
C01237,F,35-44,Bronze,North,Jaipur,07-04-2023
C01238,M,25-34,Guest,Central,Bhopal,24-06-2025
C01239,M,45-54,Silver,East,Kolkata,19-06-2020
C01240,M,65+,Silver,North,Lucknow,26-12-2021
C01241,Other,18-24,Silver,North,Delhi,17-07-2024
C01242,F,65+,Silver,South,Chennai,03-07-2020
C01243,F,18-24,Bronze,West,Surat,07-07-2021
C01244,M,25-34,Guest,North,Lucknow,20-01-2024
C01245,F,35-44,Silver,South,Chennai,02-09-2025
C01246,M,25-34,Platinum,North,Delhi,06-03-2025
C01247,M,25-34,Bronze,East,Patna,25-06-2021
C01248,F,45-54,Gold,Central,Nagpur,28-11-2020
C01249,F,55-64,Gold,West,Mumbai,25-01-2024
C01250,F,25-34,Bronze,East,Guwahati,25-04-2024
C01251,M,55-64,Silver,East,Patna,26-11-2021
C01252,F,65+,Bronze,West,Surat,13-05-2021
C01253,Other,25-34,Silver,West,Surat,21-06-2022
C01254,M,45-54,Guest,North,Chandigarh,18-09-2021
C01255,M,25-34,Bronze,North,Jaipur,22-05-2025
C01256,M,25-34,Gold,East,Bhubaneswar,21-08-2022
C01257,M,55-64,Gold,Central,Nagpur,13-09-2021
C01258,M,18-24,Bronze,South,Chennai,25-03-2025
C01259,M,45-54,Silver,North,Lucknow,03-12-2022
C01260,F,65+,Guest,South,Kochi,26-03-2025
C01261,F,45-54,Gold,South,Bengaluru,03-10-2025
C01262,M,45-54,Gold,South,Kochi,10-03-2023
C01263,M,18-24,Bronze,Central,Nagpur,04-08-2022
C01264,M,18-24,Silver,Central,Nagpur,18-04-2021
C01265,M,35-44,Bronze,East,Kolkata,07-02-2022
C01266,M,35-44,Bronze,North,Delhi,07-12-2024
C01267,F,45-54,Bronze,North,Lucknow,03-02-2023
C01268,F,25-34,Bronze,Central,Bhopal,30-08-2025
C01269,M,18-24,Bronze,East,Guwahati,23-11-2021
C01270,M,35-44,Silver,South,Kochi,14-02-2025
C01271,F,55-64,Bronze,Central,Raipur,21-09-2021
C01272,F,35-44,Bronze,South,Bengaluru,13-06-2024
C01273,F,18-24,Gold,South,Kochi,15-06-2025
C01274,F,45-54,Gold,North,Delhi,14-02-2020
C01275,M,45-54,Silver,East,Kolkata,01-02-2020
C01276,F,35-44,Silver,North,Lucknow,14-10-2022
C01277,F,65+,Guest,North,Jaipur,31-07-2022
C01278,M,65+,Bronze,South,Kochi,20-04-2022
C01279,F,18-24,Gold,East,Kolkata,05-01-2024
C01280,M,55-64,Bronze,West,Ahmedabad,12-02-2024
C01281,M,45-54,Bronze,West,Pune,10-12-2022
C01282,F,45-54,Bronze,South,Kochi,31-12-2024
C01283,F,25-34,Gold,South,Chennai,18-01-2024
C01284,F,55-64,Gold,South,Hyderabad,14-06-2020
C01285,F,65+,Bronze,South,Kochi,21-04-2023
C01286,F,45-54,Silver,East,Guwahati,30-08-2024
C01287,F,18-24,Bronze,North,Delhi,07-06-2021
C01288,F,45-54,Silver,West,Surat,12-10-2023
C01289,Other,55-64,Silver,South,Kochi,08-09-2020
C01290,M,55-64,Gold,West,Pune,24-06-2021
C01291,M,35-44,Bronze,South,Hyderabad,29-06-2025
C01292,M,25-34,Gold,South,Hyderabad,05-07-2020
C01293,F,25-34,Silver,Central,Raipur,08-04-2025
C01294,F,35-44,Silver,East,Bhubaneswar,07-02-2023
C01295,Other,18-24,Gold,Central,Raipur,02-09-2023
C01296,M,35-44,Bronze,West,Pune,29-01-2022
C01297,M,65+,Bronze,Central,Bhopal,08-01-2023
C01298,M,35-44,Gold,South,Kochi,16-11-2020
C01299,F,25-34,Silver,Central,Nagpur,27-04-2024
C01300,M,25-34,Silver,South,Chennai,06-05-2020
C01301,F,45-54,Bronze,South,Chennai,04-10-2024
C01302,F,18-24,Bronze,North,Delhi,26-05-2023
C01303,F,25-34,Bronze,Central,Nagpur,06-12-2020
C01304,F,35-44,Bronze,North,Lucknow,30-05-2020
C01305,F,18-24,Silver,West,Surat,15-01-2022
C01306,M,25-34,Gold,West,Mumbai,30-01-2020
C01307,M,55-64,Silver,East,Patna,19-10-2025
C01308,M,45-54,Bronze,Central,Nagpur,14-07-2024
C01309,F,18-24,Guest,West,Mumbai,12-08-2025
C01310,F,45-54,Gold,East,Patna,09-09-2024
C01311,M,55-64,Silver,Central,Raipur,17-08-2024
C01312,F,25-34,Platinum,Central,Raipur,30-05-2025
C01313,M,35-44,Bronze,Central,Bhopal,05-04-2021
C01314,F,35-44,Gold,East,Kolkata,19-03-2024
C01315,F,35-44,Silver,North,Lucknow,02-01-2022
C01316,M,45-54,Gold,South,Bengaluru,27-05-2023
C01317,F,45-54,Guest,West,Pune,19-09-2021
C01318,M,25-34,Gold,East,Guwahati,17-10-2024
C01319,F,35-44,Silver,South,Kochi,19-10-2020
C01320,F,45-54,Gold,North,Lucknow,20-03-2023
C01321,M,45-54,Gold,West,Ahmedabad,05-06-2024
C01322,M,45-54,Silver,North,Jaipur,30-10-2024
C01323,F,35-44,Bronze,Central,Bhopal,25-11-2020
C01324,F,35-44,Bronze,Central,Nagpur,16-01-2025
C01325,F,65+,Bronze,South,Chennai,26-12-2020
C01326,M,35-44,Guest,Central,Indore,05-09-2021
C01327,F,18-24,Gold,West,Surat,22-12-2023
C01328,M,45-54,Guest,West,Ahmedabad,15-10-2025
C01329,Other,25-34,Silver,South,Chennai,28-06-2023
C01330,F,55-64,Bronze,South,Kochi,07-04-2021
C01331,M,18-24,Silver,North,Jaipur,26-03-2024
C01332,F,45-54,Silver,North,Jaipur,07-07-2025
C01333,M,35-44,Gold,South,Chennai,12-10-2024
C01334,F,55-64,Silver,South,Chennai,07-12-2023
C01335,F,25-34,Bronze,West,Pune,28-10-2020
C01336,M,45-54,Gold,West,Surat,09-09-2024
C01337,M,25-34,Bronze,South,Chennai,20-01-2021
C01338,M,45-54,Silver,North,Chandigarh,01-04-2020
C01339,M,25-34,Silver,West,Mumbai,23-11-2022
C01340,Other,25-34,Gold,North,Jaipur,28-01-2022
C01341,F,35-44,Bronze,South,Chennai,25-04-2024
C01342,M,35-44,Bronze,North,Chandigarh,30-03-2021
C01343,M,25-34,Bronze,West,Pune,04-11-2022
C01344,F,45-54,Gold,South,Hyderabad,01-07-2023
C01345,M,35-44,Guest,West,Pune,17-02-2024
C01346,M,35-44,Silver,East,Kolkata,07-05-2022
C01347,F,18-24,Bronze,East,Patna,10-03-2021
C01348,M,65+,Silver,West,Ahmedabad,23-06-2024
C01349,M,45-54,Gold,East,Kolkata,03-07-2024
C01350,M,25-34,Silver,North,Jaipur,27-03-2022
C01351,F,55-64,Gold,West,Mumbai,07-12-2023
C01352,M,65+,Silver,North,Lucknow,08-08-2020
C01353,F,35-44,Platinum,West,Pune,04-09-2020
C01354,M,35-44,Bronze,West,Ahmedabad,23-03-2022
C01355,F,45-54,Silver,North,Chandigarh,07-08-2025
C01356,M,35-44,Silver,South,Bengaluru,29-05-2020
C01357,F,35-44,Silver,West,Surat,30-08-2024
C01358,M,25-34,Bronze,South,Kochi,13-01-2022
C01359,M,35-44,Bronze,Central,Nagpur,02-04-2024
C01360,F,65+,Bronze,North,Jaipur,29-11-2021
C01361,M,55-64,Gold,Central,Nagpur,12-04-2021
C01362,F,25-34,Silver,East,Kolkata,14-02-2023
C01363,F,18-24,Bronze,West,Surat,10-08-2020
C01364,F,55-64,Bronze,West,Ahmedabad,20-01-2024
C01365,F,35-44,Bronze,South,Hyderabad,03-08-2021
C01366,F,18-24,Silver,West,Surat,10-10-2021
C01367,M,25-34,Bronze,North,Delhi,20-05-2020
C01368,F,55-64,Bronze,East,Patna,05-11-2023
C01369,M,18-24,Silver,North,Lucknow,11-04-2024
C01370,M,35-44,Bronze,East,Patna,05-03-2024
C01371,M,18-24,Bronze,East,Bhubaneswar,23-03-2020
C01372,M,55-64,Gold,West,Surat,04-12-2023
C01373,F,18-24,Gold,West,Ahmedabad,02-09-2024
C01374,M,65+,Silver,South,Kochi,28-03-2022
C01375,F,35-44,Gold,Central,Raipur,02-12-2023
C01376,M,35-44,Bronze,West,Pune,16-02-2022
C01377,F,35-44,Silver,West,Surat,21-07-2023
C01378,F,45-54,Bronze,North,Lucknow,12-10-2020
C01379,F,35-44,Silver,North,Jaipur,05-07-2020
C01380,M,35-44,Gold,West,Ahmedabad,01-07-2023
C01381,F,35-44,Silver,East,Patna,06-06-2022
C01382,F,35-44,Silver,West,Surat,23-08-2022
C01383,M,25-34,Silver,South,Hyderabad,04-06-2023
C01384,M,55-64,Silver,Central,Bhopal,23-05-2020
C01385,F,45-54,Gold,North,Jaipur,09-01-2020
C01386,M,35-44,Gold,Central,Bhopal,04-04-2023
C01387,F,45-54,Silver,Central,Bhopal,28-10-2022
C01388,F,35-44,Silver,Central,Bhopal,11-10-2025
C01389,M,55-64,Platinum,North,Chandigarh,17-01-2021
C01390,F,25-34,Gold,East,Patna,04-12-2021
C01391,M,35-44,Bronze,West,Surat,04-05-2025
C01392,F,45-54,Gold,East,Patna,19-08-2025
C01393,M,35-44,Silver,East,Bhubaneswar,31-10-2024
C01394,F,55-64,Gold,South,Chennai,16-11-2022
C01395,F,35-44,Platinum,Central,Nagpur,17-11-2022
C01396,F,35-44,Bronze,West,Surat,12-09-2025
C01397,M,65+,Gold,South,Kochi,26-06-2021
C01398,F,45-54,Silver,South,Hyderabad,24-06-2023
C01399,F,55-64,Bronze,North,Chandigarh,30-05-2021
C01400,F,18-24,Silver,East,Kolkata,09-10-2024
C01401,M,25-34,Silver,South,Hyderabad,10-03-2023
C01402,F,45-54,Silver,South,Chennai,03-08-2023
C01403,F,18-24,Silver,South,Hyderabad,11-11-2024
C01404,F,55-64,Gold,Central,Nagpur,05-09-2021
C01405,F,35-44,Silver,Central,Bhopal,04-04-2024
C01406,M,65+,Bronze,Central,Nagpur,12-08-2020
C01407,M,45-54,Platinum,West,Pune,24-04-2024
C01408,M,18-24,Gold,North,Lucknow,12-01-2023
C01409,Other,35-44,Gold,South,Kochi,23-08-2025
C01410,F,35-44,Silver,West,Mumbai,11-06-2025
C01411,M,25-34,Silver,North,Jaipur,22-09-2023
C01412,F,25-34,Silver,Central,Indore,08-02-2025
C01413,M,55-64,Silver,Central,Indore,15-03-2024
C01414,M,35-44,Bronze,South,Chennai,26-12-2024
C01415,F,45-54,Bronze,North,Delhi,29-06-2022
C01416,Other,35-44,Silver,West,Mumbai,24-10-2025
C01417,F,35-44,Bronze,Central,Bhopal,18-01-2021
C01418,M,45-54,Silver,North,Chandigarh,29-11-2020
C01419,F,25-34,Silver,East,Patna,02-11-2023
C01420,M,55-64,Bronze,West,Surat,08-09-2025
C01421,M,45-54,Bronze,North,Jaipur,21-01-2020
C01422,M,18-24,Silver,Central,Bhopal,25-12-2021
C01423,F,45-54,Gold,West,Mumbai,22-12-2024
C01424,M,35-44,Bronze,East,Patna,08-03-2022
C01425,F,55-64,Bronze,West,Pune,02-08-2020
C01426,M,25-34,Gold,South,Bengaluru,09-11-2020
C01427,F,45-54,Bronze,East,Bhubaneswar,06-06-2024
C01428,F,18-24,Bronze,West,Surat,14-05-2020
C01429,F,35-44,Bronze,Central,Bhopal,14-10-2020
C01430,M,18-24,Bronze,Central,Indore,24-08-2020
C01431,M,55-64,Gold,West,Pune,20-08-2024
C01432,F,25-34,Bronze,Central,Bhopal,11-08-2020
C01433,F,45-54,Gold,West,Ahmedabad,21-06-2021
C01434,M,45-54,Bronze,North,Delhi,25-08-2025
C01435,F,25-34,Silver,South,Chennai,26-09-2021
C01436,F,35-44,Gold,North,Chandigarh,16-05-2025
C01437,F,65+,Bronze,South,Bengaluru,04-05-2022
C01438,F,35-44,Bronze,South,Hyderabad,06-10-2020
C01439,M,18-24,Gold,West,Surat,23-04-2021
C01440,F,55-64,Bronze,North,Delhi,08-03-2024
C01441,M,45-54,Guest,East,Kolkata,11-11-2023
C01442,F,45-54,Bronze,Central,Indore,26-09-2025
C01443,Other,25-34,Bronze,Central,Indore,06-03-2025
C01444,F,35-44,Bronze,Central,Raipur,06-08-2024
C01445,F,25-34,Platinum,South,Bengaluru,05-02-2023
C01446,F,45-54,Silver,North,Lucknow,28-03-2025
C01447,F,25-34,Guest,Central,Raipur,18-02-2023
C01448,F,65+,Silver,South,Chennai,05-07-2025
C01449,F,25-34,Silver,East,Guwahati,14-02-2020
C01450,F,45-54,Silver,Central,Indore,01-01-2022
C01451,F,35-44,Bronze,South,Hyderabad,12-09-2020
C01452,M,65+,Silver,North,Jaipur,28-11-2021
C01453,F,45-54,Bronze,Central,Bhopal,02-12-2024
C01454,M,35-44,Gold,East,Patna,01-08-2020
C01455,F,35-44,Bronze,East,Kolkata,09-07-2024
C01456,M,25-34,Bronze,West,Ahmedabad,02-07-2021
C01457,M,45-54,Silver,Central,Indore,05-04-2020
C01458,M,25-34,Bronze,Central,Nagpur,18-06-2022
C01459,F,45-54,Silver,North,Delhi,20-09-2024
C01460,F,25-34,Bronze,Central,Indore,16-12-2024
C01461,F,45-54,Bronze,Central,Nagpur,25-11-2022
C01462,F,55-64,Bronze,East,Kolkata,13-08-2022
C01463,M,45-54,Silver,West,Pune,20-12-2022
C01464,M,25-34,Gold,East,Guwahati,08-01-2024
C01465,F,45-54,Gold,East,Guwahati,03-11-2023
C01466,M,45-54,Gold,West,Pune,22-02-2022
C01467,F,25-34,Bronze,North,Delhi,28-07-2024
C01468,Other,55-64,Bronze,South,Bengaluru,01-01-2023
C01469,F,45-54,Gold,East,Patna,19-10-2025
C01470,F,45-54,Silver,West,Ahmedabad,08-12-2022
C01471,F,25-34,Silver,South,Hyderabad,19-12-2024
C01472,F,25-34,Platinum,West,Surat,12-08-2020
C01473,F,35-44,Silver,East,Bhubaneswar,28-10-2022
C01474,M,55-64,Bronze,West,Pune,21-03-2024
C01475,M,25-34,Bronze,North,Jaipur,09-06-2020
C01476,F,45-54,Platinum,West,Ahmedabad,16-06-2023
C01477,M,18-24,Bronze,East,Guwahati,06-10-2023
C01478,F,55-64,Bronze,Central,Nagpur,06-11-2022
C01479,F,55-64,Gold,West,Mumbai,17-05-2021
C01480,Other,18-24,Silver,North,Lucknow,04-11-2020
C01481,F,35-44,Silver,North,Lucknow,28-11-2021
C01482,M,35-44,Gold,West,Ahmedabad,10-09-2022
C01483,F,55-64,Gold,North,Delhi,04-11-2021
C01484,M,35-44,Bronze,South,Chennai,04-12-2021
C01485,Other,35-44,Bronze,South,Chennai,22-10-2023
C01486,M,25-34,Gold,West,Surat,05-11-2021
C01487,F,25-34,Silver,North,Chandigarh,04-06-2020
C01488,M,35-44,Bronze,South,Bengaluru,27-12-2021
C01489,F,35-44,Silver,East,Guwahati,23-06-2021
C01490,F,45-54,Bronze,North,Chandigarh,23-09-2025
C01491,M,45-54,Bronze,West,Surat,07-06-2022
C01492,F,45-54,Bronze,East,Bhubaneswar,21-02-2025
C01493,M,35-44,Bronze,East,Bhubaneswar,17-04-2025
C01494,F,55-64,Bronze,West,Pune,25-06-2024
C01495,F,18-24,Gold,Central,Nagpur,03-03-2022
C01496,M,55-64,Gold,Central,Nagpur,03-09-2021
C01497,F,25-34,Bronze,South,Chennai,16-07-2020
C01498,M,35-44,Silver,Central,Bhopal,29-07-2020
C01499,M,18-24,Bronze,South,Bengaluru,12-04-2023
C01500,M,35-44,Gold,Central,Nagpur,04-11-2024
C01501,M,18-24,Bronze,Central,Indore,20-01-2020
C01502,F,45-54,Bronze,North,Jaipur,21-12-2023
C01503,F,35-44,Bronze,West,Pune,11-03-2024
C01504,M,45-54,Gold,North,Chandigarh,13-08-2021
C01505,F,45-54,Bronze,West,Ahmedabad,24-10-2021
C01506,Other,35-44,Gold,West,Ahmedabad,01-11-2023
C01507,M,25-34,Bronze,North,Jaipur,17-08-2024
C01508,M,25-34,Gold,Central,Nagpur,22-09-2021
C01509,M,65+,Platinum,East,Kolkata,12-07-2025
C01510,M,35-44,Bronze,Central,Bhopal,16-06-2025
C01511,F,25-34,Bronze,East,Guwahati,28-05-2023
C01512,F,45-54,Gold,East,Kolkata,04-05-2024
C01513,F,45-54,Gold,North,Chandigarh,11-05-2022
C01514,F,55-64,Silver,South,Hyderabad,28-01-2022
C01515,M,25-34,Silver,Central,Nagpur,30-01-2022
C01516,F,25-34,Bronze,East,Kolkata,21-01-2025
C01517,M,35-44,Silver,West,Pune,22-06-2023
C01518,F,25-34,Bronze,Central,Indore,25-07-2023
C01519,F,65+,Bronze,Central,Bhopal,03-03-2021
C01520,M,45-54,Gold,Central,Bhopal,13-12-2023
C01521,M,65+,Guest,West,Mumbai,25-01-2021
C01522,F,35-44,Bronze,South,Chennai,08-11-2022
C01523,M,45-54,Silver,Central,Nagpur,27-01-2021
C01524,F,65+,Bronze,North,Chandigarh,10-02-2024
C01525,F,55-64,Gold,East,Bhubaneswar,16-02-2020
C01526,Other,65+,Bronze,Central,Indore,28-09-2020
C01527,M,25-34,Platinum,East,Bhubaneswar,21-01-2025
C01528,M,18-24,Gold,Central,Raipur,31-07-2020
C01529,F,25-34,Bronze,South,Chennai,26-08-2021
C01530,M,45-54,Guest,West,Mumbai,16-07-2025
C01531,F,45-54,Gold,West,Mumbai,25-10-2022
C01532,F,35-44,Silver,West,Mumbai,16-01-2021
C01533,M,25-34,Silver,South,Kochi,22-02-2020
C01534,F,45-54,Bronze,East,Kolkata,07-06-2023
C01535,F,45-54,Silver,East,Kolkata,08-06-2023
C01536,M,35-44,Silver,West,Surat,14-04-2020
C01537,M,65+,Gold,North,Chandigarh,30-12-2024
C01538,M,25-34,Silver,Central,Bhopal,13-08-2020
C01539,F,45-54,Bronze,North,Jaipur,29-04-2020
C01540,F,25-34,Bronze,East,Guwahati,16-03-2024
C01541,F,35-44,Bronze,West,Ahmedabad,29-09-2025
C01542,F,18-24,Silver,West,Ahmedabad,03-03-2023
C01543,F,25-34,Silver,Central,Nagpur,17-02-2020
C01544,M,45-54,Bronze,South,Kochi,27-05-2024
C01545,M,55-64,Silver,South,Chennai,16-02-2023
C01546,M,25-34,Gold,North,Jaipur,27-10-2021
C01547,F,55-64,Bronze,East,Guwahati,20-09-2020
C01548,M,35-44,Bronze,South,Bengaluru,08-06-2024
C01549,F,35-44,Gold,Central,Indore,07-09-2021
C01550,F,45-54,Bronze,Central,Nagpur,05-10-2021
C01551,M,65+,Silver,West,Pune,04-03-2021
C01552,M,45-54,Bronze,West,Surat,05-08-2021
C01553,Other,45-54,Silver,South,Chennai,20-03-2020
C01554,M,55-64,Silver,West,Ahmedabad,10-03-2025
C01555,F,25-34,Bronze,South,Bengaluru,10-09-2025
C01556,F,35-44,Gold,Central,Indore,26-11-2022
C01557,F,25-34,Silver,South,Chennai,13-01-2021
C01558,F,35-44,Bronze,South,Hyderabad,04-12-2022
C01559,F,25-34,Bronze,Central,Indore,02-06-2025
C01560,F,35-44,Silver,Central,Indore,01-01-2020
C01561,F,35-44,Bronze,North,Jaipur,27-06-2025
C01562,M,35-44,Bronze,Central,Nagpur,28-01-2021
C01563,M,45-54,Bronze,North,Lucknow,30-11-2024
C01564,M,45-54,Silver,West,Ahmedabad,27-01-2020
C01565,F,45-54,Gold,West,Ahmedabad,27-06-2023
C01566,F,35-44,Gold,East,Patna,20-08-2022
C01567,F,35-44,Silver,Central,Indore,18-04-2023
C01568,F,25-34,Bronze,East,Kolkata,21-11-2021
C01569,M,35-44,Silver,East,Patna,31-01-2024
C01570,F,35-44,Silver,Central,Raipur,13-11-2020
C01571,M,35-44,Bronze,Central,Raipur,28-11-2022
C01572,M,35-44,Bronze,Central,Bhopal,10-07-2024
C01573,M,45-54,Bronze,South,Chennai,02-02-2021
C01574,M,45-54,Silver,East,Kolkata,14-03-2022
C01575,F,25-34,Bronze,Central,Indore,26-01-2021
C01576,F,25-34,Bronze,East,Patna,17-01-2023
C01577,M,65+,Silver,East,Guwahati,09-05-2025
C01578,F,18-24,Gold,East,Patna,04-02-2022
C01579,F,45-54,Silver,West,Pune,28-06-2022
C01580,F,35-44,Bronze,South,Hyderabad,26-01-2021
C01581,F,35-44,Gold,South,Hyderabad,25-04-2022
C01582,F,35-44,Silver,East,Guwahati,22-03-2020
C01583,F,45-54,Silver,West,Surat,14-03-2025
C01584,M,35-44,Silver,North,Lucknow,22-05-2022
C01585,F,55-64,Gold,South,Bengaluru,13-12-2022
C01586,F,25-34,Gold,North,Delhi,13-03-2021
C01587,M,25-34,Guest,Central,Raipur,01-09-2025
C01588,M,55-64,Bronze,West,Mumbai,07-07-2021
C01589,M,45-54,Silver,East,Guwahati,12-08-2022
C01590,Other,35-44,Bronze,Central,Nagpur,10-10-2021
C01591,F,35-44,Gold,West,Mumbai,04-06-2021
C01592,F,25-34,Platinum,South,Chennai,03-05-2024
C01593,M,35-44,Bronze,North,Jaipur,27-06-2020
C01594,Other,65+,Bronze,Central,Bhopal,30-09-2020
C01595,F,35-44,Gold,West,Ahmedabad,10-09-2024
C01596,M,35-44,Gold,West,Pune,19-09-2021
C01597,F,25-34,Guest,North,Jaipur,06-09-2025
C01598,F,35-44,Bronze,South,Hyderabad,26-08-2024
C01599,M,45-54,Bronze,North,Delhi,01-01-2022
C01600,M,35-44,Guest,North,Delhi,14-09-2025
C01601,F,25-34,Silver,North,Lucknow,08-09-2024
C01602,F,35-44,Silver,Central,Raipur,20-06-2024
C01603,Other,45-54,Bronze,Central,Bhopal,10-04-2024
C01604,M,18-24,Platinum,East,Kolkata,17-04-2025
C01605,M,18-24,Gold,East,Kolkata,13-11-2023
C01606,F,55-64,Silver,West,Ahmedabad,18-01-2020
C01607,F,35-44,Gold,West,Pune,03-11-2022
C01608,F,25-34,Silver,South,Chennai,26-06-2021
C01609,F,45-54,Silver,Central,Bhopal,02-02-2025
C01610,F,35-44,Gold,East,Patna,05-06-2023
C01611,M,18-24,Silver,West,Surat,06-03-2025
C01612,M,55-64,Silver,Central,Indore,17-10-2024
C01613,M,35-44,Bronze,West,Pune,16-09-2022
C01614,F,45-54,Bronze,East,Patna,25-02-2020
C01615,F,25-34,Silver,South,Kochi,12-10-2024
C01616,M,25-34,Bronze,South,Bengaluru,17-02-2021
C01617,M,35-44,Silver,Central,Nagpur,21-08-2021
C01618,M,35-44,Silver,West,Surat,07-01-2024
C01619,F,55-64,Silver,West,Ahmedabad,30-08-2023
C01620,M,35-44,Bronze,Central,Raipur,05-07-2025
C01621,M,35-44,Bronze,East,Guwahati,13-10-2023
C01622,F,45-54,Bronze,Central,Nagpur,30-03-2020
C01623,F,35-44,Bronze,South,Hyderabad,09-08-2021
C01624,M,18-24,Gold,Central,Raipur,22-10-2023
C01625,M,45-54,Bronze,North,Jaipur,30-09-2020
C01626,M,55-64,Bronze,West,Ahmedabad,20-01-2021
C01627,F,25-34,Gold,North,Chandigarh,25-08-2024
C01628,F,25-34,Gold,East,Kolkata,28-07-2020
C01629,M,45-54,Bronze,North,Lucknow,29-08-2023
C01630,M,55-64,Gold,North,Jaipur,26-07-2020
C01631,F,25-34,Bronze,South,Chennai,25-08-2025
C01632,F,45-54,Gold,South,Kochi,05-05-2022
C01633,F,25-34,Silver,South,Hyderabad,11-07-2025
C01634,M,45-54,Bronze,Central,Nagpur,26-08-2023
C01635,F,35-44,Bronze,North,Delhi,22-09-2021
C01636,M,35-44,Bronze,Central,Raipur,17-05-2024
C01637,F,35-44,Bronze,East,Bhubaneswar,17-04-2020
C01638,M,65+,Gold,South,Bengaluru,25-11-2023
C01639,F,35-44,Bronze,Central,Indore,21-08-2025
C01640,M,18-24,Silver,North,Delhi,02-03-2021
C01641,F,18-24,Guest,Central,Raipur,28-07-2020
C01642,F,25-34,Silver,Central,Raipur,04-05-2020
C01643,M,25-34,Bronze,Central,Raipur,17-10-2023
C01644,F,45-54,Gold,Central,Nagpur,04-04-2025
C01645,F,45-54,Silver,East,Kolkata,01-08-2021
C01646,F,45-54,Bronze,Central,Indore,24-07-2024
C01647,F,45-54,Silver,South,Bengaluru,03-05-2024
C01648,F,18-24,Silver,West,Ahmedabad,30-03-2022
C01649,F,18-24,Bronze,West,Mumbai,16-01-2021
C01650,M,25-34,Bronze,North,Jaipur,16-10-2022
C01651,F,35-44,Platinum,West,Ahmedabad,29-10-2020
C01652,F,25-34,Silver,South,Bengaluru,18-03-2021
C01653,F,25-34,Silver,Central,Raipur,14-08-2023
C01654,M,35-44,Bronze,Central,Bhopal,12-02-2024
C01655,M,35-44,Gold,Central,Raipur,10-09-2020
C01656,M,25-34,Gold,West,Pune,12-01-2021
C01657,M,35-44,Bronze,West,Mumbai,22-11-2021
C01658,F,45-54,Platinum,East,Guwahati,02-01-2020
C01659,F,45-54,Bronze,South,Chennai,09-04-2023
C01660,M,35-44,Silver,East,Kolkata,20-04-2023
C01661,M,45-54,Bronze,Central,Nagpur,01-02-2025
C01662,F,35-44,Bronze,North,Chandigarh,27-06-2023
C01663,F,45-54,Platinum,Central,Nagpur,30-06-2025
C01664,M,35-44,Silver,West,Mumbai,04-10-2023
C01665,F,45-54,Silver,East,Bhubaneswar,19-03-2025
C01666,F,25-34,Bronze,North,Delhi,13-06-2025
C01667,F,25-34,Bronze,West,Pune,04-01-2022
C01668,F,55-64,Silver,East,Guwahati,26-05-2022
C01669,M,18-24,Silver,West,Mumbai,02-08-2023
C01670,F,35-44,Bronze,South,Chennai,13-06-2023
C01671,M,35-44,Bronze,Central,Bhopal,16-02-2024
C01672,M,45-54,Gold,Central,Indore,25-01-2020
C01673,F,45-54,Guest,East,Guwahati,12-06-2020
C01674,M,65+,Gold,Central,Raipur,25-03-2025
C01675,F,25-34,Gold,West,Mumbai,09-03-2022
C01676,F,45-54,Bronze,East,Guwahati,19-01-2021
C01677,F,25-34,Gold,South,Kochi,29-06-2021
C01678,F,25-34,Bronze,East,Kolkata,06-07-2025
C01679,F,35-44,Silver,South,Kochi,24-11-2021
C01680,M,18-24,Silver,East,Kolkata,29-05-2020
C01681,M,45-54,Bronze,North,Delhi,11-09-2023
C01682,F,55-64,Platinum,East,Kolkata,03-12-2021
C01683,F,25-34,Bronze,Central,Raipur,21-06-2023
C01684,Other,18-24,Bronze,North,Delhi,12-06-2021
C01685,F,35-44,Bronze,East,Guwahati,02-02-2024
C01686,F,45-54,Gold,West,Surat,29-12-2022
C01687,M,45-54,Bronze,North,Jaipur,12-01-2025
C01688,M,35-44,Silver,Central,Bhopal,04-02-2021
C01689,F,55-64,Silver,Central,Indore,11-06-2022
C01690,F,35-44,Bronze,West,Ahmedabad,17-05-2021
C01691,F,45-54,Bronze,South,Chennai,27-02-2023
C01692,M,25-34,Gold,West,Mumbai,05-09-2021
C01693,M,35-44,Bronze,Central,Bhopal,17-06-2024
C01694,M,65+,Bronze,South,Bengaluru,28-06-2023
C01695,F,25-34,Bronze,West,Surat,23-06-2020
C01696,F,25-34,Silver,Central,Indore,27-05-2025
C01697,M,35-44,Bronze,Central,Bhopal,04-03-2022
C01698,F,25-34,Bronze,East,Patna,19-05-2022
C01699,F,35-44,Bronze,North,Lucknow,11-03-2021
C01700,F,35-44,Bronze,East,Guwahati,13-12-2024
C01701,F,35-44,Silver,North,Delhi,01-10-2022
C01702,M,45-54,Silver,North,Jaipur,14-02-2025
C01703,M,45-54,Guest,East,Patna,01-09-2021
C01704,M,55-64,Silver,North,Lucknow,12-08-2021
C01705,F,25-34,Gold,North,Delhi,25-04-2025
C01706,M,25-34,Silver,Central,Indore,11-11-2024
C01707,F,25-34,Bronze,South,Bengaluru,30-07-2023
C01708,F,45-54,Bronze,West,Surat,19-03-2024
C01709,F,25-34,Bronze,South,Hyderabad,31-08-2020
C01710,M,45-54,Gold,North,Delhi,28-03-2020
C01711,F,18-24,Bronze,North,Delhi,06-06-2025
C01712,M,25-34,Silver,East,Kolkata,06-07-2024
C01713,M,25-34,Silver,West,Ahmedabad,07-05-2021
C01714,F,45-54,Silver,Central,Raipur,27-03-2021
C01715,M,55-64,Bronze,West,Surat,02-02-2023
C01716,F,25-34,Silver,West,Pune,31-03-2023
C01717,F,45-54,Silver,East,Kolkata,02-03-2023
C01718,M,55-64,Guest,Central,Raipur,09-01-2021
C01719,M,55-64,Gold,North,Chandigarh,12-03-2024
C01720,F,25-34,Gold,Central,Indore,04-03-2023
C01721,M,35-44,Bronze,North,Jaipur,06-08-2024
C01722,M,35-44,Silver,South,Hyderabad,24-09-2021
C01723,M,25-34,Bronze,North,Lucknow,11-12-2022
C01724,M,25-34,Silver,North,Delhi,23-02-2020
C01725,M,25-34,Guest,South,Kochi,03-07-2021
C01726,F,45-54,Bronze,Central,Indore,07-09-2022
C01727,M,35-44,Silver,West,Ahmedabad,05-04-2025
C01728,M,45-54,Gold,East,Bhubaneswar,11-08-2023
C01729,M,25-34,Guest,East,Kolkata,23-06-2023
C01730,F,35-44,Bronze,East,Patna,13-09-2023
C01731,F,35-44,Gold,West,Ahmedabad,31-05-2025
C01732,F,55-64,Bronze,East,Bhubaneswar,04-08-2024
C01733,F,35-44,Guest,Central,Bhopal,04-12-2020
C01734,F,45-54,Bronze,East,Guwahati,22-02-2020
C01735,F,55-64,Bronze,East,Bhubaneswar,20-07-2023
C01736,F,45-54,Bronze,East,Bhubaneswar,25-10-2023
C01737,F,18-24,Bronze,West,Surat,26-07-2023
C01738,M,25-34,Bronze,West,Surat,16-12-2021
C01739,F,35-44,Silver,North,Delhi,11-02-2025
C01740,Other,45-54,Gold,Central,Nagpur,27-02-2022
C01741,F,35-44,Bronze,North,Delhi,16-09-2022
C01742,M,45-54,Bronze,East,Kolkata,21-02-2022
C01743,M,35-44,Gold,East,Kolkata,11-03-2021
C01744,M,45-54,Silver,East,Patna,16-07-2020
C01745,F,45-54,Silver,East,Patna,08-11-2020
C01746,F,35-44,Gold,North,Lucknow,13-05-2025
C01747,M,18-24,Silver,South,Kochi,10-05-2025
C01748,F,45-54,Gold,West,Surat,10-03-2023
C01749,F,45-54,Guest,Central,Raipur,06-01-2025
C01750,M,25-34,Gold,North,Delhi,09-11-2023
C01751,F,35-44,Bronze,Central,Raipur,01-05-2023
C01752,M,25-34,Gold,West,Surat,17-04-2020
C01753,F,25-34,Silver,Central,Bhopal,17-04-2024
C01754,M,45-54,Silver,East,Patna,14-05-2020
C01755,M,35-44,Guest,South,Kochi,05-05-2021
C01756,M,45-54,Platinum,West,Mumbai,21-05-2024
C01757,F,35-44,Bronze,North,Lucknow,11-07-2023
C01758,F,35-44,Bronze,South,Hyderabad,11-01-2022
C01759,F,65+,Bronze,Central,Raipur,06-04-2024
C01760,Other,35-44,Silver,South,Bengaluru,18-07-2024
C01761,F,35-44,Bronze,West,Surat,27-10-2021
C01762,M,35-44,Guest,South,Kochi,30-05-2022
C01763,F,45-54,Silver,North,Chandigarh,07-04-2025
C01764,M,18-24,Bronze,West,Mumbai,21-10-2022
C01765,F,25-34,Silver,East,Patna,27-05-2022
C01766,M,25-34,Silver,North,Chandigarh,03-09-2020
C01767,F,55-64,Guest,West,Surat,07-08-2022
C01768,M,35-44,Silver,South,Chennai,08-07-2024
C01769,F,25-34,Silver,Central,Nagpur,17-03-2021
C01770,M,35-44,Bronze,West,Surat,24-02-2025
C01771,M,35-44,Silver,South,Bengaluru,08-03-2021
C01772,F,25-34,Bronze,East,Bhubaneswar,26-02-2023
C01773,F,25-34,Bronze,West,Surat,29-09-2022
C01774,F,65+,Silver,East,Patna,04-02-2025
C01775,M,18-24,Bronze,Central,Indore,27-08-2023
C01776,F,45-54,Platinum,North,Delhi,17-07-2020
C01777,F,35-44,Bronze,North,Lucknow,01-10-2021
C01778,F,25-34,Guest,East,Bhubaneswar,10-05-2022
C01779,F,18-24,Bronze,West,Mumbai,18-09-2023
C01780,F,55-64,Silver,West,Mumbai,22-12-2021
C01781,F,35-44,Bronze,Central,Bhopal,16-08-2022
C01782,M,25-34,Bronze,West,Pune,10-02-2021
C01783,M,25-34,Bronze,South,Bengaluru,18-07-2022
C01784,Other,25-34,Bronze,West,Surat,22-08-2020
C01785,M,45-54,Gold,North,Jaipur,06-11-2022
C01786,M,18-24,Gold,North,Delhi,14-01-2024
C01787,F,45-54,Bronze,North,Jaipur,28-11-2024
C01788,M,25-34,Bronze,West,Mumbai,26-03-2022
C01789,F,25-34,Gold,Central,Bhopal,03-09-2022
C01790,F,35-44,Silver,North,Chandigarh,15-01-2024
C01791,F,45-54,Bronze,Central,Indore,30-05-2025
C01792,M,45-54,Bronze,South,Chennai,01-06-2023
C01793,F,18-24,Silver,North,Jaipur,01-02-2020
C01794,F,25-34,Silver,East,Kolkata,31-01-2023
C01795,F,25-34,Silver,East,Patna,14-04-2025
C01796,Other,25-34,Bronze,West,Pune,10-06-2021
C01797,F,35-44,Silver,Central,Raipur,03-09-2022
C01798,M,18-24,Guest,West,Ahmedabad,23-04-2022
C01799,Other,55-64,Bronze,North,Jaipur,16-04-2025
C01800,M,65+,Silver,East,Guwahati,21-04-2020
C01801,Other,25-34,Bronze,West,Surat,15-06-2025
C01802,Other,65+,Bronze,Central,Bhopal,15-01-2023
C01803,M,25-34,Silver,East,Guwahati,06-07-2025
C01804,M,25-34,Gold,West,Mumbai,02-08-2025
C01805,F,55-64,Silver,North,Jaipur,18-02-2020
C01806,F,25-34,Bronze,East,Kolkata,14-06-2020
C01807,F,45-54,Platinum,East,Guwahati,30-10-2021
C01808,F,45-54,Guest,Central,Nagpur,23-12-2022
C01809,M,45-54,Gold,North,Chandigarh,22-04-2023
C01810,F,45-54,Silver,East,Bhubaneswar,29-06-2022
C01811,M,35-44,Silver,East,Bhubaneswar,02-04-2022
C01812,F,45-54,Silver,North,Jaipur,14-02-2023
C01813,M,18-24,Guest,South,Chennai,25-06-2024
C01814,F,18-24,Gold,South,Chennai,25-06-2021
C01815,F,35-44,Silver,North,Chandigarh,18-08-2023
C01816,M,65+,Guest,East,Patna,26-10-2020
C01817,F,25-34,Bronze,Central,Raipur,05-02-2020
C01818,M,25-34,Silver,South,Hyderabad,28-08-2024
C01819,F,55-64,Bronze,North,Lucknow,16-03-2025
C01820,M,18-24,Silver,East,Kolkata,07-04-2020
C01821,F,35-44,Silver,North,Delhi,22-03-2020
C01822,F,18-24,Bronze,West,Pune,17-04-2025
C01823,M,25-34,Bronze,North,Lucknow,26-10-2021
C01824,M,55-64,Silver,East,Patna,17-11-2024
C01825,M,25-34,Silver,Central,Raipur,29-04-2021
C01826,F,55-64,Silver,North,Chandigarh,24-04-2023
C01827,M,45-54,Silver,East,Patna,10-08-2021
C01828,F,35-44,Gold,East,Bhubaneswar,03-03-2021
C01829,M,18-24,Bronze,Central,Nagpur,25-10-2025
C01830,M,18-24,Bronze,Central,Raipur,25-08-2021
C01831,M,35-44,Gold,East,Bhubaneswar,01-10-2025
C01832,F,25-34,Platinum,West,Surat,26-08-2021
C01833,M,35-44,Gold,North,Lucknow,13-10-2024
C01834,Other,35-44,Bronze,South,Kochi,31-05-2022
C01835,M,25-34,Silver,Central,Bhopal,29-06-2025
C01836,M,18-24,Bronze,North,Delhi,19-07-2020
C01837,F,35-44,Silver,West,Mumbai,20-06-2024
C01838,F,55-64,Silver,North,Jaipur,15-10-2024
C01839,M,25-34,Silver,North,Chandigarh,28-03-2021
C01840,F,55-64,Gold,Central,Nagpur,07-03-2020
C01841,M,55-64,Gold,West,Surat,12-03-2023
C01842,F,45-54,Bronze,South,Kochi,29-05-2024
C01843,F,35-44,Bronze,West,Ahmedabad,26-10-2025
C01844,M,35-44,Silver,West,Surat,23-11-2024
C01845,F,35-44,Bronze,South,Hyderabad,29-06-2025
C01846,Other,25-34,Silver,North,Delhi,25-11-2023
C01847,F,25-34,Bronze,North,Delhi,10-06-2022
C01848,M,25-34,Silver,Central,Bhopal,03-10-2025
C01849,M,25-34,Guest,North,Lucknow,04-03-2024
C01850,M,18-24,Silver,Central,Raipur,17-10-2022
C01851,M,25-34,Silver,South,Hyderabad,03-05-2024
C01852,M,55-64,Gold,Central,Nagpur,28-06-2025
C01853,M,45-54,Bronze,South,Chennai,15-05-2022
C01854,F,65+,Silver,North,Lucknow,23-02-2020
C01855,F,18-24,Guest,South,Bengaluru,18-07-2024
C01856,F,45-54,Bronze,South,Kochi,17-09-2020
C01857,F,25-34,Gold,West,Ahmedabad,28-06-2021
C01858,M,35-44,Bronze,North,Jaipur,04-07-2023
C01859,M,65+,Platinum,Central,Raipur,03-06-2021
C01860,M,35-44,Bronze,South,Hyderabad,29-01-2025
C01861,M,55-64,Silver,North,Lucknow,05-12-2022
C01862,M,18-24,Bronze,Central,Nagpur,06-09-2020
C01863,F,45-54,Gold,East,Kolkata,08-03-2025
C01864,M,35-44,Guest,West,Ahmedabad,04-09-2025
C01865,M,45-54,Platinum,East,Patna,11-08-2025
C01866,M,35-44,Gold,West,Ahmedabad,13-08-2020
C01867,M,45-54,Silver,West,Surat,30-04-2022
C01868,F,25-34,Bronze,South,Bengaluru,06-04-2023
C01869,F,55-64,Bronze,South,Kochi,10-07-2024
C01870,F,35-44,Silver,South,Kochi,04-05-2022
C01871,F,45-54,Silver,South,Chennai,02-04-2020
C01872,M,25-34,Silver,South,Bengaluru,27-01-2022
C01873,M,45-54,Bronze,East,Guwahati,30-07-2020
C01874,M,35-44,Bronze,West,Mumbai,31-03-2024
C01875,F,25-34,Silver,East,Patna,06-12-2024
C01876,M,35-44,Bronze,North,Chandigarh,01-08-2022
C01877,F,45-54,Platinum,West,Pune,13-09-2022
C01878,F,35-44,Bronze,East,Kolkata,27-12-2021
C01879,F,35-44,Gold,South,Chennai,04-07-2025
C01880,M,55-64,Silver,North,Chandigarh,15-10-2023
C01881,F,25-34,Silver,Central,Bhopal,29-07-2024
C01882,M,25-34,Silver,East,Bhubaneswar,05-04-2022
C01883,M,25-34,Platinum,North,Delhi,23-02-2021
C01884,M,55-64,Bronze,West,Mumbai,09-08-2020
C01885,F,18-24,Silver,West,Ahmedabad,23-02-2025
C01886,Other,35-44,Gold,North,Chandigarh,05-11-2023
C01887,M,35-44,Gold,East,Patna,13-02-2023
C01888,F,25-34,Guest,West,Pune,07-10-2021
C01889,M,25-34,Silver,West,Surat,30-01-2021
C01890,F,25-34,Gold,West,Mumbai,23-04-2025
C01891,M,35-44,Gold,South,Hyderabad,28-06-2025
C01892,M,35-44,Bronze,South,Chennai,15-04-2020
C01893,Other,55-64,Gold,Central,Nagpur,23-07-2025
C01894,M,25-34,Bronze,East,Kolkata,25-01-2023
C01895,M,35-44,Bronze,Central,Indore,27-09-2023
C01896,M,65+,Bronze,West,Pune,29-11-2024
C01897,F,35-44,Gold,East,Patna,18-06-2020
C01898,M,45-54,Gold,East,Bhubaneswar,24-01-2020
C01899,M,55-64,Bronze,West,Surat,14-01-2022
C01900,M,18-24,Bronze,West,Ahmedabad,02-07-2022
C01901,M,25-34,Silver,North,Chandigarh,05-09-2024
C01902,M,65+,Bronze,South,Kochi,21-01-2025
C01903,M,35-44,Silver,North,Delhi,16-07-2020
C01904,M,25-34,Bronze,East,Kolkata,12-03-2024
C01905,M,25-34,Bronze,Central,Indore,20-01-2023
C01906,Other,25-34,Silver,South,Hyderabad,14-02-2022
C01907,M,55-64,Silver,North,Chandigarh,12-07-2022
C01908,F,25-34,Gold,Central,Indore,22-05-2021
C01909,F,55-64,Bronze,North,Delhi,17-12-2021
C01910,F,45-54,Bronze,Central,Raipur,29-10-2021
C01911,F,65+,Silver,East,Bhubaneswar,22-06-2022
C01912,M,45-54,Platinum,South,Kochi,23-05-2024
C01913,F,35-44,Bronze,Central,Raipur,13-12-2023
C01914,M,25-34,Bronze,North,Delhi,22-06-2021
C01915,M,65+,Bronze,West,Pune,16-10-2022
C01916,M,25-34,Gold,South,Hyderabad,06-05-2021
C01917,M,45-54,Bronze,East,Guwahati,01-05-2022
C01918,M,55-64,Gold,West,Ahmedabad,18-01-2022
C01919,M,65+,Bronze,East,Bhubaneswar,29-03-2021
C01920,F,25-34,Bronze,Central,Indore,05-04-2025
C01921,M,25-34,Bronze,East,Kolkata,25-01-2021
C01922,M,25-34,Silver,West,Surat,29-01-2024
C01923,F,25-34,Guest,South,Chennai,15-02-2025
C01924,M,18-24,Bronze,North,Delhi,13-11-2023
C01925,F,45-54,Silver,Central,Raipur,05-04-2020
C01926,F,45-54,Bronze,North,Delhi,29-05-2021
C01927,F,35-44,Platinum,East,Kolkata,15-11-2023
C01928,F,45-54,Bronze,East,Patna,14-01-2025
C01929,M,18-24,Bronze,West,Pune,24-06-2020
C01930,F,35-44,Gold,East,Guwahati,15-03-2025
C01931,M,25-34,Silver,West,Surat,01-07-2021
C01932,F,18-24,Bronze,West,Mumbai,05-09-2023
C01933,M,55-64,Bronze,North,Chandigarh,13-06-2022
C01934,M,45-54,Gold,South,Bengaluru,14-02-2021
C01935,F,25-34,Bronze,North,Chandigarh,28-08-2025
C01936,M,25-34,Silver,North,Jaipur,08-04-2020
C01937,M,55-64,Bronze,East,Bhubaneswar,12-08-2022
C01938,F,45-54,Bronze,South,Hyderabad,06-08-2020
C01939,M,18-24,Bronze,Central,Indore,01-07-2024
C01940,F,35-44,Gold,South,Kochi,15-05-2025
C01941,M,25-34,Guest,North,Delhi,10-10-2024
C01942,M,25-34,Gold,Central,Indore,23-05-2022
C01943,M,45-54,Silver,South,Hyderabad,01-02-2022
C01944,M,25-34,Bronze,North,Lucknow,24-08-2023
C01945,M,55-64,Guest,South,Bengaluru,19-11-2023
C01946,M,18-24,Gold,South,Kochi,24-05-2021
C01947,F,55-64,Bronze,East,Bhubaneswar,15-02-2020
C01948,M,18-24,Silver,North,Delhi,18-07-2024
C01949,M,45-54,Silver,West,Ahmedabad,27-11-2024
C01950,F,45-54,Bronze,North,Delhi,20-03-2023
C01951,F,45-54,Gold,East,Patna,28-10-2025
C01952,M,18-24,Gold,North,Chandigarh,21-02-2020
C01953,F,55-64,Bronze,South,Kochi,15-08-2023
C01954,F,25-34,Bronze,North,Delhi,09-09-2024
C01955,F,35-44,Guest,West,Surat,05-10-2024
C01956,M,55-64,Gold,West,Mumbai,08-06-2020
C01957,M,35-44,Bronze,South,Kochi,24-11-2020
C01958,M,25-34,Gold,South,Chennai,03-02-2021
C01959,F,35-44,Bronze,East,Patna,16-07-2024
C01960,F,55-64,Guest,South,Kochi,27-09-2024
C01961,F,25-34,Bronze,Central,Nagpur,31-08-2021
C01962,M,35-44,Silver,East,Guwahati,30-06-2021
C01963,M,25-34,Bronze,West,Ahmedabad,14-03-2024
C01964,F,25-34,Bronze,South,Kochi,01-02-2021
C01965,M,18-24,Gold,East,Guwahati,03-08-2021
C01966,M,65+,Silver,East,Patna,28-05-2024
C01967,M,25-34,Gold,North,Chandigarh,24-03-2020
C01968,M,25-34,Gold,Central,Bhopal,16-10-2024
C01969,M,18-24,Silver,South,Hyderabad,01-08-2020
C01970,M,25-34,Bronze,North,Lucknow,07-10-2022
C01971,F,55-64,Silver,East,Guwahati,20-10-2021
C01972,M,35-44,Gold,West,Mumbai,22-11-2024
C01973,F,18-24,Silver,East,Guwahati,23-02-2025
C01974,M,35-44,Bronze,South,Chennai,06-09-2023
C01975,M,45-54,Bronze,South,Hyderabad,18-09-2022
C01976,F,25-34,Bronze,West,Ahmedabad,25-03-2025
C01977,F,45-54,Bronze,North,Chandigarh,30-03-2022
C01978,M,25-34,Bronze,East,Kolkata,09-12-2021
C01979,F,35-44,Platinum,North,Chandigarh,02-02-2024
C01980,F,55-64,Bronze,South,Bengaluru,25-04-2022
C01981,M,55-64,Bronze,West,Surat,18-09-2020
C01982,F,65+,Gold,Central,Raipur,10-01-2024
C01983,F,25-34,Bronze,South,Chennai,05-09-2021
C01984,F,45-54,Bronze,Central,Bhopal,16-01-2022
C01985,M,45-54,Silver,East,Bhubaneswar,06-04-2023
C01986,Other,55-64,Bronze,West,Pune,12-10-2022
C01987,F,45-54,Bronze,East,Guwahati,07-05-2025
C01988,F,55-64,Gold,East,Patna,10-08-2023
C01989,Other,65+,Silver,East,Kolkata,02-06-2020
C01990,M,25-34,Gold,Central,Nagpur,10-12-2023
C01991,M,25-34,Silver,West,Ahmedabad,25-07-2021
C01992,F,25-34,Gold,Central,Nagpur,16-07-2023
C01993,F,55-64,Gold,West,Surat,29-10-2024
C01994,M,45-54,Gold,West,Mumbai,15-07-2021
C01995,F,45-54,Bronze,North,Delhi,05-03-2025
C01996,F,25-34,Gold,West,Ahmedabad,08-10-2020
C01997,F,25-34,Silver,West,Mumbai,15-12-2022
C01998,F,35-44,Bronze,Central,Indore,21-07-2022
C01999,F,45-54,Bronze,South,Chennai,16-08-2023
C02000,F,65+,Gold,Central,Raipur,04-07-2022
C02001,F,18-24,Gold,West,Mumbai,24-01-2023
C02002,M,45-54,Silver,East,Guwahati,04-06-2022
C02003,M,35-44,Gold,Central,Indore,02-08-2025
C02004,M,45-54,Gold,Central,Indore,12-02-2025
C02005,F,35-44,Bronze,South,Bengaluru,09-08-2023
C02006,M,45-54,Silver,East,Guwahati,23-09-2021
C02007,M,45-54,Bronze,South,Kochi,04-01-2022
C02008,F,18-24,Silver,South,Kochi,31-10-2020
C02009,M,45-54,Gold,North,Delhi,21-03-2024
C02010,Other,18-24,Platinum,West,Surat,18-01-2020
C02011,M,55-64,Guest,West,Pune,09-10-2025
C02012,F,25-34,Bronze,East,Bhubaneswar,25-03-2022
C02013,F,35-44,Silver,West,Ahmedabad,04-08-2020
C02014,F,25-34,Silver,West,Ahmedabad,21-10-2020
C02015,F,25-34,Bronze,South,Bengaluru,25-05-2021
C02016,F,18-24,Gold,North,Lucknow,29-09-2021
C02017,M,35-44,Silver,West,Mumbai,04-05-2024
C02018,M,35-44,Bronze,East,Kolkata,09-05-2024
C02019,F,25-34,Silver,South,Chennai,22-08-2025
C02020,F,65+,Bronze,East,Guwahati,24-11-2021
C02021,F,18-24,Bronze,North,Lucknow,05-10-2023
C02022,M,35-44,Bronze,East,Patna,19-11-2020
C02023,M,25-34,Bronze,South,Hyderabad,07-06-2024
C02024,M,25-34,Gold,East,Kolkata,02-10-2021
C02025,M,35-44,Silver,South,Hyderabad,04-01-2025
C02026,M,35-44,Silver,East,Patna,19-05-2021
C02027,M,25-34,Bronze,North,Jaipur,02-03-2025
C02028,F,35-44,Guest,North,Lucknow,29-09-2023
C02029,F,55-64,Gold,North,Chandigarh,21-06-2023
C02030,M,45-54,Bronze,West,Surat,26-10-2024
C02031,M,18-24,Gold,Central,Bhopal,11-03-2020
C02032,M,65+,Platinum,West,Surat,06-06-2021
C02033,M,25-34,Silver,West,Mumbai,25-11-2022
C02034,M,35-44,Bronze,South,Bengaluru,03-03-2025
C02035,M,35-44,Guest,South,Bengaluru,08-03-2023
C02036,M,45-54,Bronze,East,Kolkata,12-05-2020
C02037,F,45-54,Platinum,Central,Bhopal,10-04-2022
C02038,F,35-44,Gold,East,Kolkata,23-10-2023
C02039,F,65+,Bronze,South,Kochi,02-10-2022
C02040,M,25-34,Silver,Central,Nagpur,18-06-2025
C02041,F,35-44,Bronze,East,Guwahati,23-10-2020
C02042,F,35-44,Silver,East,Bhubaneswar,03-08-2023
C02043,M,25-34,Bronze,East,Guwahati,14-08-2024
C02044,M,45-54,Gold,West,Pune,01-09-2025
C02045,M,65+,Silver,North,Chandigarh,12-12-2024
C02046,F,18-24,Bronze,East,Kolkata,06-01-2020
C02047,F,55-64,Bronze,South,Hyderabad,27-04-2022
C02048,F,35-44,Bronze,South,Chennai,27-06-2021
C02049,M,55-64,Bronze,West,Surat,02-10-2022
C02050,M,25-34,Gold,South,Chennai,26-11-2021
C02051,M,35-44,Bronze,Central,Indore,18-04-2022
C02052,F,65+,Gold,East,Kolkata,16-04-2020
C02053,M,35-44,Gold,South,Bengaluru,21-08-2021
C02054,F,18-24,Gold,South,Kochi,12-07-2021
C02055,M,55-64,Bronze,Central,Indore,01-03-2023
C02056,M,25-34,Silver,North,Delhi,04-05-2020
C02057,M,65+,Bronze,East,Patna,06-03-2024
C02058,M,35-44,Silver,East,Guwahati,26-02-2024
C02059,M,45-54,Platinum,North,Delhi,26-11-2024
C02060,F,25-34,Bronze,Central,Indore,15-02-2024
C02061,M,45-54,Silver,East,Bhubaneswar,20-11-2020
C02062,M,45-54,Bronze,North,Delhi,04-04-2025
C02063,M,25-34,Gold,North,Jaipur,15-11-2024
C02064,M,25-34,Bronze,North,Chandigarh,20-12-2024
C02065,M,25-34,Bronze,North,Chandigarh,20-07-2021
C02066,M,35-44,Gold,North,Chandigarh,15-05-2022
C02067,M,35-44,Gold,Central,Raipur,15-03-2022
C02068,M,65+,Bronze,South,Chennai,13-01-2024
C02069,F,55-64,Silver,South,Kochi,07-12-2023
C02070,M,25-34,Silver,North,Jaipur,29-08-2023
C02071,M,25-34,Bronze,South,Bengaluru,23-02-2022
C02072,M,25-34,Bronze,North,Lucknow,31-07-2020
C02073,F,45-54,Bronze,West,Mumbai,08-11-2023
C02074,F,35-44,Silver,East,Kolkata,21-07-2021
C02075,M,35-44,Guest,North,Lucknow,15-06-2022
C02076,M,55-64,Gold,East,Patna,25-07-2024
C02077,M,35-44,Bronze,North,Lucknow,15-02-2025
C02078,Other,18-24,Bronze,West,Mumbai,05-07-2022
C02079,M,25-34,Silver,North,Jaipur,13-07-2022
C02080,M,35-44,Silver,Central,Nagpur,26-04-2021
C02081,M,25-34,Bronze,South,Bengaluru,02-10-2025
C02082,M,35-44,Gold,East,Kolkata,14-07-2020
C02083,F,55-64,Bronze,South,Bengaluru,08-01-2024
C02084,F,65+,Platinum,East,Kolkata,16-02-2022
C02085,F,45-54,Silver,Central,Indore,05-10-2022
C02086,M,45-54,Bronze,South,Hyderabad,03-10-2021
C02087,M,25-34,Gold,East,Guwahati,30-12-2024
C02088,F,45-54,Bronze,West,Surat,01-07-2021
C02089,F,55-64,Bronze,West,Surat,20-01-2020
C02090,F,18-24,Gold,North,Jaipur,10-03-2021
C02091,M,35-44,Bronze,Central,Bhopal,28-10-2020
C02092,F,35-44,Gold,South,Hyderabad,20-01-2025
C02093,F,55-64,Silver,North,Jaipur,28-11-2023
C02094,F,25-34,Bronze,South,Kochi,11-07-2025
C02095,F,18-24,Bronze,East,Kolkata,27-10-2025
C02096,F,55-64,Guest,Central,Bhopal,21-07-2023
C02097,M,45-54,Bronze,South,Hyderabad,25-10-2025
C02098,M,18-24,Bronze,Central,Raipur,16-08-2021
C02099,F,35-44,Platinum,East,Patna,28-03-2020
C02100,M,35-44,Bronze,East,Guwahati,10-04-2024
C02101,F,25-34,Platinum,West,Pune,06-04-2022
C02102,Other,55-64,Gold,South,Chennai,05-03-2020
C02103,F,25-34,Bronze,North,Lucknow,29-07-2020
C02104,M,18-24,Silver,Central,Raipur,01-03-2022
C02105,Other,35-44,Bronze,East,Bhubaneswar,18-08-2023
C02106,F,25-34,Bronze,North,Delhi,01-07-2021
C02107,F,65+,Gold,East,Patna,14-02-2025
C02108,M,65+,Silver,East,Kolkata,14-09-2022
C02109,F,35-44,Bronze,North,Lucknow,05-05-2022
C02110,F,18-24,Gold,North,Lucknow,13-10-2023
C02111,M,25-34,Gold,West,Pune,07-03-2021
C02112,M,45-54,Gold,West,Mumbai,25-10-2020
C02113,M,65+,Bronze,South,Bengaluru,22-06-2023
C02114,F,25-34,Silver,Central,Bhopal,02-11-2021
C02115,M,25-34,Silver,West,Ahmedabad,22-12-2022
C02116,M,65+,Gold,South,Hyderabad,06-09-2023
C02117,F,25-34,Silver,East,Guwahati,12-03-2020
C02118,M,55-64,Bronze,Central,Raipur,31-08-2025
C02119,M,45-54,Bronze,East,Bhubaneswar,14-03-2022
C02120,M,25-34,Silver,North,Lucknow,30-03-2024
C02121,F,18-24,Guest,East,Bhubaneswar,11-02-2020
C02122,F,55-64,Gold,North,Chandigarh,05-08-2020
C02123,F,45-54,Silver,West,Pune,15-04-2023
C02124,M,65+,Gold,West,Surat,04-01-2021
C02125,F,18-24,Silver,Central,Raipur,23-06-2020
C02126,F,25-34,Silver,West,Surat,06-09-2020
C02127,M,45-54,Bronze,North,Delhi,24-10-2022
C02128,F,25-34,Silver,East,Guwahati,26-08-2021
C02129,F,55-64,Bronze,North,Lucknow,25-01-2020
C02130,M,55-64,Bronze,East,Kolkata,10-11-2021
C02131,F,45-54,Silver,West,Surat,16-03-2024
C02132,M,18-24,Bronze,East,Guwahati,26-04-2024
C02133,M,55-64,Gold,East,Bhubaneswar,09-10-2025
C02134,F,35-44,Silver,Central,Bhopal,10-12-2021
C02135,F,45-54,Silver,Central,Indore,03-01-2023
C02136,M,35-44,Bronze,South,Hyderabad,01-10-2022
C02137,F,35-44,Silver,East,Bhubaneswar,24-08-2022
C02138,F,25-34,Gold,West,Pune,09-12-2022
C02139,F,35-44,Bronze,North,Lucknow,28-08-2021
C02140,F,25-34,Gold,Central,Bhopal,21-11-2021
C02141,M,25-34,Bronze,South,Bengaluru,25-08-2025
C02142,F,35-44,Gold,East,Bhubaneswar,09-04-2021
C02143,Other,25-34,Bronze,Central,Nagpur,11-05-2022
C02144,F,55-64,Silver,Central,Indore,04-02-2021
C02145,M,25-34,Bronze,North,Chandigarh,08-01-2022
C02146,M,25-34,Silver,South,Chennai,07-01-2025
C02147,M,25-34,Bronze,West,Surat,25-09-2025
C02148,F,25-34,Silver,East,Bhubaneswar,08-11-2024
C02149,F,65+,Silver,West,Ahmedabad,11-09-2024
C02150,M,25-34,Silver,South,Bengaluru,24-07-2022
C02151,M,25-34,Bronze,Central,Raipur,19-01-2024
C02152,F,25-34,Bronze,North,Chandigarh,29-08-2025
C02153,F,45-54,Gold,East,Guwahati,06-12-2020
C02154,F,25-34,Gold,South,Bengaluru,01-09-2021
C02155,Other,35-44,Bronze,South,Chennai,29-05-2025
C02156,F,45-54,Guest,West,Surat,18-11-2024
C02157,F,55-64,Bronze,South,Chennai,12-08-2024
C02158,M,18-24,Bronze,South,Hyderabad,04-02-2021
C02159,F,25-34,Bronze,East,Bhubaneswar,16-08-2024
C02160,M,25-34,Bronze,Central,Raipur,13-04-2022
C02161,M,45-54,Bronze,North,Delhi,21-09-2021
C02162,M,45-54,Platinum,West,Surat,21-06-2020
C02163,F,55-64,Bronze,West,Pune,06-07-2025
C02164,M,18-24,Bronze,Central,Indore,13-03-2021
C02165,F,25-34,Silver,North,Delhi,17-05-2023
C02166,M,35-44,Bronze,North,Jaipur,09-03-2020
C02167,F,45-54,Bronze,South,Hyderabad,21-07-2020
C02168,F,45-54,Bronze,North,Chandigarh,05-03-2024
C02169,M,35-44,Silver,West,Mumbai,12-08-2025
C02170,M,35-44,Bronze,Central,Bhopal,02-12-2024
C02171,F,18-24,Guest,South,Hyderabad,21-04-2020
C02172,F,25-34,Gold,West,Surat,27-06-2022
C02173,M,18-24,Silver,South,Chennai,02-10-2022
C02174,F,55-64,Gold,South,Bengaluru,04-06-2020
C02175,F,65+,Silver,South,Kochi,26-05-2025
C02176,F,35-44,Bronze,East,Kolkata,17-10-2024
C02177,M,55-64,Silver,South,Chennai,17-10-2023
C02178,F,35-44,Guest,South,Bengaluru,13-12-2022
C02179,F,35-44,Silver,North,Chandigarh,26-12-2021
C02180,M,45-54,Bronze,East,Guwahati,08-07-2020
C02181,M,25-34,Bronze,Central,Raipur,07-07-2024
C02182,F,65+,Silver,South,Chennai,23-05-2020
C02183,F,35-44,Guest,South,Bengaluru,27-07-2024
C02184,F,55-64,Silver,Central,Indore,27-05-2024
C02185,F,45-54,Gold,North,Chandigarh,30-10-2022
C02186,M,45-54,Platinum,North,Lucknow,15-12-2024
C02187,F,35-44,Bronze,East,Bhubaneswar,29-10-2023
C02188,M,25-34,Guest,South,Kochi,30-03-2025
C02189,M,35-44,Gold,East,Patna,11-04-2023
C02190,F,35-44,Bronze,West,Ahmedabad,22-10-2020
C02191,M,35-44,Bronze,East,Bhubaneswar,03-12-2022
C02192,F,25-34,Platinum,Central,Indore,07-07-2024
C02193,M,35-44,Platinum,Central,Indore,29-04-2021
C02194,F,35-44,Gold,West,Pune,29-08-2025
C02195,F,25-34,Gold,South,Bengaluru,21-09-2020
C02196,Other,25-34,Gold,North,Chandigarh,20-12-2020
C02197,M,65+,Bronze,West,Surat,13-05-2023
C02198,M,35-44,Silver,Central,Raipur,06-05-2023
C02199,F,18-24,Bronze,North,Lucknow,24-02-2024
C02200,F,35-44,Platinum,East,Bhubaneswar,21-06-2025
C02201,M,35-44,Bronze,West,Mumbai,17-03-2020
C02202,M,35-44,Gold,Central,Indore,03-09-2021
C02203,F,25-34,Silver,Central,Nagpur,13-04-2023
C02204,M,65+,Bronze,West,Surat,13-07-2020
C02205,M,25-34,Gold,West,Surat,19-11-2022
C02206,F,55-64,Silver,East,Patna,06-09-2022
C02207,F,25-34,Silver,West,Pune,21-11-2022
C02208,M,18-24,Bronze,West,Ahmedabad,04-04-2023
C02209,M,18-24,Silver,South,Kochi,02-04-2020
C02210,M,65+,Gold,East,Guwahati,05-01-2022
C02211,M,35-44,Silver,North,Delhi,20-03-2025
C02212,M,35-44,Bronze,Central,Nagpur,20-09-2023
C02213,F,35-44,Bronze,East,Guwahati,03-07-2021
C02214,M,45-54,Guest,South,Hyderabad,13-08-2020
C02215,F,25-34,Silver,South,Chennai,09-06-2025
C02216,F,35-44,Silver,Central,Bhopal,05-08-2022
C02217,M,55-64,Guest,East,Guwahati,01-05-2025
C02218,Other,45-54,Guest,South,Chennai,27-09-2025
C02219,F,25-34,Bronze,North,Chandigarh,17-07-2024
C02220,M,45-54,Bronze,North,Delhi,14-02-2025
C02221,M,55-64,Gold,West,Ahmedabad,29-03-2021
C02222,M,35-44,Silver,West,Pune,23-07-2025
C02223,F,35-44,Silver,East,Patna,24-06-2022
C02224,F,45-54,Bronze,Central,Raipur,21-07-2020
C02225,F,25-34,Silver,East,Patna,13-02-2024
C02226,M,25-34,Gold,South,Kochi,25-09-2025
C02227,F,45-54,Silver,Central,Bhopal,04-06-2023
C02228,M,55-64,Gold,North,Jaipur,23-09-2024
C02229,F,35-44,Silver,South,Chennai,23-12-2021
C02230,M,25-34,Gold,West,Ahmedabad,27-03-2021
C02231,M,45-54,Silver,West,Surat,05-02-2022
C02232,F,25-34,Gold,South,Hyderabad,08-12-2020
C02233,M,18-24,Silver,North,Delhi,09-01-2025
C02234,M,45-54,Silver,Central,Nagpur,07-05-2021
C02235,M,18-24,Bronze,Central,Indore,15-03-2021
C02236,F,45-54,Silver,North,Lucknow,14-10-2022
C02237,F,35-44,Bronze,South,Hyderabad,13-11-2023
C02238,M,35-44,Bronze,West,Surat,21-11-2024
C02239,F,25-34,Bronze,South,Bengaluru,31-05-2024
C02240,M,45-54,Gold,East,Bhubaneswar,13-11-2021
C02241,M,55-64,Gold,South,Hyderabad,25-10-2022
C02242,M,35-44,Platinum,West,Ahmedabad,21-10-2024
C02243,M,35-44,Silver,East,Patna,12-05-2022
C02244,F,65+,Gold,West,Mumbai,21-08-2020
C02245,F,35-44,Bronze,North,Jaipur,30-11-2022
C02246,M,25-34,Bronze,West,Surat,01-11-2024
C02247,F,35-44,Gold,South,Hyderabad,13-05-2020
C02248,M,25-34,Bronze,Central,Bhopal,12-10-2020
C02249,M,18-24,Guest,East,Patna,15-06-2022
C02250,F,25-34,Bronze,West,Surat,01-05-2021
C02251,M,18-24,Gold,Central,Bhopal,23-01-2020
C02252,F,18-24,Bronze,Central,Raipur,23-11-2020
C02253,M,35-44,Gold,Central,Raipur,06-11-2021
C02254,F,35-44,Silver,Central,Nagpur,16-01-2023
C02255,M,45-54,Gold,East,Patna,04-09-2023
C02256,F,18-24,Silver,North,Chandigarh,05-07-2025
C02257,F,25-34,Silver,West,Surat,28-04-2021
C02258,F,18-24,Silver,West,Surat,31-03-2022
C02259,M,25-34,Bronze,South,Bengaluru,23-07-2025
C02260,F,45-54,Silver,West,Mumbai,14-08-2024
C02261,M,35-44,Platinum,West,Pune,09-08-2023
C02262,M,35-44,Silver,West,Mumbai,27-06-2023
C02263,F,45-54,Silver,East,Kolkata,25-07-2021
C02264,M,25-34,Bronze,North,Delhi,06-08-2025
C02265,Other,25-34,Bronze,North,Jaipur,20-03-2022
C02266,M,35-44,Bronze,South,Bengaluru,26-08-2025
C02267,F,25-34,Silver,East,Bhubaneswar,07-11-2023
C02268,M,25-34,Gold,East,Bhubaneswar,10-05-2021
C02269,M,65+,Gold,North,Jaipur,14-01-2020
C02270,M,25-34,Gold,West,Ahmedabad,07-05-2025
C02271,F,55-64,Silver,North,Chandigarh,03-02-2023
C02272,F,45-54,Gold,Central,Indore,30-01-2020
C02273,F,25-34,Silver,East,Bhubaneswar,08-07-2023
C02274,F,18-24,Gold,South,Hyderabad,21-03-2021
C02275,M,25-34,Bronze,South,Kochi,13-10-2021
C02276,F,35-44,Silver,Central,Raipur,15-10-2021
C02277,M,55-64,Silver,East,Guwahati,25-11-2024
C02278,F,35-44,Bronze,East,Kolkata,07-03-2020
C02279,F,45-54,Bronze,West,Surat,22-12-2023
C02280,F,35-44,Silver,East,Guwahati,29-11-2023
C02281,M,45-54,Gold,West,Mumbai,28-03-2021
C02282,M,18-24,Gold,South,Hyderabad,24-02-2023
C02283,F,45-54,Bronze,East,Patna,21-07-2022
C02284,F,25-34,Silver,Central,Nagpur,07-02-2021
C02285,F,55-64,Bronze,East,Kolkata,23-01-2021
C02286,F,18-24,Bronze,North,Lucknow,27-05-2025
C02287,M,25-34,Silver,West,Surat,14-01-2023
C02288,M,55-64,Bronze,North,Lucknow,03-10-2021
C02289,F,25-34,Gold,West,Pune,03-05-2022
C02290,M,45-54,Bronze,East,Patna,12-01-2024
C02291,M,65+,Bronze,West,Ahmedabad,05-08-2022
C02292,M,45-54,Silver,South,Hyderabad,19-09-2024
C02293,M,35-44,Silver,West,Ahmedabad,07-04-2021
C02294,F,35-44,Bronze,Central,Indore,01-10-2024
C02295,M,55-64,Silver,South,Bengaluru,25-06-2020
C02296,Other,18-24,Bronze,West,Pune,22-06-2024
C02297,M,55-64,Silver,Central,Bhopal,29-09-2022
C02298,M,45-54,Platinum,West,Ahmedabad,13-06-2020
C02299,M,55-64,Guest,North,Delhi,05-12-2024
C02300,F,45-54,Gold,West,Mumbai,27-06-2023
C02301,F,35-44,Silver,North,Jaipur,18-09-2020
C02302,F,45-54,Gold,East,Guwahati,11-01-2021
C02303,F,45-54,Bronze,West,Surat,24-09-2024
C02304,F,18-24,Platinum,Central,Bhopal,07-07-2024
C02305,M,25-34,Silver,South,Kochi,07-11-2023
C02306,M,55-64,Silver,South,Chennai,25-03-2020
C02307,M,45-54,Platinum,North,Jaipur,18-04-2020
C02308,M,45-54,Silver,East,Guwahati,31-08-2022
C02309,M,55-64,Silver,South,Kochi,16-08-2025
C02310,M,18-24,Silver,North,Jaipur,18-07-2021
C02311,M,65+,Bronze,West,Surat,17-09-2024
C02312,M,45-54,Bronze,North,Delhi,24-04-2025
C02313,M,55-64,Silver,Central,Raipur,12-03-2024
C02314,F,65+,Bronze,Central,Bhopal,16-12-2021
C02315,M,18-24,Bronze,North,Jaipur,29-11-2020
C02316,F,35-44,Gold,South,Kochi,22-12-2024
C02317,F,25-34,Bronze,North,Lucknow,22-05-2024
C02318,M,45-54,Silver,West,Surat,16-05-2022
C02319,F,45-54,Guest,Central,Raipur,06-01-2022
C02320,M,25-34,Gold,East,Bhubaneswar,05-05-2023
C02321,F,65+,Silver,Central,Nagpur,15-08-2023
C02322,F,18-24,Silver,South,Bengaluru,28-04-2025
C02323,M,45-54,Bronze,East,Guwahati,24-02-2024
C02324,M,25-34,Bronze,West,Ahmedabad,10-03-2021
C02325,F,45-54,Bronze,North,Jaipur,13-02-2022
C02326,M,25-34,Silver,West,Pune,04-06-2023
C02327,F,25-34,Bronze,East,Kolkata,18-08-2020
C02328,M,35-44,Silver,East,Kolkata,24-01-2021
C02329,M,35-44,Bronze,East,Kolkata,10-05-2023
C02330,M,35-44,Gold,West,Mumbai,06-07-2022
C02331,M,35-44,Bronze,East,Guwahati,08-04-2023
C02332,M,25-34,Bronze,South,Bengaluru,07-05-2023
C02333,M,55-64,Gold,West,Ahmedabad,25-11-2023
C02334,F,25-34,Bronze,West,Pune,20-10-2023
C02335,Other,35-44,Bronze,East,Bhubaneswar,16-08-2023
C02336,M,25-34,Bronze,West,Pune,08-09-2022
C02337,F,45-54,Bronze,South,Hyderabad,27-04-2020
C02338,F,45-54,Platinum,South,Bengaluru,29-09-2021
C02339,F,25-34,Bronze,North,Chandigarh,30-11-2020
C02340,M,35-44,Bronze,North,Chandigarh,20-09-2024
C02341,M,45-54,Silver,Central,Indore,08-05-2025
C02342,F,18-24,Silver,East,Kolkata,27-02-2020
C02343,F,25-34,Bronze,North,Jaipur,09-08-2025
C02344,F,18-24,Silver,West,Pune,28-07-2025
C02345,M,35-44,Gold,South,Chennai,03-03-2020
C02346,F,35-44,Platinum,East,Patna,03-02-2024
C02347,M,55-64,Bronze,East,Guwahati,21-06-2024
C02348,M,55-64,Silver,North,Delhi,20-09-2023
C02349,M,65+,Bronze,West,Surat,20-06-2021
C02350,F,18-24,Gold,Central,Bhopal,04-12-2020
C02351,F,35-44,Silver,West,Mumbai,30-10-2021
C02352,F,35-44,Gold,West,Mumbai,02-03-2023
C02353,F,45-54,Gold,West,Surat,22-02-2025
C02354,M,65+,Guest,South,Hyderabad,18-03-2022
C02355,F,55-64,Gold,West,Ahmedabad,09-05-2025
C02356,M,45-54,Bronze,Central,Bhopal,01-06-2021
C02357,F,45-54,Bronze,West,Mumbai,05-12-2023
C02358,F,35-44,Bronze,North,Delhi,08-07-2021
C02359,F,25-34,Bronze,Central,Indore,09-10-2021
C02360,Other,65+,Platinum,Central,Bhopal,23-04-2020
C02361,F,18-24,Gold,West,Ahmedabad,06-01-2021
C02362,F,35-44,Bronze,West,Pune,28-03-2021
C02363,M,65+,Gold,West,Mumbai,08-12-2023
C02364,F,25-34,Silver,North,Jaipur,17-04-2024
C02365,F,35-44,Silver,Central,Indore,08-02-2023
C02366,F,65+,Silver,West,Surat,13-09-2023
C02367,M,25-34,Gold,West,Pune,10-03-2023
C02368,F,25-34,Silver,North,Lucknow,31-05-2022
C02369,F,18-24,Bronze,West,Pune,22-12-2021
C02370,M,18-24,Silver,Central,Raipur,26-05-2024
C02371,F,55-64,Bronze,West,Pune,21-02-2020
C02372,F,35-44,Silver,Central,Nagpur,12-11-2024
C02373,F,25-34,Silver,West,Mumbai,10-01-2020
C02374,M,18-24,Bronze,East,Bhubaneswar,06-12-2021
C02375,M,45-54,Silver,North,Jaipur,25-06-2021
C02376,M,45-54,Gold,Central,Nagpur,03-06-2020
C02377,F,65+,Gold,West,Mumbai,11-01-2020
C02378,M,25-34,Bronze,Central,Bhopal,03-12-2022
C02379,F,35-44,Bronze,Central,Bhopal,13-07-2024
C02380,M,18-24,Gold,West,Surat,30-05-2022
C02381,M,18-24,Gold,West,Surat,17-08-2023
C02382,F,25-34,Gold,East,Patna,25-04-2025
C02383,Other,18-24,Bronze,North,Chandigarh,10-01-2023
C02384,M,65+,Platinum,East,Guwahati,02-11-2020
C02385,F,35-44,Guest,South,Kochi,25-04-2020
C02386,M,55-64,Bronze,Central,Bhopal,18-08-2024
C02387,M,35-44,Gold,West,Mumbai,16-02-2021
C02388,F,18-24,Bronze,North,Delhi,24-11-2023
C02389,F,35-44,Bronze,Central,Raipur,21-01-2020
C02390,F,35-44,Gold,South,Bengaluru,15-08-2023
C02391,M,45-54,Silver,Central,Nagpur,13-04-2022
C02392,M,45-54,Silver,West,Mumbai,25-02-2025
C02393,F,45-54,Gold,South,Bengaluru,19-02-2024
C02394,Other,25-34,Gold,West,Ahmedabad,30-01-2023
C02395,F,25-34,Gold,West,Ahmedabad,17-01-2020
C02396,F,35-44,Gold,West,Pune,01-01-2020
C02397,F,35-44,Bronze,West,Surat,05-11-2023
C02398,M,65+,Bronze,East,Bhubaneswar,27-02-2022
C02399,M,25-34,Silver,South,Hyderabad,12-09-2020
C02400,M,45-54,Bronze,East,Bhubaneswar,10-03-2022
C02401,F,35-44,Bronze,Central,Bhopal,25-08-2021
C02402,F,45-54,Gold,North,Jaipur,20-05-2021
C02403,M,25-34,Silver,North,Lucknow,06-02-2022
C02404,F,35-44,Platinum,South,Kochi,11-10-2024
C02405,M,35-44,Guest,West,Surat,20-04-2020
C02406,M,65+,Gold,South,Chennai,28-02-2024
C02407,M,25-34,Gold,West,Surat,13-05-2024
C02408,M,55-64,Silver,West,Pune,22-02-2020
C02409,M,18-24,Bronze,East,Bhubaneswar,20-11-2021
C02410,F,55-64,Silver,North,Lucknow,02-11-2024
C02411,M,35-44,Platinum,South,Chennai,15-02-2025
C02412,M,45-54,Bronze,North,Lucknow,29-07-2022
C02413,M,25-34,Silver,West,Surat,25-10-2021
C02414,F,65+,Silver,East,Bhubaneswar,10-07-2025
C02415,F,65+,Gold,East,Kolkata,16-03-2025
C02416,M,25-34,Silver,North,Delhi,27-09-2021
C02417,M,55-64,Bronze,North,Jaipur,06-12-2020
C02418,F,35-44,Silver,West,Pune,21-08-2024
C02419,M,55-64,Silver,North,Chandigarh,24-02-2025
C02420,F,25-34,Silver,Central,Raipur,26-06-2025
C02421,F,45-54,Silver,East,Kolkata,23-06-2020
C02422,M,25-34,Bronze,East,Guwahati,21-11-2022
C02423,Other,35-44,Silver,South,Kochi,13-11-2020
C02424,F,55-64,Bronze,Central,Indore,15-02-2020
C02425,F,18-24,Bronze,Central,Raipur,30-09-2021
C02426,F,25-34,Bronze,West,Ahmedabad,27-10-2020
C02427,M,55-64,Silver,South,Hyderabad,22-10-2024
C02428,F,45-54,Bronze,Central,Indore,11-10-2023
C02429,F,35-44,Silver,East,Bhubaneswar,13-03-2022
C02430,M,18-24,Bronze,Central,Raipur,23-06-2021
C02431,F,25-34,Silver,South,Kochi,02-03-2025
C02432,M,18-24,Gold,Central,Bhopal,29-08-2023
C02433,M,35-44,Bronze,East,Guwahati,11-02-2020
C02434,M,45-54,Gold,East,Patna,07-02-2025
C02435,M,25-34,Bronze,North,Lucknow,22-03-2020
C02436,M,18-24,Silver,East,Guwahati,27-05-2021
C02437,F,35-44,Silver,South,Kochi,18-11-2020
C02438,M,55-64,Bronze,West,Surat,23-08-2022
C02439,M,25-34,Gold,North,Delhi,05-06-2023
C02440,F,55-64,Bronze,North,Lucknow,02-05-2023
C02441,M,18-24,Bronze,East,Bhubaneswar,27-08-2025
C02442,M,55-64,Silver,South,Bengaluru,08-11-2023
C02443,Other,35-44,Silver,West,Surat,26-02-2023
C02444,M,35-44,Silver,North,Lucknow,13-03-2020
C02445,M,35-44,Guest,North,Chandigarh,14-07-2022
C02446,M,35-44,Silver,East,Patna,25-09-2025
C02447,M,18-24,Guest,Central,Bhopal,18-02-2023
C02448,M,25-34,Bronze,South,Bengaluru,04-12-2024
C02449,M,25-34,Silver,North,Jaipur,30-07-2023
C02450,M,18-24,Silver,North,Jaipur,25-11-2022
C02451,Other,45-54,Silver,South,Hyderabad,26-04-2021
C02452,M,65+,Silver,North,Chandigarh,03-04-2022
C02453,M,25-34,Gold,East,Bhubaneswar,12-11-2021
C02454,Other,18-24,Bronze,North,Chandigarh,19-01-2024
C02455,M,45-54,Bronze,West,Ahmedabad,22-05-2024
C02456,F,25-34,Silver,East,Guwahati,18-11-2021
C02457,M,45-54,Silver,Central,Bhopal,12-02-2024
C02458,M,65+,Bronze,South,Hyderabad,25-02-2025
C02459,M,35-44,Gold,North,Delhi,09-01-2022
C02460,Other,35-44,Gold,Central,Indore,16-12-2023
C02461,M,55-64,Gold,North,Lucknow,25-08-2021
C02462,Other,35-44,Silver,East,Kolkata,02-03-2024
C02463,M,65+,Bronze,North,Chandigarh,20-08-2021
C02464,Other,35-44,Gold,East,Patna,26-01-2025
C02465,F,65+,Gold,East,Guwahati,16-07-2023
C02466,F,45-54,Bronze,South,Chennai,30-06-2021
C02467,M,45-54,Silver,South,Chennai,31-07-2025
C02468,M,35-44,Gold,East,Bhubaneswar,31-10-2023
C02469,M,45-54,Silver,East,Kolkata,13-10-2021
C02470,M,65+,Bronze,South,Bengaluru,19-04-2025
C02471,F,18-24,Silver,South,Kochi,07-02-2021
C02472,F,45-54,Guest,North,Lucknow,19-05-2022
C02473,F,55-64,Gold,North,Chandigarh,25-05-2022
C02474,F,25-34,Bronze,West,Ahmedabad,01-03-2021
C02475,M,55-64,Gold,Central,Raipur,26-04-2023
C02476,Other,65+,Bronze,West,Ahmedabad,12-05-2023
C02477,M,45-54,Silver,Central,Indore,29-08-2020
C02478,M,55-64,Silver,West,Surat,23-02-2025
C02479,F,25-34,Silver,West,Ahmedabad,30-10-2025
C02480,F,18-24,Silver,Central,Raipur,05-08-2024
C02481,F,35-44,Silver,South,Bengaluru,26-10-2025
C02482,M,35-44,Bronze,Central,Bhopal,18-03-2023
C02483,M,55-64,Platinum,North,Chandigarh,31-12-2021
C02484,M,45-54,Bronze,East,Guwahati,15-10-2020
C02485,M,18-24,Bronze,South,Chennai,30-01-2024
C02486,M,18-24,Silver,South,Bengaluru,03-09-2023
C02487,M,35-44,Silver,East,Kolkata,25-08-2022
C02488,M,25-34,Bronze,West,Surat,19-09-2022
C02489,F,65+,Gold,South,Bengaluru,13-01-2020
C02490,M,45-54,Gold,North,Delhi,07-11-2024
C02491,M,65+,Bronze,North,Lucknow,26-08-2022
C02492,M,45-54,Silver,West,Mumbai,22-08-2025
C02493,F,25-34,Gold,North,Chandigarh,05-10-2020
C02494,M,25-34,Bronze,Central,Bhopal,21-02-2021
C02495,M,35-44,Silver,West,Mumbai,20-01-2021
C02496,F,18-24,Bronze,North,Lucknow,25-10-2020
C02497,M,35-44,Bronze,East,Bhubaneswar,25-06-2023
C02498,F,55-64,Bronze,Central,Nagpur,05-04-2025
C02499,F,55-64,Gold,East,Patna,12-11-2023
C02500,M,45-54,Silver,West,Surat,23-01-2020
C02501,M,18-24,Platinum,South,Hyderabad,22-06-2024
C02502,M,25-34,Platinum,West,Mumbai,31-03-2025
C02503,F,35-44,Bronze,East,Kolkata,02-05-2024
C02504,F,25-34,Bronze,South,Kochi,30-08-2022
C02505,F,35-44,Silver,East,Patna,03-03-2024
C02506,F,35-44,Bronze,North,Lucknow,28-12-2024
C02507,F,25-34,Silver,East,Bhubaneswar,27-03-2025
C02508,M,45-54,Silver,East,Kolkata,28-05-2023
C02509,M,35-44,Gold,North,Chandigarh,03-05-2025
C02510,M,55-64,Bronze,East,Patna,11-12-2024
C02511,M,55-64,Bronze,North,Jaipur,17-09-2025
C02512,F,35-44,Gold,East,Patna,03-04-2025
C02513,M,18-24,Gold,West,Ahmedabad,09-03-2022
C02514,M,45-54,Gold,North,Jaipur,30-09-2024
C02515,F,35-44,Gold,West,Ahmedabad,27-12-2024
C02516,M,25-34,Bronze,Central,Raipur,23-07-2022
C02517,F,35-44,Guest,West,Surat,22-01-2023
C02518,M,18-24,Gold,West,Mumbai,05-08-2025
C02519,M,18-24,Bronze,Central,Nagpur,08-01-2025
C02520,F,25-34,Bronze,West,Surat,25-07-2020
C02521,M,55-64,Guest,Central,Bhopal,04-03-2025
C02522,F,18-24,Bronze,North,Jaipur,20-05-2024
C02523,M,45-54,Gold,Central,Indore,13-12-2021
C02524,M,35-44,Silver,South,Chennai,10-09-2020
C02525,F,35-44,Silver,West,Mumbai,02-09-2020
C02526,M,45-54,Gold,West,Mumbai,20-02-2025
C02527,F,25-34,Bronze,South,Hyderabad,10-05-2022
C02528,F,25-34,Silver,East,Bhubaneswar,02-06-2023
C02529,M,55-64,Bronze,North,Chandigarh,03-07-2020
C02530,M,25-34,Bronze,South,Kochi,19-10-2023
C02531,F,25-34,Silver,Central,Bhopal,14-03-2024
C02532,F,35-44,Bronze,East,Guwahati,26-09-2021
C02533,F,25-34,Platinum,West,Surat,10-03-2021
C02534,M,35-44,Bronze,North,Delhi,04-11-2020
C02535,M,18-24,Bronze,South,Hyderabad,04-09-2022
C02536,M,18-24,Bronze,Central,Indore,29-11-2021
C02537,F,25-34,Guest,South,Chennai,19-09-2024
C02538,F,35-44,Silver,East,Guwahati,12-01-2025
C02539,F,45-54,Silver,Central,Indore,22-05-2021
C02540,M,35-44,Silver,North,Lucknow,14-11-2022
C02541,F,35-44,Bronze,North,Chandigarh,02-08-2023
C02542,M,45-54,Bronze,Central,Bhopal,21-11-2022
C02543,F,18-24,Bronze,West,Ahmedabad,22-06-2025
C02544,F,18-24,Silver,North,Delhi,18-02-2023
C02545,M,35-44,Platinum,West,Ahmedabad,25-01-2021
C02546,M,35-44,Guest,South,Hyderabad,08-08-2025
C02547,F,35-44,Bronze,North,Jaipur,11-07-2023
C02548,F,25-34,Gold,West,Surat,24-08-2022
C02549,F,45-54,Bronze,South,Hyderabad,29-06-2020
C02550,F,35-44,Bronze,Central,Bhopal,27-01-2023
C02551,F,25-34,Bronze,North,Chandigarh,14-08-2025
C02552,M,45-54,Gold,East,Guwahati,05-11-2023
C02553,F,35-44,Bronze,South,Hyderabad,04-11-2024
C02554,F,45-54,Silver,Central,Indore,27-09-2024
C02555,M,25-34,Silver,Central,Nagpur,21-08-2025
C02556,M,35-44,Gold,South,Bengaluru,01-03-2023
C02557,M,35-44,Silver,South,Kochi,31-03-2020
C02558,F,18-24,Silver,North,Chandigarh,05-11-2022
C02559,M,18-24,Bronze,West,Mumbai,17-08-2021
C02560,M,25-34,Bronze,South,Kochi,05-08-2022
C02561,F,45-54,Bronze,North,Chandigarh,09-08-2020
C02562,M,35-44,Silver,North,Delhi,27-08-2024
C02563,F,55-64,Bronze,West,Mumbai,26-12-2024
C02564,M,18-24,Bronze,North,Jaipur,20-12-2023
C02565,M,25-34,Gold,Central,Bhopal,12-07-2025
C02566,Other,25-34,Gold,South,Bengaluru,28-04-2020
C02567,F,18-24,Silver,East,Bhubaneswar,07-02-2023
C02568,M,35-44,Gold,East,Bhubaneswar,24-05-2022
C02569,F,65+,Gold,Central,Nagpur,05-05-2022
C02570,M,45-54,Bronze,North,Chandigarh,18-04-2023
C02571,M,45-54,Silver,Central,Nagpur,13-08-2020
C02572,M,25-34,Bronze,East,Bhubaneswar,10-09-2025
C02573,F,25-34,Bronze,West,Mumbai,02-02-2023
C02574,M,45-54,Silver,South,Chennai,14-09-2023
C02575,F,25-34,Silver,West,Mumbai,02-10-2020
C02576,M,45-54,Gold,South,Bengaluru,08-07-2024
C02577,F,55-64,Bronze,East,Guwahati,04-09-2020
C02578,F,18-24,Gold,West,Mumbai,08-07-2021
C02579,F,25-34,Bronze,Central,Nagpur,31-07-2022
C02580,M,55-64,Gold,West,Mumbai,09-02-2020
C02581,M,55-64,Bronze,Central,Indore,26-12-2022
C02582,M,18-24,Silver,South,Bengaluru,10-03-2021
C02583,F,18-24,Gold,North,Chandigarh,10-05-2021
C02584,M,65+,Gold,West,Pune,19-06-2022
C02585,M,55-64,Bronze,Central,Bhopal,28-01-2022
C02586,F,55-64,Bronze,South,Hyderabad,01-06-2021
C02587,M,45-54,Bronze,North,Jaipur,08-03-2021
C02588,F,18-24,Bronze,North,Chandigarh,15-07-2023
C02589,M,65+,Bronze,South,Kochi,23-06-2024
C02590,F,45-54,Bronze,North,Jaipur,11-01-2025
C02591,F,35-44,Gold,East,Kolkata,17-12-2021
C02592,F,35-44,Silver,North,Jaipur,29-04-2021
C02593,F,45-54,Guest,West,Mumbai,26-05-2023
C02594,M,35-44,Guest,East,Guwahati,15-02-2022
C02595,M,35-44,Silver,North,Lucknow,01-12-2020
C02596,F,55-64,Silver,North,Chandigarh,24-09-2020
C02597,M,45-54,Bronze,East,Guwahati,26-01-2023
C02598,F,25-34,Gold,North,Delhi,07-05-2022
C02599,M,55-64,Silver,South,Hyderabad,16-12-2021
C02600,M,35-44,Silver,North,Lucknow,12-07-2020
C02601,F,18-24,Silver,North,Lucknow,08-03-2024
C02602,M,35-44,Silver,South,Hyderabad,22-09-2025
C02603,M,35-44,Gold,East,Bhubaneswar,30-07-2023
C02604,F,18-24,Bronze,East,Guwahati,07-03-2020
C02605,M,45-54,Bronze,South,Bengaluru,22-10-2025
C02606,M,25-34,Bronze,North,Lucknow,17-12-2022
C02607,F,35-44,Bronze,South,Hyderabad,03-07-2022
C02608,F,25-34,Silver,Central,Nagpur,17-03-2025
C02609,F,55-64,Bronze,West,Mumbai,31-05-2021
C02610,M,45-54,Gold,West,Pune,20-02-2022
C02611,M,25-34,Bronze,North,Jaipur,20-03-2025
C02612,F,25-34,Bronze,South,Bengaluru,06-09-2023
C02613,M,25-34,Silver,Central,Nagpur,17-02-2025
C02614,F,45-54,Bronze,Central,Bhopal,25-05-2024
C02615,F,55-64,Platinum,North,Jaipur,30-06-2021
C02616,M,25-34,Bronze,East,Patna,28-09-2024
C02617,F,25-34,Bronze,West,Mumbai,21-06-2023
C02618,M,45-54,Bronze,South,Chennai,16-02-2021
C02619,M,18-24,Gold,South,Kochi,25-04-2020
C02620,F,55-64,Silver,East,Guwahati,20-12-2021
C02621,F,65+,Bronze,West,Ahmedabad,29-05-2020
C02622,M,55-64,Bronze,South,Bengaluru,10-05-2024
C02623,F,45-54,Silver,West,Ahmedabad,12-03-2023
C02624,M,18-24,Bronze,Central,Indore,29-04-2020
C02625,M,18-24,Platinum,West,Mumbai,08-10-2025
C02626,F,18-24,Bronze,Central,Nagpur,11-02-2024
C02627,M,35-44,Silver,East,Patna,20-12-2020
C02628,M,35-44,Silver,South,Hyderabad,16-12-2021
C02629,F,35-44,Guest,West,Surat,25-06-2024
C02630,M,35-44,Bronze,Central,Bhopal,31-05-2024
C02631,F,45-54,Bronze,East,Kolkata,10-05-2021
C02632,F,35-44,Gold,West,Pune,22-09-2025
C02633,F,55-64,Bronze,South,Kochi,20-12-2024
C02634,M,25-34,Bronze,West,Ahmedabad,06-03-2024
C02635,F,18-24,Gold,West,Ahmedabad,08-09-2025
C02636,M,18-24,Silver,Central,Indore,11-09-2025
C02637,F,25-34,Silver,East,Patna,04-12-2024
C02638,F,18-24,Gold,South,Kochi,13-10-2021
C02639,M,25-34,Silver,East,Bhubaneswar,03-08-2025
C02640,F,18-24,Silver,West,Surat,23-05-2021
C02641,M,55-64,Bronze,West,Mumbai,15-03-2023
C02642,F,25-34,Silver,South,Hyderabad,24-01-2023
C02643,Other,35-44,Bronze,West,Ahmedabad,23-04-2020
C02644,Other,25-34,Gold,West,Pune,30-01-2022
C02645,F,65+,Bronze,North,Delhi,13-10-2020
C02646,M,65+,Bronze,West,Mumbai,04-12-2022
C02647,M,25-34,Bronze,South,Bengaluru,12-07-2025
C02648,F,25-34,Silver,Central,Bhopal,18-01-2023
C02649,F,65+,Silver,South,Chennai,02-12-2020
C02650,F,25-34,Bronze,West,Ahmedabad,22-03-2025
C02651,F,45-54,Silver,South,Bengaluru,02-04-2024
C02652,M,55-64,Gold,Central,Indore,01-03-2023
C02653,M,18-24,Bronze,South,Bengaluru,12-09-2024
C02654,F,25-34,Bronze,North,Lucknow,25-03-2021
C02655,F,25-34,Silver,North,Jaipur,09-01-2022
C02656,M,18-24,Bronze,South,Chennai,20-08-2025
C02657,M,45-54,Bronze,North,Delhi,20-04-2024
C02658,F,18-24,Gold,North,Lucknow,24-10-2022
C02659,M,25-34,Bronze,West,Surat,11-07-2020
C02660,F,55-64,Bronze,South,Chennai,19-09-2022
C02661,M,45-54,Silver,West,Mumbai,04-07-2024
C02662,M,35-44,Silver,Central,Indore,08-04-2025
C02663,M,45-54,Gold,North,Delhi,11-12-2020
C02664,F,45-54,Bronze,South,Chennai,19-11-2020
C02665,M,25-34,Bronze,South,Kochi,25-07-2023
C02666,F,25-34,Bronze,West,Ahmedabad,17-04-2025
C02667,F,55-64,Silver,East,Guwahati,29-05-2023
C02668,F,55-64,Gold,East,Bhubaneswar,07-09-2020
C02669,M,55-64,Silver,North,Delhi,25-10-2022
C02670,F,35-44,Platinum,West,Ahmedabad,04-12-2023
C02671,M,35-44,Bronze,North,Jaipur,08-10-2022
C02672,F,35-44,Silver,West,Ahmedabad,14-01-2023
C02673,Other,45-54,Silver,South,Chennai,22-02-2021
C02674,M,35-44,Bronze,South,Chennai,19-07-2021
C02675,M,45-54,Guest,South,Chennai,21-12-2024
C02676,M,18-24,Gold,West,Surat,15-03-2025
C02677,F,18-24,Gold,East,Guwahati,12-11-2024
C02678,F,45-54,Bronze,North,Lucknow,21-01-2021
C02679,M,18-24,Bronze,Central,Bhopal,15-03-2020
C02680,M,65+,Gold,South,Hyderabad,12-06-2023
C02681,M,25-34,Bronze,South,Hyderabad,08-01-2021
C02682,F,35-44,Gold,East,Kolkata,16-02-2020
C02683,M,35-44,Bronze,Central,Bhopal,09-04-2020
C02684,F,35-44,Platinum,Central,Indore,14-01-2021
C02685,F,18-24,Gold,East,Bhubaneswar,12-09-2020
C02686,F,45-54,Gold,North,Lucknow,02-02-2025
C02687,F,25-34,Gold,South,Bengaluru,29-03-2021
C02688,M,25-34,Gold,West,Ahmedabad,27-01-2022
C02689,M,65+,Gold,Central,Bhopal,29-12-2023
C02690,M,25-34,Gold,South,Chennai,27-03-2023
C02691,F,18-24,Silver,West,Surat,20-06-2023
C02692,F,25-34,Silver,West,Pune,03-05-2021
C02693,F,55-64,Silver,South,Hyderabad,01-04-2021
C02694,M,55-64,Bronze,East,Bhubaneswar,28-10-2022
C02695,F,55-64,Silver,West,Mumbai,31-01-2025
C02696,M,45-54,Bronze,North,Jaipur,29-07-2024
C02697,F,18-24,Platinum,North,Chandigarh,07-09-2025
C02698,M,55-64,Gold,West,Mumbai,01-03-2021
C02699,M,35-44,Silver,East,Patna,21-04-2023
C02700,F,65+,Gold,Central,Bhopal,08-05-2022
C02701,F,35-44,Bronze,Central,Indore,02-02-2023
C02702,M,45-54,Bronze,South,Bengaluru,22-03-2024
C02703,M,65+,Platinum,Central,Indore,28-06-2025
C02704,M,45-54,Gold,Central,Indore,07-11-2020
C02705,M,35-44,Silver,Central,Bhopal,11-08-2021
C02706,F,25-34,Bronze,West,Ahmedabad,22-08-2025
C02707,F,45-54,Silver,East,Patna,23-05-2020
C02708,M,35-44,Guest,South,Bengaluru,12-01-2020
C02709,F,35-44,Bronze,Central,Bhopal,31-07-2020
C02710,M,35-44,Gold,North,Jaipur,08-11-2024
C02711,M,35-44,Gold,West,Mumbai,16-08-2022
C02712,F,25-34,Platinum,Central,Bhopal,09-10-2021
C02713,F,25-34,Guest,East,Patna,09-04-2020
C02714,M,55-64,Bronze,North,Delhi,17-08-2025
C02715,M,45-54,Silver,East,Patna,18-10-2022
C02716,F,35-44,Silver,North,Chandigarh,18-09-2022
C02717,F,45-54,Bronze,North,Chandigarh,12-03-2022
C02718,F,55-64,Bronze,East,Kolkata,10-06-2025
C02719,F,18-24,Bronze,South,Bengaluru,16-01-2022
C02720,M,25-34,Gold,South,Chennai,08-05-2024
C02721,F,18-24,Silver,Central,Bhopal,22-06-2025
C02722,M,45-54,Bronze,North,Jaipur,03-02-2023
C02723,M,18-24,Silver,Central,Bhopal,26-08-2024
C02724,F,35-44,Bronze,West,Mumbai,16-03-2024
C02725,M,55-64,Silver,East,Patna,25-06-2024
C02726,F,35-44,Gold,Central,Nagpur,31-05-2022
C02727,M,35-44,Platinum,North,Chandigarh,16-09-2021
C02728,F,65+,Bronze,Central,Bhopal,27-01-2022
C02729,M,35-44,Bronze,West,Mumbai,27-05-2021
C02730,F,35-44,Silver,East,Guwahati,27-04-2024
C02731,M,55-64,Gold,East,Guwahati,13-03-2023
C02732,M,65+,Bronze,North,Delhi,30-12-2021
C02733,M,25-34,Gold,East,Guwahati,12-08-2024
C02734,F,35-44,Platinum,West,Ahmedabad,02-06-2025
C02735,F,35-44,Silver,North,Delhi,19-08-2022
C02736,Other,35-44,Bronze,Central,Nagpur,05-09-2024
C02737,F,45-54,Bronze,North,Delhi,25-04-2020
C02738,M,25-34,Bronze,North,Lucknow,23-08-2021
C02739,M,45-54,Silver,East,Patna,09-05-2021
C02740,M,25-34,Bronze,East,Guwahati,08-09-2025
C02741,F,55-64,Platinum,West,Mumbai,05-08-2023
C02742,M,18-24,Bronze,East,Kolkata,31-03-2025
C02743,M,45-54,Silver,North,Jaipur,01-02-2023
C02744,F,25-34,Platinum,North,Chandigarh,05-02-2021
C02745,M,55-64,Bronze,West,Surat,22-01-2023
C02746,M,18-24,Silver,West,Pune,25-02-2023
C02747,M,35-44,Silver,Central,Indore,24-04-2022
C02748,F,18-24,Silver,Central,Raipur,03-11-2022
C02749,M,25-34,Silver,South,Bengaluru,18-07-2022
C02750,M,35-44,Bronze,West,Pune,09-09-2024
C02751,F,45-54,Gold,North,Jaipur,06-06-2025
C02752,M,35-44,Bronze,South,Hyderabad,08-04-2021
C02753,F,25-34,Guest,West,Ahmedabad,22-08-2021
C02754,F,45-54,Gold,West,Pune,21-05-2022
C02755,F,25-34,Gold,North,Jaipur,06-05-2025
C02756,M,35-44,Platinum,North,Lucknow,10-04-2024
C02757,F,55-64,Bronze,North,Lucknow,17-09-2022
C02758,M,25-34,Bronze,Central,Nagpur,28-04-2021
C02759,M,35-44,Bronze,Central,Raipur,19-04-2021
C02760,F,35-44,Bronze,East,Guwahati,28-08-2022
C02761,Other,45-54,Silver,North,Delhi,22-10-2024
C02762,F,35-44,Silver,Central,Bhopal,29-12-2024
C02763,F,45-54,Bronze,West,Mumbai,06-09-2025
C02764,M,55-64,Silver,South,Kochi,17-07-2025
C02765,F,45-54,Gold,Central,Bhopal,23-04-2023
C02766,F,35-44,Guest,East,Patna,02-08-2020
C02767,F,55-64,Platinum,West,Ahmedabad,27-05-2020
C02768,F,45-54,Gold,North,Jaipur,08-03-2022
C02769,F,55-64,Bronze,North,Chandigarh,09-04-2022
C02770,M,18-24,Gold,North,Delhi,07-02-2023
C02771,F,35-44,Silver,West,Mumbai,12-08-2025
C02772,F,35-44,Bronze,South,Kochi,26-04-2024
C02773,M,55-64,Bronze,East,Kolkata,29-01-2023
C02774,M,35-44,Gold,West,Surat,14-11-2024
C02775,F,65+,Bronze,East,Kolkata,11-04-2022
C02776,F,18-24,Bronze,Central,Nagpur,25-06-2021
C02777,M,55-64,Silver,South,Bengaluru,13-10-2024
C02778,F,55-64,Silver,East,Guwahati,07-06-2024
C02779,M,45-54,Gold,South,Hyderabad,28-05-2025
C02780,F,25-34,Bronze,South,Hyderabad,07-01-2025
C02781,M,55-64,Gold,West,Pune,17-08-2022
C02782,M,35-44,Bronze,Central,Indore,17-09-2022
C02783,M,35-44,Guest,South,Bengaluru,24-12-2023
C02784,M,45-54,Silver,East,Kolkata,20-10-2020
C02785,M,55-64,Silver,West,Surat,21-05-2020
C02786,F,25-34,Bronze,South,Bengaluru,25-09-2020
C02787,M,65+,Bronze,West,Surat,29-08-2022
C02788,M,25-34,Platinum,West,Pune,05-06-2020
C02789,M,45-54,Gold,West,Surat,01-03-2025
C02790,M,35-44,Bronze,North,Jaipur,10-05-2023
C02791,M,65+,Silver,West,Pune,27-07-2024
C02792,F,25-34,Bronze,East,Patna,17-10-2020
C02793,M,25-34,Bronze,Central,Raipur,21-09-2020
C02794,M,18-24,Bronze,North,Delhi,27-01-2022
C02795,F,25-34,Gold,East,Guwahati,10-04-2025
C02796,M,45-54,Silver,East,Bhubaneswar,18-11-2020
C02797,F,25-34,Bronze,West,Surat,01-09-2022
C02798,F,65+,Bronze,West,Pune,26-04-2023
C02799,M,45-54,Bronze,North,Delhi,26-06-2020
C02800,Other,18-24,Silver,South,Chennai,19-12-2021
C02801,F,35-44,Bronze,East,Patna,09-06-2021
C02802,F,45-54,Bronze,West,Pune,09-06-2020
C02803,F,65+,Silver,South,Chennai,02-01-2022
C02804,M,45-54,Silver,Central,Raipur,12-11-2021
C02805,F,35-44,Bronze,South,Hyderabad,14-03-2023
C02806,M,25-34,Silver,Central,Nagpur,26-11-2022
C02807,M,35-44,Gold,North,Chandigarh,12-11-2024
C02808,F,65+,Bronze,Central,Bhopal,19-09-2022
C02809,M,25-34,Bronze,South,Hyderabad,29-07-2022
C02810,F,18-24,Bronze,South,Kochi,22-08-2022
C02811,M,35-44,Bronze,South,Kochi,01-10-2024
C02812,F,45-54,Gold,East,Bhubaneswar,16-04-2022
C02813,M,55-64,Bronze,North,Lucknow,20-05-2020
C02814,M,55-64,Bronze,South,Hyderabad,30-04-2020
C02815,F,25-34,Gold,East,Kolkata,23-10-2024
C02816,M,25-34,Silver,West,Pune,08-09-2020
C02817,M,25-34,Gold,South,Chennai,07-10-2024
C02818,F,18-24,Guest,East,Patna,13-04-2020
C02819,M,65+,Gold,South,Bengaluru,23-02-2024
C02820,F,18-24,Gold,West,Ahmedabad,23-06-2020
C02821,F,65+,Bronze,South,Hyderabad,22-12-2021
C02822,M,35-44,Platinum,South,Kochi,02-11-2024
C02823,F,35-44,Gold,Central,Indore,13-02-2020
C02824,Other,45-54,Bronze,West,Surat,31-03-2023
C02825,F,35-44,Gold,South,Bengaluru,17-08-2024
C02826,M,35-44,Bronze,North,Chandigarh,25-01-2022
C02827,F,25-34,Bronze,East,Patna,30-11-2023
C02828,F,45-54,Silver,West,Surat,23-04-2020
C02829,M,25-34,Guest,East,Bhubaneswar,24-11-2020
C02830,F,35-44,Bronze,East,Patna,25-08-2025
C02831,M,18-24,Guest,South,Chennai,10-02-2021
C02832,M,35-44,Silver,South,Chennai,10-04-2025
C02833,F,65+,Bronze,North,Lucknow,22-05-2025
C02834,F,25-34,Gold,Central,Indore,02-10-2021
C02835,M,45-54,Platinum,West,Surat,23-06-2024
C02836,M,65+,Bronze,North,Lucknow,21-07-2021
C02837,F,18-24,Guest,East,Kolkata,06-05-2024
C02838,F,18-24,Gold,West,Ahmedabad,21-04-2024
C02839,M,25-34,Bronze,West,Ahmedabad,19-09-2021
C02840,M,55-64,Platinum,Central,Raipur,20-05-2022
C02841,F,45-54,Bronze,Central,Nagpur,06-11-2022
C02842,F,45-54,Bronze,Central,Bhopal,28-11-2020
C02843,M,55-64,Silver,West,Surat,04-12-2020
C02844,M,25-34,Bronze,Central,Bhopal,28-02-2021
C02845,F,25-34,Silver,South,Kochi,08-07-2020
C02846,M,35-44,Gold,South,Hyderabad,11-09-2022
C02847,F,65+,Silver,Central,Raipur,30-05-2025
C02848,M,25-34,Gold,East,Guwahati,22-01-2023
C02849,F,45-54,Bronze,East,Bhubaneswar,22-12-2023
C02850,M,25-34,Bronze,South,Hyderabad,21-09-2020
C02851,F,25-34,Bronze,North,Jaipur,06-01-2020
C02852,M,18-24,Silver,North,Jaipur,11-06-2022
C02853,Other,55-64,Bronze,North,Chandigarh,09-02-2023
C02854,M,18-24,Gold,South,Bengaluru,28-12-2020
C02855,F,45-54,Bronze,South,Bengaluru,19-04-2025
C02856,M,45-54,Silver,Central,Nagpur,08-11-2020
C02857,F,25-34,Bronze,East,Kolkata,03-03-2025
C02858,F,25-34,Gold,Central,Nagpur,07-04-2024
C02859,M,35-44,Silver,Central,Raipur,06-04-2022
C02860,M,55-64,Bronze,North,Jaipur,10-07-2022
C02861,M,55-64,Silver,South,Kochi,14-05-2023
C02862,F,35-44,Silver,West,Mumbai,29-08-2020
C02863,M,65+,Gold,Central,Raipur,09-08-2021
C02864,M,55-64,Gold,West,Mumbai,23-12-2021
C02865,F,45-54,Guest,East,Patna,02-01-2020
C02866,M,25-34,Platinum,North,Delhi,25-08-2022
C02867,Other,25-34,Bronze,Central,Nagpur,11-07-2025
C02868,F,25-34,Bronze,East,Patna,11-02-2022
C02869,M,18-24,Bronze,East,Guwahati,04-03-2022
C02870,M,65+,Bronze,West,Mumbai,23-09-2021
C02871,M,35-44,Silver,South,Hyderabad,09-04-2025
C02872,M,55-64,Bronze,East,Patna,17-07-2020
C02873,F,35-44,Bronze,Central,Bhopal,14-08-2021
C02874,F,35-44,Bronze,South,Chennai,08-12-2020
C02875,M,18-24,Bronze,South,Kochi,07-08-2021
C02876,F,25-34,Gold,North,Lucknow,03-08-2021
C02877,M,45-54,Bronze,Central,Raipur,10-04-2021
C02878,M,45-54,Bronze,Central,Nagpur,15-10-2025
C02879,M,25-34,Silver,South,Bengaluru,02-02-2025
C02880,M,18-24,Platinum,East,Bhubaneswar,28-04-2023
C02881,M,25-34,Gold,South,Chennai,05-08-2024
C02882,M,45-54,Bronze,South,Kochi,07-03-2021
C02883,M,45-54,Platinum,East,Bhubaneswar,19-05-2020
C02884,M,45-54,Bronze,West,Surat,18-01-2024
C02885,F,45-54,Gold,North,Jaipur,03-01-2021
C02886,F,35-44,Silver,West,Mumbai,29-11-2020
C02887,M,18-24,Bronze,North,Jaipur,22-09-2024
C02888,F,25-34,Bronze,Central,Indore,06-02-2021
C02889,F,45-54,Platinum,West,Surat,21-03-2021
C02890,F,35-44,Bronze,South,Kochi,23-10-2020
C02891,F,25-34,Bronze,East,Patna,22-07-2020
C02892,M,45-54,Gold,North,Lucknow,11-12-2024
C02893,F,45-54,Silver,North,Lucknow,17-04-2020
C02894,F,35-44,Gold,East,Kolkata,02-07-2022
C02895,M,25-34,Bronze,East,Guwahati,27-04-2022
C02896,F,35-44,Guest,North,Delhi,02-08-2021
C02897,M,18-24,Silver,Central,Raipur,10-01-2025
C02898,M,35-44,Silver,West,Surat,06-05-2021
C02899,F,65+,Bronze,Central,Bhopal,25-11-2023
C02900,M,45-54,Bronze,South,Kochi,05-10-2022
C02901,M,25-34,Platinum,East,Patna,17-03-2025
C02902,M,25-34,Bronze,Central,Indore,03-02-2025
C02903,Other,45-54,Bronze,Central,Bhopal,26-04-2020
C02904,F,55-64,Bronze,North,Jaipur,08-07-2022
C02905,F,35-44,Bronze,South,Chennai,31-12-2021
C02906,M,25-34,Bronze,East,Kolkata,24-04-2024
C02907,F,65+,Silver,North,Jaipur,23-12-2021
C02908,M,55-64,Silver,East,Kolkata,07-12-2024
C02909,F,45-54,Bronze,North,Jaipur,01-02-2025
C02910,F,45-54,Bronze,North,Delhi,11-07-2020
C02911,M,35-44,Guest,East,Kolkata,11-02-2023
C02912,M,45-54,Guest,West,Ahmedabad,09-12-2021
C02913,F,25-34,Silver,West,Mumbai,15-06-2022
C02914,Other,35-44,Gold,West,Mumbai,02-02-2020
C02915,F,45-54,Bronze,Central,Indore,27-11-2024
C02916,F,45-54,Silver,East,Patna,31-08-2021
C02917,M,45-54,Silver,West,Surat,07-10-2020
C02918,F,35-44,Silver,West,Mumbai,14-06-2024
C02919,M,18-24,Bronze,South,Kochi,01-02-2021
C02920,F,35-44,Bronze,Central,Indore,06-10-2023
C02921,M,45-54,Gold,East,Patna,19-10-2021
C02922,F,35-44,Bronze,West,Ahmedabad,07-11-2023
C02923,F,35-44,Silver,South,Chennai,03-01-2024
C02924,F,35-44,Silver,East,Bhubaneswar,17-10-2022
C02925,M,25-34,Bronze,South,Chennai,30-01-2022
C02926,F,65+,Bronze,North,Delhi,01-04-2021
C02927,Other,45-54,Silver,North,Chandigarh,10-01-2025
C02928,F,65+,Bronze,North,Lucknow,24-04-2025
C02929,F,35-44,Gold,East,Kolkata,11-07-2025
C02930,F,45-54,Bronze,North,Jaipur,30-06-2025
C02931,M,35-44,Gold,North,Lucknow,07-11-2020
C02932,F,35-44,Bronze,East,Bhubaneswar,12-11-2023
C02933,M,35-44,Silver,North,Jaipur,09-03-2023
C02934,M,45-54,Gold,West,Pune,07-01-2024
C02935,M,45-54,Guest,West,Mumbai,24-04-2025
C02936,M,45-54,Platinum,West,Pune,21-05-2024
C02937,M,18-24,Silver,West,Surat,06-05-2025
C02938,F,45-54,Gold,East,Guwahati,18-04-2021
C02939,F,25-34,Gold,West,Surat,29-08-2025
C02940,F,45-54,Bronze,South,Bengaluru,04-10-2025
C02941,F,45-54,Silver,South,Kochi,07-10-2023
C02942,F,35-44,Silver,East,Guwahati,11-12-2020
C02943,F,18-24,Bronze,South,Hyderabad,21-12-2024
C02944,M,55-64,Bronze,South,Kochi,26-07-2025
C02945,M,18-24,Bronze,North,Delhi,23-08-2021
C02946,M,35-44,Silver,South,Chennai,07-03-2021
C02947,M,25-34,Platinum,North,Delhi,27-09-2024
C02948,F,45-54,Bronze,East,Kolkata,19-08-2025
C02949,Other,25-34,Gold,Central,Raipur,04-08-2025
C02950,F,65+,Silver,West,Surat,25-02-2022
C02951,F,25-34,Silver,South,Bengaluru,17-02-2025
C02952,F,55-64,Silver,West,Ahmedabad,11-06-2024
C02953,M,45-54,Bronze,North,Delhi,10-11-2021
C02954,M,18-24,Guest,East,Kolkata,04-10-2021
C02955,F,18-24,Bronze,South,Chennai,29-06-2021
C02956,M,18-24,Bronze,West,Mumbai,29-03-2020
C02957,F,55-64,Bronze,South,Bengaluru,17-03-2022
C02958,M,45-54,Gold,East,Kolkata,23-11-2021
C02959,M,55-64,Bronze,South,Kochi,03-12-2021
C02960,F,35-44,Silver,East,Patna,14-12-2023
C02961,F,55-64,Gold,North,Delhi,27-01-2021
C02962,F,45-54,Bronze,North,Delhi,02-01-2021
C02963,M,25-34,Gold,South,Chennai,12-02-2024
C02964,F,18-24,Bronze,South,Chennai,26-11-2020
C02965,Other,18-24,Gold,South,Chennai,08-10-2023
C02966,F,45-54,Guest,South,Hyderabad,10-07-2023
C02967,M,25-34,Gold,West,Ahmedabad,29-12-2023
C02968,F,18-24,Silver,North,Delhi,09-12-2024
C02969,F,25-34,Gold,North,Lucknow,11-03-2023
C02970,M,45-54,Silver,West,Surat,08-11-2024
C02971,M,55-64,Bronze,North,Jaipur,25-11-2021
C02972,F,55-64,Bronze,Central,Raipur,21-06-2021
C02973,F,45-54,Silver,South,Chennai,13-11-2020
C02974,F,35-44,Silver,South,Kochi,24-11-2023
C02975,F,65+,Bronze,Central,Raipur,07-10-2024
C02976,M,65+,Bronze,North,Jaipur,04-02-2023
C02977,M,25-34,Bronze,Central,Raipur,07-09-2023
C02978,F,25-34,Silver,South,Bengaluru,08-06-2025
C02979,F,55-64,Silver,South,Bengaluru,19-07-2022
C02980,Other,18-24,Gold,East,Bhubaneswar,12-04-2024
C02981,F,55-64,Gold,West,Pune,22-08-2024
C02982,M,25-34,Bronze,Central,Indore,08-01-2021
C02983,F,35-44,Platinum,West,Pune,12-01-2023
C02984,F,18-24,Silver,North,Lucknow,30-08-2020
C02985,M,25-34,Bronze,South,Chennai,06-02-2021
C02986,F,25-34,Silver,North,Chandigarh,10-09-2022
C02987,M,35-44,Guest,South,Chennai,19-12-2023
C02988,F,18-24,Gold,North,Jaipur,25-04-2020
C02989,F,55-64,Gold,Central,Indore,25-10-2025
C02990,M,55-64,Gold,East,Kolkata,15-03-2022
C02991,M,25-34,Silver,Central,Indore,27-06-2020
C02992,F,55-64,Gold,South,Bengaluru,17-07-2025
C02993,M,65+,Bronze,East,Bhubaneswar,06-04-2021
C02994,M,25-34,Bronze,East,Bhubaneswar,18-07-2020
C02995,M,45-54,Bronze,South,Kochi,02-07-2025
C02996,M,25-34,Gold,South,Hyderabad,12-04-2025
C02997,M,45-54,Silver,West,Surat,11-09-2023
C02998,F,18-24,Guest,Central,Raipur,07-09-2023
C02999,F,45-54,Bronze,Central,Raipur,26-05-2024
C03000,F,25-34,Bronze,East,Guwahati,02-06-2022
C03001,F,25-34,Bronze,West,Pune,08-03-2025
C03002,F,65+,Bronze,East,Bhubaneswar,06-08-2020
C03003,F,55-64,Gold,East,Kolkata,23-04-2024
C03004,F,55-64,Bronze,East,Bhubaneswar,07-09-2021
C03005,F,18-24,Bronze,Central,Nagpur,22-07-2020
C03006,F,35-44,Guest,Central,Nagpur,24-07-2021
C03007,F,45-54,Gold,Central,Nagpur,24-06-2023
C03008,M,35-44,Silver,North,Lucknow,12-09-2023
C03009,M,45-54,Silver,North,Lucknow,03-01-2023
C03010,F,55-64,Gold,North,Chandigarh,03-11-2024
C03011,F,25-34,Bronze,East,Patna,22-10-2022
C03012,M,45-54,Bronze,Central,Nagpur,22-08-2025
C03013,F,18-24,Bronze,South,Kochi,18-01-2023
C03014,M,45-54,Bronze,Central,Raipur,20-09-2021
C03015,M,65+,Bronze,East,Kolkata,23-11-2020
C03016,F,25-34,Bronze,South,Chennai,06-12-2021
C03017,M,45-54,Bronze,North,Chandigarh,26-06-2024
C03018,M,35-44,Silver,East,Bhubaneswar,03-06-2022
C03019,M,18-24,Bronze,South,Kochi,12-06-2025
C03020,F,25-34,Silver,North,Lucknow,27-07-2021
C03021,F,25-34,Silver,Central,Indore,09-02-2023
C03022,M,35-44,Gold,East,Bhubaneswar,10-10-2021
C03023,Other,45-54,Guest,North,Lucknow,23-11-2020
C03024,M,25-34,Silver,North,Lucknow,13-05-2021
C03025,F,25-34,Bronze,East,Patna,13-04-2024
C03026,M,55-64,Silver,North,Lucknow,20-06-2021
C03027,M,65+,Gold,North,Lucknow,16-06-2023
C03028,M,45-54,Silver,East,Bhubaneswar,28-01-2025
C03029,Other,25-34,Platinum,Central,Indore,06-03-2021
C03030,M,35-44,Silver,North,Jaipur,13-04-2024
C03031,F,35-44,Bronze,West,Mumbai,19-09-2024
C03032,F,25-34,Bronze,East,Bhubaneswar,01-12-2024
C03033,Other,45-54,Bronze,East,Bhubaneswar,12-02-2024
C03034,Other,35-44,Silver,South,Bengaluru,12-07-2023
C03035,M,25-34,Bronze,South,Hyderabad,11-10-2023
C03036,F,25-34,Bronze,South,Hyderabad,07-11-2024
C03037,F,45-54,Gold,South,Hyderabad,03-11-2023
C03038,M,45-54,Gold,North,Chandigarh,12-12-2021
C03039,F,45-54,Platinum,South,Bengaluru,23-04-2020
C03040,M,45-54,Bronze,West,Surat,23-08-2021
C03041,M,55-64,Gold,East,Bhubaneswar,25-05-2021
C03042,M,18-24,Bronze,East,Kolkata,01-07-2022
C03043,M,35-44,Silver,East,Kolkata,15-09-2024
C03044,F,45-54,Silver,East,Patna,05-12-2022
C03045,M,18-24,Bronze,North,Chandigarh,05-10-2024
C03046,F,25-34,Platinum,East,Patna,14-02-2021
C03047,M,35-44,Gold,North,Lucknow,15-03-2020
C03048,F,55-64,Gold,South,Hyderabad,20-09-2023
C03049,M,25-34,Silver,North,Lucknow,25-09-2020
C03050,M,18-24,Bronze,West,Surat,08-04-2022
C03051,F,35-44,Platinum,South,Bengaluru,21-05-2024
C03052,F,55-64,Silver,Central,Raipur,19-02-2021
C03053,F,18-24,Bronze,East,Bhubaneswar,11-04-2025
C03054,F,25-34,Bronze,East,Patna,04-01-2023
C03055,F,45-54,Bronze,Central,Indore,09-01-2022
C03056,F,25-34,Silver,North,Jaipur,30-08-2021
C03057,F,25-34,Silver,Central,Indore,31-10-2025
C03058,Other,65+,Silver,North,Lucknow,21-04-2023
C03059,M,25-34,Platinum,North,Delhi,16-10-2023
C03060,F,35-44,Bronze,Central,Raipur,22-11-2023
C03061,M,18-24,Silver,Central,Nagpur,02-04-2024
C03062,Other,25-34,Bronze,North,Chandigarh,02-10-2020
C03063,M,35-44,Bronze,East,Bhubaneswar,26-01-2022
C03064,F,45-54,Platinum,Central,Raipur,08-05-2022
C03065,M,55-64,Bronze,Central,Bhopal,05-12-2024
C03066,M,18-24,Bronze,Central,Nagpur,18-09-2024
C03067,M,65+,Silver,East,Kolkata,28-06-2020
C03068,F,18-24,Platinum,South,Bengaluru,04-09-2022
C03069,F,55-64,Gold,West,Surat,18-09-2024
C03070,F,55-64,Gold,East,Kolkata,22-09-2023
C03071,M,45-54,Silver,East,Guwahati,31-08-2025
C03072,M,45-54,Silver,North,Chandigarh,31-05-2022
C03073,F,35-44,Gold,Central,Indore,21-06-2021
C03074,M,25-34,Silver,South,Bengaluru,06-07-2023
C03075,F,18-24,Silver,West,Ahmedabad,02-10-2025
C03076,F,35-44,Bronze,East,Bhubaneswar,06-07-2025
C03077,F,55-64,Gold,Central,Nagpur,01-07-2020
C03078,M,35-44,Silver,West,Mumbai,01-07-2020
C03079,F,18-24,Bronze,West,Mumbai,31-08-2022
C03080,F,45-54,Bronze,North,Chandigarh,14-11-2021
C03081,F,25-34,Silver,Central,Bhopal,13-04-2022
C03082,F,55-64,Silver,Central,Raipur,06-07-2024
C03083,M,25-34,Bronze,West,Surat,17-12-2022
C03084,F,45-54,Bronze,North,Lucknow,31-08-2020
C03085,M,45-54,Silver,South,Bengaluru,19-10-2020
C03086,M,55-64,Bronze,East,Guwahati,11-06-2021
C03087,Other,45-54,Bronze,North,Jaipur,07-06-2024
C03088,F,55-64,Silver,North,Chandigarh,07-01-2022
C03089,F,18-24,Gold,North,Jaipur,23-09-2020
C03090,F,45-54,Bronze,South,Chennai,21-10-2020
C03091,M,35-44,Guest,East,Patna,30-11-2024
C03092,F,35-44,Silver,West,Pune,13-04-2022
C03093,M,25-34,Bronze,South,Kochi,09-09-2024
C03094,F,18-24,Guest,North,Lucknow,19-08-2020
C03095,F,18-24,Bronze,South,Chennai,18-09-2021
C03096,M,45-54,Bronze,East,Guwahati,16-12-2022
C03097,M,25-34,Gold,East,Guwahati,03-01-2020
C03098,M,45-54,Silver,North,Lucknow,11-12-2023
C03099,Other,18-24,Bronze,Central,Bhopal,11-03-2024
C03100,M,35-44,Bronze,West,Ahmedabad,04-05-2023
C03101,F,45-54,Silver,South,Bengaluru,26-03-2021
C03102,F,25-34,Bronze,West,Surat,17-07-2021
C03103,F,55-64,Silver,West,Ahmedabad,12-01-2022
C03104,M,65+,Gold,Central,Indore,15-01-2025
C03105,F,25-34,Bronze,South,Hyderabad,22-10-2025
C03106,M,18-24,Gold,West,Surat,28-11-2023
C03107,F,25-34,Silver,Central,Bhopal,14-12-2022
C03108,F,25-34,Silver,South,Hyderabad,04-08-2024
C03109,F,25-34,Silver,East,Guwahati,10-02-2024
C03110,F,65+,Silver,North,Delhi,14-01-2023
C03111,M,65+,Bronze,North,Lucknow,18-03-2024
C03112,M,25-34,Silver,Central,Raipur,20-09-2024
C03113,F,45-54,Bronze,Central,Bhopal,15-03-2020
C03114,Other,45-54,Silver,South,Hyderabad,21-07-2025
C03115,F,18-24,Silver,North,Chandigarh,15-10-2021
C03116,F,45-54,Bronze,Central,Nagpur,05-05-2025
C03117,M,35-44,Bronze,South,Hyderabad,04-12-2023
C03118,F,25-34,Silver,North,Chandigarh,26-09-2025
C03119,M,18-24,Silver,West,Mumbai,18-12-2023
C03120,F,35-44,Guest,North,Lucknow,02-03-2021
C03121,M,65+,Bronze,North,Jaipur,17-08-2024
C03122,F,25-34,Silver,North,Delhi,27-01-2024
C03123,M,35-44,Guest,South,Chennai,09-06-2025
C03124,F,18-24,Bronze,Central,Indore,04-10-2023
C03125,M,25-34,Silver,East,Patna,01-11-2022
C03126,M,55-64,Platinum,South,Hyderabad,08-08-2022
C03127,M,45-54,Gold,East,Bhubaneswar,27-05-2021
C03128,M,25-34,Bronze,East,Kolkata,06-08-2025
C03129,M,25-34,Silver,South,Kochi,08-11-2023
C03130,M,55-64,Bronze,East,Guwahati,26-06-2022
C03131,M,55-64,Guest,North,Lucknow,14-08-2023
C03132,Other,35-44,Silver,South,Chennai,08-02-2021
C03133,M,45-54,Guest,East,Bhubaneswar,26-11-2023
C03134,M,45-54,Silver,West,Ahmedabad,03-12-2023
C03135,F,35-44,Bronze,North,Chandigarh,08-08-2020
C03136,Other,35-44,Silver,North,Chandigarh,05-12-2021
C03137,F,18-24,Gold,South,Hyderabad,07-11-2024
C03138,M,18-24,Gold,Central,Nagpur,17-03-2021
C03139,F,25-34,Gold,South,Hyderabad,02-11-2024
C03140,M,35-44,Bronze,South,Hyderabad,24-01-2023
C03141,F,35-44,Bronze,West,Mumbai,05-12-2023
C03142,F,18-24,Gold,South,Bengaluru,25-08-2022
C03143,M,35-44,Bronze,South,Hyderabad,12-04-2022
C03144,F,18-24,Silver,South,Kochi,20-04-2021
C03145,M,25-34,Silver,South,Kochi,02-03-2020
C03146,M,45-54,Bronze,East,Guwahati,25-01-2020
C03147,F,45-54,Gold,North,Jaipur,25-06-2021
C03148,M,55-64,Bronze,West,Mumbai,07-10-2023
C03149,F,25-34,Bronze,East,Bhubaneswar,23-06-2023
C03150,F,55-64,Silver,North,Lucknow,23-07-2023
C03151,M,18-24,Bronze,South,Chennai,09-12-2022
C03152,F,25-34,Gold,South,Kochi,18-01-2023
C03153,F,35-44,Bronze,North,Delhi,29-04-2022
C03154,F,25-34,Silver,North,Chandigarh,08-07-2022
C03155,M,25-34,Bronze,East,Patna,15-08-2021
C03156,M,18-24,Silver,East,Guwahati,26-07-2021
C03157,F,18-24,Bronze,North,Jaipur,03-02-2021
C03158,M,45-54,Bronze,West,Ahmedabad,16-09-2020
C03159,F,25-34,Bronze,Central,Indore,11-08-2025
C03160,M,25-34,Silver,Central,Nagpur,02-12-2022
C03161,F,25-34,Gold,West,Mumbai,17-09-2023
C03162,F,65+,Gold,South,Chennai,23-12-2022
C03163,M,45-54,Gold,West,Mumbai,29-11-2024
C03164,F,35-44,Bronze,Central,Nagpur,19-06-2020
C03165,F,45-54,Silver,North,Chandigarh,21-06-2020
C03166,F,25-34,Gold,South,Chennai,07-12-2022
C03167,M,25-34,Gold,Central,Raipur,05-09-2020
C03168,F,25-34,Bronze,North,Jaipur,23-05-2021
C03169,M,45-54,Platinum,Central,Nagpur,10-02-2024
C03170,F,55-64,Bronze,West,Surat,27-09-2024
C03171,M,65+,Bronze,West,Surat,24-04-2022
C03172,Other,45-54,Bronze,Central,Nagpur,22-11-2023
C03173,F,35-44,Guest,West,Pune,06-11-2023
C03174,F,35-44,Bronze,North,Chandigarh,16-11-2024
C03175,F,35-44,Gold,East,Kolkata,19-12-2023
C03176,F,35-44,Bronze,North,Chandigarh,16-08-2025
C03177,M,18-24,Gold,East,Patna,22-06-2023
C03178,M,25-34,Guest,West,Mumbai,24-05-2024
C03179,F,45-54,Bronze,South,Kochi,27-09-2022
C03180,Other,25-34,Silver,South,Hyderabad,04-02-2021
C03181,M,55-64,Bronze,East,Kolkata,01-12-2023
C03182,F,35-44,Silver,West,Ahmedabad,24-05-2023
C03183,F,25-34,Bronze,West,Ahmedabad,12-09-2020
C03184,F,45-54,Guest,South,Chennai,23-07-2020
C03185,M,35-44,Silver,Central,Nagpur,04-08-2020
C03186,F,45-54,Bronze,East,Patna,29-09-2023
C03187,M,25-34,Silver,East,Guwahati,11-05-2021
C03188,M,45-54,Silver,Central,Indore,30-08-2020
C03189,M,25-34,Bronze,West,Pune,15-07-2025
C03190,F,45-54,Bronze,East,Guwahati,26-12-2023
C03191,F,35-44,Silver,East,Bhubaneswar,12-08-2021
C03192,F,25-34,Bronze,Central,Raipur,17-10-2024
C03193,M,25-34,Silver,South,Bengaluru,05-10-2022
C03194,M,35-44,Bronze,Central,Indore,23-05-2023
C03195,F,35-44,Bronze,North,Delhi,11-02-2024
C03196,F,25-34,Gold,West,Ahmedabad,15-09-2025
C03197,F,35-44,Bronze,East,Bhubaneswar,20-10-2024
C03198,F,55-64,Bronze,Central,Bhopal,28-05-2020
C03199,M,18-24,Silver,East,Kolkata,13-03-2025
C03200,M,45-54,Silver,West,Surat,20-09-2024
C03201,M,25-34,Silver,West,Mumbai,05-05-2020
C03202,M,45-54,Guest,Central,Bhopal,19-04-2025
C03203,F,55-64,Bronze,East,Kolkata,19-12-2023
C03204,F,35-44,Guest,East,Guwahati,03-12-2021
C03205,F,25-34,Gold,South,Kochi,15-11-2020
C03206,M,35-44,Silver,Central,Nagpur,24-11-2023
C03207,M,35-44,Silver,West,Ahmedabad,27-11-2021
C03208,Other,55-64,Bronze,East,Kolkata,26-07-2023
C03209,F,45-54,Bronze,South,Hyderabad,15-03-2023
C03210,M,25-34,Silver,East,Bhubaneswar,13-09-2022
C03211,M,35-44,Bronze,North,Delhi,16-11-2024
C03212,M,25-34,Silver,South,Kochi,15-01-2022
C03213,M,25-34,Bronze,North,Jaipur,05-06-2023
C03214,M,35-44,Gold,North,Chandigarh,29-03-2023
C03215,F,45-54,Bronze,South,Hyderabad,27-02-2020
C03216,M,35-44,Guest,Central,Nagpur,23-07-2022
C03217,F,25-34,Guest,East,Patna,05-08-2022
C03218,M,55-64,Bronze,West,Surat,01-01-2025
C03219,M,18-24,Bronze,South,Kochi,17-03-2023
C03220,M,25-34,Gold,West,Surat,26-03-2025
C03221,M,25-34,Bronze,East,Patna,06-07-2025
C03222,M,45-54,Gold,North,Lucknow,12-02-2020
C03223,F,35-44,Silver,North,Lucknow,01-03-2020
C03224,F,25-34,Gold,North,Lucknow,17-01-2021
C03225,F,35-44,Platinum,North,Chandigarh,14-07-2020
C03226,M,25-34,Gold,North,Chandigarh,16-10-2022
C03227,M,45-54,Gold,North,Delhi,27-02-2025
C03228,M,65+,Bronze,East,Kolkata,16-08-2023
C03229,F,45-54,Bronze,East,Patna,09-07-2021
C03230,M,25-34,Silver,East,Bhubaneswar,05-04-2020
C03231,M,25-34,Silver,East,Kolkata,03-09-2025
C03232,F,45-54,Guest,South,Bengaluru,31-08-2024
C03233,F,65+,Bronze,North,Jaipur,21-04-2021
C03234,M,25-34,Silver,North,Jaipur,29-10-2025
C03235,F,55-64,Bronze,West,Pune,08-05-2022
C03236,M,25-34,Silver,East,Guwahati,07-02-2020
C03237,F,35-44,Bronze,South,Chennai,28-02-2024
C03238,F,25-34,Bronze,Central,Nagpur,08-12-2023
C03239,F,25-34,Gold,Central,Nagpur,12-11-2021
C03240,M,25-34,Silver,South,Kochi,28-11-2022
C03241,M,35-44,Bronze,West,Pune,28-01-2025
C03242,M,45-54,Bronze,West,Mumbai,04-01-2021
C03243,F,25-34,Silver,East,Kolkata,24-06-2025
C03244,F,45-54,Silver,South,Chennai,30-08-2025
C03245,F,45-54,Silver,East,Bhubaneswar,04-02-2024
C03246,F,45-54,Bronze,North,Lucknow,08-06-2021
C03247,F,45-54,Silver,West,Mumbai,09-05-2022
C03248,Other,35-44,Gold,South,Bengaluru,31-07-2022
C03249,M,45-54,Gold,West,Surat,25-12-2024
C03250,F,25-34,Silver,South,Chennai,24-08-2023
C03251,Other,25-34,Bronze,North,Delhi,11-03-2023
C03252,M,55-64,Gold,South,Chennai,11-06-2024
C03253,F,45-54,Bronze,Central,Nagpur,19-01-2023
C03254,F,18-24,Silver,West,Mumbai,02-07-2022
C03255,M,25-34,Silver,West,Ahmedabad,13-12-2022
C03256,F,18-24,Bronze,South,Bengaluru,19-12-2022
C03257,F,35-44,Bronze,West,Pune,03-07-2021
C03258,F,35-44,Gold,Central,Nagpur,04-11-2023
C03259,M,45-54,Gold,East,Patna,27-11-2022
C03260,M,35-44,Bronze,North,Chandigarh,12-09-2023
C03261,F,25-34,Bronze,Central,Indore,19-04-2020
C03262,M,35-44,Silver,Central,Indore,18-09-2024
C03263,F,18-24,Bronze,East,Patna,13-06-2025
C03264,F,18-24,Platinum,North,Delhi,13-09-2022
C03265,F,55-64,Bronze,Central,Raipur,19-02-2020
C03266,F,18-24,Bronze,North,Lucknow,24-08-2020
C03267,F,18-24,Silver,West,Ahmedabad,08-09-2021
C03268,F,55-64,Gold,North,Delhi,16-07-2021
C03269,M,35-44,Silver,North,Chandigarh,31-03-2025
C03270,F,65+,Platinum,East,Bhubaneswar,25-04-2024
C03271,F,35-44,Silver,North,Delhi,25-11-2023
C03272,M,45-54,Bronze,North,Jaipur,27-06-2022
C03273,M,35-44,Silver,North,Jaipur,13-09-2021
C03274,F,18-24,Bronze,South,Bengaluru,11-12-2024
C03275,M,35-44,Gold,West,Mumbai,06-03-2021
C03276,M,35-44,Silver,South,Hyderabad,15-12-2024
C03277,F,25-34,Bronze,East,Patna,27-03-2024
C03278,F,45-54,Silver,South,Kochi,30-09-2024
C03279,F,18-24,Silver,North,Lucknow,22-03-2025
C03280,F,25-34,Silver,East,Bhubaneswar,09-07-2025
C03281,M,45-54,Guest,North,Chandigarh,07-01-2022
C03282,F,25-34,Bronze,West,Pune,02-11-2022
C03283,F,25-34,Bronze,East,Patna,01-04-2025
C03284,F,18-24,Gold,North,Chandigarh,28-02-2025
C03285,M,35-44,Gold,East,Guwahati,07-10-2020
C03286,M,25-34,Gold,Central,Nagpur,10-08-2023
C03287,F,25-34,Silver,Central,Indore,12-07-2020
C03288,F,18-24,Gold,North,Chandigarh,20-11-2022
C03289,M,35-44,Silver,South,Hyderabad,24-04-2022
C03290,F,25-34,Silver,South,Bengaluru,01-04-2023
C03291,F,18-24,Silver,West,Pune,05-12-2022
C03292,F,45-54,Bronze,South,Kochi,06-02-2024
C03293,F,25-34,Guest,Central,Bhopal,24-05-2022
C03294,M,25-34,Gold,West,Ahmedabad,04-06-2021
C03295,F,55-64,Gold,West,Surat,14-03-2023
C03296,M,25-34,Bronze,North,Chandigarh,25-02-2023
C03297,M,45-54,Silver,Central,Raipur,06-01-2024
C03298,M,25-34,Bronze,East,Kolkata,02-02-2023
C03299,M,35-44,Gold,West,Surat,09-02-2020
C03300,F,65+,Bronze,Central,Raipur,27-02-2020
C03301,M,25-34,Gold,North,Lucknow,21-04-2021
C03302,F,55-64,Bronze,East,Bhubaneswar,06-09-2021
C03303,F,25-34,Guest,Central,Raipur,06-11-2023
C03304,Other,35-44,Guest,South,Chennai,22-09-2024
C03305,M,18-24,Silver,West,Mumbai,31-08-2022
C03306,F,45-54,Bronze,West,Surat,28-07-2022
C03307,M,55-64,Silver,North,Lucknow,23-12-2022
C03308,M,45-54,Bronze,Central,Nagpur,05-06-2023
C03309,F,35-44,Platinum,West,Ahmedabad,13-12-2023
C03310,F,65+,Gold,West,Pune,18-02-2020
C03311,F,25-34,Silver,South,Hyderabad,07-07-2023
C03312,M,45-54,Gold,East,Kolkata,26-02-2021
C03313,Other,45-54,Silver,Central,Indore,18-04-2022
C03314,F,35-44,Bronze,Central,Bhopal,20-04-2020
C03315,Other,18-24,Silver,West,Mumbai,02-03-2023
C03316,F,45-54,Bronze,North,Chandigarh,06-12-2021
C03317,F,35-44,Bronze,North,Lucknow,14-09-2023
C03318,F,55-64,Bronze,North,Chandigarh,03-11-2024
C03319,M,65+,Guest,North,Lucknow,15-04-2022
C03320,F,25-34,Bronze,North,Chandigarh,04-07-2020
C03321,M,45-54,Silver,North,Chandigarh,10-10-2021
C03322,M,45-54,Silver,Central,Raipur,10-10-2024
C03323,M,45-54,Bronze,West,Surat,11-11-2024
C03324,F,18-24,Bronze,East,Patna,25-08-2021
C03325,F,45-54,Platinum,West,Mumbai,02-11-2021
C03326,Other,25-34,Bronze,Central,Nagpur,26-03-2023
C03327,M,55-64,Silver,North,Chandigarh,04-10-2025
C03328,M,45-54,Silver,North,Jaipur,04-11-2024
C03329,F,18-24,Gold,North,Delhi,12-02-2021
C03330,Other,35-44,Bronze,South,Bengaluru,31-08-2025
C03331,F,45-54,Gold,East,Guwahati,29-03-2025
C03332,M,35-44,Silver,North,Delhi,06-04-2022
C03333,F,35-44,Bronze,East,Guwahati,06-02-2020
C03334,Other,25-34,Gold,East,Patna,04-05-2021
C03335,M,35-44,Bronze,South,Kochi,05-04-2022
C03336,F,35-44,Silver,South,Bengaluru,07-08-2020
C03337,M,18-24,Gold,South,Hyderabad,16-12-2024
C03338,Other,25-34,Silver,East,Bhubaneswar,14-01-2021
C03339,M,45-54,Silver,Central,Raipur,12-04-2020
C03340,F,35-44,Bronze,West,Mumbai,06-03-2023
C03341,F,25-34,Bronze,Central,Raipur,20-04-2022
C03342,F,18-24,Bronze,West,Pune,26-10-2021
C03343,M,25-34,Silver,North,Delhi,29-09-2024
C03344,F,45-54,Platinum,Central,Nagpur,10-09-2020
C03345,F,25-34,Gold,South,Hyderabad,30-03-2020
C03346,F,65+,Guest,North,Lucknow,10-03-2020
C03347,M,25-34,Bronze,South,Kochi,15-07-2023
C03348,M,25-34,Bronze,North,Jaipur,07-05-2024
C03349,F,35-44,Gold,East,Bhubaneswar,06-09-2025
C03350,F,65+,Bronze,Central,Raipur,20-09-2020
C03351,M,65+,Bronze,North,Jaipur,29-08-2025
C03352,F,25-34,Silver,South,Chennai,09-11-2022
C03353,M,25-34,Gold,East,Kolkata,29-05-2024
C03354,F,35-44,Gold,Central,Nagpur,03-02-2021
C03355,M,25-34,Gold,Central,Bhopal,18-01-2025
C03356,M,65+,Guest,Central,Indore,18-03-2020
C03357,F,65+,Silver,West,Mumbai,10-08-2022
C03358,M,45-54,Guest,West,Ahmedabad,12-03-2022
C03359,F,45-54,Bronze,Central,Bhopal,13-08-2024
C03360,F,45-54,Bronze,Central,Raipur,19-12-2021
C03361,M,45-54,Bronze,South,Bengaluru,02-12-2022
C03362,M,65+,Bronze,Central,Bhopal,26-02-2022
C03363,F,45-54,Silver,Central,Raipur,04-12-2024
C03364,F,35-44,Silver,East,Kolkata,23-05-2024
C03365,M,25-34,Gold,West,Pune,22-05-2021
C03366,F,45-54,Bronze,West,Surat,18-04-2025
C03367,M,55-64,Silver,West,Ahmedabad,25-03-2024
C03368,F,25-34,Gold,Central,Bhopal,25-01-2023
C03369,F,65+,Bronze,Central,Nagpur,04-11-2021
C03370,F,25-34,Gold,North,Jaipur,24-07-2024
C03371,F,35-44,Bronze,East,Patna,31-05-2022
C03372,M,55-64,Bronze,East,Bhubaneswar,22-09-2020
C03373,M,65+,Silver,East,Patna,30-08-2025
C03374,F,25-34,Gold,East,Bhubaneswar,23-07-2020
C03375,F,35-44,Gold,East,Guwahati,16-09-2025
C03376,M,25-34,Bronze,West,Mumbai,27-10-2022
C03377,M,18-24,Bronze,West,Ahmedabad,06-04-2020
C03378,M,45-54,Silver,East,Kolkata,03-06-2025
C03379,M,25-34,Bronze,West,Surat,10-04-2021
C03380,M,45-54,Silver,East,Bhubaneswar,21-06-2025
C03381,M,18-24,Gold,East,Kolkata,22-05-2022
C03382,F,25-34,Bronze,South,Bengaluru,21-08-2021
C03383,M,55-64,Bronze,South,Chennai,11-01-2024
C03384,F,45-54,Bronze,Central,Bhopal,14-08-2024
C03385,F,55-64,Silver,Central,Indore,05-06-2021
C03386,M,55-64,Bronze,West,Mumbai,16-04-2025
C03387,F,35-44,Bronze,South,Hyderabad,19-02-2023
C03388,M,65+,Platinum,Central,Raipur,16-10-2020
C03389,M,35-44,Gold,North,Jaipur,12-12-2023
C03390,M,25-34,Bronze,West,Mumbai,25-02-2021
C03391,M,25-34,Silver,West,Surat,10-07-2020
C03392,Other,45-54,Platinum,East,Guwahati,26-11-2023
C03393,F,35-44,Gold,North,Chandigarh,29-09-2024
C03394,M,25-34,Silver,Central,Indore,16-03-2022
C03395,M,25-34,Silver,South,Hyderabad,30-04-2021
C03396,Other,25-34,Bronze,Central,Nagpur,29-07-2020
C03397,F,25-34,Silver,East,Kolkata,03-03-2023
C03398,F,55-64,Silver,North,Delhi,27-07-2024
C03399,M,35-44,Gold,South,Chennai,08-12-2022
C03400,M,65+,Gold,East,Bhubaneswar,25-10-2021
C03401,F,35-44,Gold,East,Kolkata,23-03-2020
C03402,M,18-24,Bronze,South,Hyderabad,24-02-2023
C03403,Other,35-44,Guest,West,Ahmedabad,14-10-2022
C03404,F,55-64,Gold,Central,Indore,20-12-2021
C03405,F,25-34,Gold,North,Delhi,06-01-2023
C03406,M,55-64,Bronze,West,Ahmedabad,16-08-2025
C03407,F,35-44,Guest,East,Bhubaneswar,22-04-2020
C03408,F,25-34,Gold,West,Mumbai,04-07-2024
C03409,F,65+,Bronze,North,Jaipur,30-05-2021
C03410,M,25-34,Bronze,East,Kolkata,09-05-2025
C03411,F,25-34,Bronze,East,Guwahati,06-04-2023
C03412,M,45-54,Silver,Central,Raipur,27-05-2024
C03413,M,55-64,Gold,South,Kochi,13-01-2025
C03414,M,35-44,Silver,West,Mumbai,27-03-2024
C03415,F,45-54,Bronze,West,Surat,28-04-2022
C03416,F,35-44,Silver,East,Bhubaneswar,12-05-2024
C03417,F,65+,Bronze,North,Delhi,29-11-2021
C03418,M,35-44,Gold,North,Delhi,06-08-2021
C03419,M,35-44,Bronze,West,Ahmedabad,04-06-2022
C03420,M,25-34,Bronze,Central,Nagpur,06-06-2022
C03421,F,45-54,Silver,South,Chennai,19-09-2025
C03422,M,45-54,Silver,Central,Indore,08-04-2025
C03423,Other,25-34,Bronze,North,Lucknow,20-10-2024
C03424,F,55-64,Bronze,South,Hyderabad,30-10-2020
C03425,F,25-34,Gold,North,Chandigarh,23-09-2022
C03426,M,25-34,Bronze,East,Kolkata,20-06-2022
C03427,F,55-64,Bronze,West,Pune,02-07-2024
C03428,F,25-34,Guest,West,Surat,24-08-2022
C03429,M,45-54,Bronze,West,Pune,11-02-2021
C03430,M,45-54,Bronze,North,Delhi,18-08-2023
C03431,Other,25-34,Gold,North,Lucknow,24-12-2022
C03432,F,18-24,Silver,West,Ahmedabad,09-05-2022
C03433,M,55-64,Platinum,East,Bhubaneswar,06-05-2024
C03434,F,45-54,Bronze,West,Pune,19-03-2025
C03435,M,45-54,Silver,Central,Indore,20-06-2021
C03436,M,25-34,Silver,West,Pune,28-12-2022
C03437,F,18-24,Gold,East,Kolkata,21-01-2025
C03438,M,25-34,Silver,East,Bhubaneswar,17-03-2022
C03439,M,25-34,Gold,West,Surat,13-07-2024
C03440,F,18-24,Bronze,South,Kochi,29-08-2023
C03441,F,45-54,Platinum,North,Chandigarh,12-05-2024
C03442,F,25-34,Bronze,East,Guwahati,06-03-2025
C03443,M,45-54,Bronze,South,Bengaluru,21-04-2025
C03444,M,25-34,Bronze,West,Pune,08-10-2020
C03445,M,35-44,Gold,East,Kolkata,16-10-2024
C03446,F,18-24,Bronze,South,Chennai,09-12-2020
C03447,M,65+,Bronze,Central,Nagpur,31-08-2020
C03448,F,45-54,Gold,Central,Raipur,10-05-2023
C03449,M,35-44,Bronze,West,Ahmedabad,21-01-2024
C03450,F,35-44,Bronze,Central,Nagpur,16-08-2024
C03451,M,45-54,Bronze,South,Hyderabad,02-02-2024
C03452,F,55-64,Gold,Central,Raipur,29-09-2024
C03453,F,45-54,Platinum,West,Pune,16-03-2020
C03454,M,35-44,Silver,North,Lucknow,24-11-2024
C03455,F,35-44,Gold,South,Chennai,13-01-2023
C03456,M,35-44,Silver,East,Patna,28-08-2022
C03457,F,35-44,Gold,South,Kochi,30-01-2024
C03458,M,35-44,Bronze,Central,Bhopal,03-12-2021
C03459,M,35-44,Bronze,North,Chandigarh,26-02-2021
C03460,F,45-54,Silver,East,Guwahati,25-02-2022
C03461,M,55-64,Bronze,South,Chennai,13-09-2021
C03462,M,55-64,Bronze,West,Ahmedabad,27-01-2022
C03463,F,45-54,Silver,South,Hyderabad,13-09-2024
C03464,M,45-54,Platinum,North,Chandigarh,22-11-2024
C03465,F,35-44,Bronze,South,Bengaluru,13-09-2021
C03466,M,45-54,Bronze,West,Mumbai,02-03-2020
C03467,F,65+,Bronze,South,Kochi,03-12-2022
C03468,M,18-24,Bronze,Central,Raipur,29-04-2025
C03469,F,35-44,Silver,South,Bengaluru,20-07-2024
C03470,Other,65+,Gold,North,Chandigarh,15-03-2025
C03471,M,18-24,Silver,North,Jaipur,18-05-2021
C03472,M,35-44,Gold,North,Jaipur,23-09-2022
C03473,M,45-54,Bronze,West,Ahmedabad,28-04-2023
C03474,M,55-64,Guest,North,Lucknow,14-10-2024
C03475,F,35-44,Bronze,West,Surat,29-04-2023
C03476,F,25-34,Silver,Central,Raipur,30-09-2022
C03477,F,18-24,Silver,North,Jaipur,31-03-2023
C03478,F,35-44,Gold,West,Mumbai,19-07-2025
C03479,M,45-54,Gold,Central,Bhopal,06-09-2024
C03480,Other,18-24,Silver,South,Bengaluru,17-03-2025
C03481,Other,25-34,Gold,West,Pune,12-06-2021
C03482,F,25-34,Bronze,South,Chennai,08-07-2024
C03483,F,35-44,Bronze,North,Jaipur,15-08-2025
C03484,M,45-54,Silver,South,Hyderabad,29-06-2020
C03485,F,35-44,Bronze,West,Mumbai,21-02-2021
C03486,M,25-34,Gold,East,Patna,02-08-2024
C03487,M,65+,Gold,South,Bengaluru,24-04-2025
C03488,M,25-34,Gold,West,Surat,01-03-2020
C03489,M,25-34,Bronze,West,Ahmedabad,09-03-2023
C03490,F,55-64,Gold,Central,Bhopal,14-01-2022
C03491,M,65+,Bronze,North,Lucknow,27-06-2021
C03492,F,35-44,Silver,South,Bengaluru,06-10-2022
C03493,M,35-44,Bronze,North,Chandigarh,22-01-2023
C03494,M,25-34,Platinum,South,Kochi,14-02-2021
C03495,M,18-24,Bronze,North,Chandigarh,19-08-2024
C03496,M,18-24,Silver,North,Jaipur,26-02-2025
C03497,F,18-24,Gold,Central,Bhopal,17-08-2020
C03498,F,35-44,Gold,Central,Bhopal,17-05-2022
C03499,M,25-34,Bronze,North,Chandigarh,26-02-2022
C03500,M,18-24,Platinum,South,Kochi,01-11-2020
C03501,M,45-54,Gold,South,Bengaluru,02-03-2025
C03502,M,25-34,Silver,West,Surat,23-08-2021
C03503,F,35-44,Gold,Central,Nagpur,26-02-2021
C03504,F,45-54,Gold,East,Bhubaneswar,15-05-2023
C03505,M,35-44,Guest,North,Lucknow,03-03-2024
C03506,M,25-34,Silver,Central,Indore,18-12-2021
C03507,F,45-54,Bronze,Central,Indore,07-10-2021
C03508,M,25-34,Silver,East,Patna,27-01-2025
C03509,M,55-64,Silver,South,Bengaluru,20-10-2023
C03510,M,25-34,Bronze,East,Bhubaneswar,05-03-2020
C03511,M,25-34,Bronze,West,Pune,07-04-2020
C03512,M,35-44,Silver,Central,Bhopal,25-09-2025
C03513,F,25-34,Silver,Central,Raipur,26-04-2022
C03514,F,55-64,Gold,Central,Nagpur,22-08-2022
C03515,F,55-64,Bronze,North,Jaipur,18-02-2022
C03516,F,25-34,Silver,South,Chennai,23-08-2021
C03517,F,35-44,Gold,North,Chandigarh,11-07-2021
C03518,Other,35-44,Bronze,West,Mumbai,26-02-2025
C03519,M,35-44,Gold,North,Delhi,12-12-2024
C03520,M,45-54,Bronze,North,Lucknow,21-08-2022
C03521,F,35-44,Gold,North,Chandigarh,13-07-2020
C03522,M,25-34,Bronze,West,Ahmedabad,25-08-2024
C03523,F,35-44,Silver,West,Mumbai,19-10-2023
C03524,F,45-54,Bronze,North,Lucknow,12-04-2025
C03525,M,45-54,Gold,Central,Raipur,07-02-2023
C03526,M,35-44,Bronze,South,Bengaluru,09-01-2023
C03527,M,25-34,Silver,West,Ahmedabad,17-11-2020
C03528,F,18-24,Bronze,South,Chennai,29-01-2022
C03529,F,55-64,Silver,Central,Nagpur,25-11-2021
C03530,F,35-44,Silver,Central,Indore,07-01-2024
C03531,M,45-54,Gold,South,Bengaluru,07-10-2024
C03532,M,25-34,Silver,North,Jaipur,21-07-2025
C03533,M,18-24,Bronze,West,Ahmedabad,03-06-2020
C03534,M,45-54,Gold,South,Hyderabad,18-04-2022
C03535,F,55-64,Silver,East,Kolkata,18-05-2025
C03536,M,35-44,Platinum,North,Delhi,04-01-2025
C03537,M,45-54,Bronze,North,Lucknow,19-03-2025
C03538,Other,65+,Gold,Central,Raipur,05-04-2020
C03539,F,18-24,Bronze,West,Pune,14-02-2025
C03540,F,25-34,Silver,South,Chennai,17-05-2023
C03541,M,35-44,Bronze,East,Kolkata,19-08-2021
C03542,F,55-64,Bronze,North,Lucknow,20-08-2024
C03543,F,18-24,Bronze,South,Chennai,04-01-2025
C03544,M,35-44,Bronze,North,Chandigarh,23-12-2023
C03545,M,18-24,Platinum,West,Pune,28-04-2022
C03546,F,18-24,Silver,West,Ahmedabad,20-01-2022
C03547,F,35-44,Gold,West,Surat,05-11-2024
C03548,M,45-54,Bronze,East,Guwahati,12-08-2021
C03549,M,25-34,Bronze,North,Lucknow,13-12-2024
C03550,Other,25-34,Silver,North,Chandigarh,21-04-2023
C03551,F,25-34,Gold,West,Ahmedabad,12-09-2022
C03552,F,45-54,Bronze,West,Mumbai,05-08-2022
C03553,M,55-64,Silver,North,Delhi,02-12-2023
C03554,M,55-64,Bronze,South,Bengaluru,21-07-2024
C03555,F,35-44,Bronze,South,Bengaluru,01-11-2024
C03556,F,35-44,Gold,Central,Nagpur,14-07-2021
C03557,F,25-34,Silver,North,Chandigarh,23-03-2023
C03558,F,25-34,Silver,East,Bhubaneswar,21-10-2023
C03559,M,55-64,Silver,South,Hyderabad,30-08-2020
C03560,F,65+,Gold,West,Ahmedabad,24-10-2022
C03561,F,35-44,Gold,West,Surat,08-11-2022
C03562,Other,35-44,Bronze,Central,Nagpur,08-03-2020
C03563,M,65+,Silver,West,Ahmedabad,05-12-2023
C03564,F,25-34,Platinum,West,Mumbai,16-04-2024
C03565,M,25-34,Gold,West,Ahmedabad,18-08-2024
C03566,F,18-24,Bronze,East,Guwahati,11-11-2023
C03567,F,35-44,Platinum,West,Pune,05-09-2024
C03568,M,18-24,Silver,North,Lucknow,01-07-2021
C03569,M,25-34,Gold,East,Kolkata,09-05-2023
C03570,Other,35-44,Bronze,Central,Raipur,30-05-2022
C03571,F,25-34,Bronze,East,Bhubaneswar,30-09-2020
C03572,F,45-54,Bronze,West,Mumbai,10-07-2025
C03573,F,35-44,Silver,West,Surat,17-08-2020
C03574,F,35-44,Silver,East,Kolkata,23-08-2024
C03575,F,35-44,Bronze,East,Kolkata,02-09-2024
C03576,F,18-24,Gold,East,Kolkata,05-01-2021
C03577,F,55-64,Gold,North,Jaipur,08-06-2023
C03578,M,25-34,Gold,South,Kochi,16-09-2024
C03579,M,45-54,Bronze,East,Guwahati,08-01-2022
C03580,F,25-34,Silver,West,Pune,03-03-2020
C03581,F,25-34,Gold,West,Surat,31-08-2025
C03582,M,25-34,Platinum,East,Patna,18-08-2025
C03583,M,18-24,Platinum,North,Jaipur,05-08-2024
C03584,M,35-44,Silver,West,Pune,09-04-2025
C03585,F,55-64,Bronze,South,Bengaluru,19-03-2020
C03586,F,35-44,Bronze,West,Surat,22-04-2022
C03587,F,25-34,Bronze,East,Guwahati,20-06-2025
C03588,F,55-64,Silver,Central,Bhopal,29-06-2024
C03589,M,25-34,Bronze,East,Patna,21-05-2022
C03590,M,18-24,Gold,South,Hyderabad,17-01-2022
C03591,F,35-44,Bronze,North,Lucknow,11-12-2023
C03592,M,55-64,Silver,North,Lucknow,06-11-2020
C03593,M,25-34,Bronze,West,Pune,11-07-2024
C03594,F,65+,Silver,West,Surat,18-10-2023
C03595,F,25-34,Gold,East,Bhubaneswar,15-03-2020
C03596,F,45-54,Silver,North,Delhi,05-02-2025
C03597,M,35-44,Gold,West,Ahmedabad,01-06-2025
C03598,M,25-34,Silver,East,Patna,04-08-2023
C03599,M,65+,Silver,South,Hyderabad,07-08-2021
C03600,M,45-54,Bronze,East,Patna,15-03-2020
C03601,F,35-44,Silver,East,Patna,15-08-2025
C03602,M,25-34,Platinum,East,Bhubaneswar,13-11-2024
C03603,M,25-34,Silver,West,Pune,20-09-2023
C03604,F,45-54,Gold,West,Surat,09-05-2023
C03605,M,35-44,Bronze,East,Bhubaneswar,18-04-2025
C03606,M,55-64,Gold,Central,Nagpur,09-11-2022
C03607,F,25-34,Bronze,West,Surat,04-05-2022
C03608,M,25-34,Bronze,West,Ahmedabad,20-06-2020
C03609,F,25-34,Bronze,Central,Bhopal,23-09-2022
C03610,F,45-54,Silver,North,Delhi,10-09-2024
C03611,F,35-44,Gold,Central,Indore,01-09-2022
C03612,M,25-34,Bronze,South,Chennai,04-08-2025
C03613,F,35-44,Guest,Central,Indore,04-12-2023
C03614,F,25-34,Bronze,West,Pune,31-10-2023
C03615,M,65+,Gold,West,Surat,08-03-2021
C03616,M,35-44,Bronze,North,Chandigarh,07-01-2020
C03617,M,35-44,Gold,East,Kolkata,27-10-2022
C03618,M,25-34,Gold,North,Jaipur,05-03-2024
C03619,F,55-64,Bronze,South,Chennai,05-09-2022
C03620,F,65+,Silver,Central,Bhopal,02-01-2023
C03621,M,18-24,Bronze,North,Jaipur,10-02-2023
C03622,F,18-24,Guest,South,Kochi,18-03-2025
C03623,F,35-44,Bronze,Central,Nagpur,03-03-2022
C03624,M,45-54,Bronze,Central,Nagpur,18-02-2021
C03625,M,45-54,Bronze,Central,Indore,06-11-2021
C03626,M,35-44,Silver,East,Guwahati,26-12-2023
C03627,F,25-34,Gold,South,Kochi,21-06-2022
C03628,M,35-44,Silver,South,Hyderabad,24-08-2024
C03629,F,55-64,Platinum,South,Chennai,08-06-2021
C03630,F,35-44,Silver,West,Pune,20-07-2023
C03631,F,35-44,Gold,East,Kolkata,01-12-2021
C03632,F,35-44,Silver,South,Hyderabad,09-05-2023
C03633,M,35-44,Bronze,East,Bhubaneswar,05-03-2020
C03634,M,45-54,Bronze,South,Kochi,04-02-2024
C03635,M,35-44,Silver,East,Bhubaneswar,02-08-2020
C03636,M,25-34,Silver,Central,Indore,12-02-2020
C03637,F,25-34,Bronze,Central,Indore,14-06-2020
C03638,F,18-24,Bronze,East,Kolkata,24-05-2021
C03639,F,25-34,Silver,South,Hyderabad,26-07-2024
C03640,M,65+,Platinum,East,Patna,24-01-2022
C03641,M,25-34,Gold,South,Bengaluru,27-09-2024
C03642,F,35-44,Silver,South,Kochi,20-11-2022
C03643,F,25-34,Silver,West,Pune,13-07-2024
C03644,F,35-44,Bronze,South,Hyderabad,23-08-2021
C03645,F,45-54,Silver,North,Delhi,08-03-2020
C03646,F,65+,Silver,South,Chennai,15-03-2021
C03647,M,35-44,Gold,Central,Raipur,20-04-2025
C03648,M,55-64,Gold,West,Pune,07-03-2020
C03649,F,25-34,Gold,Central,Raipur,01-02-2023
C03650,F,55-64,Silver,North,Delhi,16-12-2024
C03651,M,18-24,Gold,North,Lucknow,23-04-2024
C03652,M,25-34,Gold,Central,Bhopal,02-08-2022
C03653,M,35-44,Gold,East,Guwahati,05-03-2021
C03654,M,35-44,Bronze,North,Delhi,29-08-2022
C03655,M,45-54,Bronze,Central,Indore,05-01-2023
C03656,F,55-64,Silver,North,Lucknow,16-01-2021
C03657,M,55-64,Platinum,East,Kolkata,06-12-2020
C03658,F,45-54,Silver,West,Mumbai,15-11-2020
C03659,F,25-34,Platinum,Central,Nagpur,13-07-2025
C03660,F,25-34,Bronze,East,Kolkata,26-12-2020
C03661,F,25-34,Bronze,North,Jaipur,24-09-2023
C03662,M,25-34,Bronze,North,Lucknow,25-05-2020
C03663,F,35-44,Gold,North,Chandigarh,19-10-2022
C03664,F,45-54,Gold,West,Surat,15-08-2024
C03665,F,25-34,Silver,North,Chandigarh,12-10-2023
C03666,M,25-34,Silver,West,Pune,18-05-2022
C03667,M,55-64,Gold,West,Surat,11-04-2025
C03668,M,18-24,Bronze,North,Chandigarh,02-12-2023
C03669,M,35-44,Bronze,West,Surat,14-01-2025
C03670,F,45-54,Silver,Central,Raipur,04-02-2025
C03671,M,45-54,Gold,North,Delhi,26-09-2024
C03672,M,25-34,Gold,Central,Raipur,19-09-2025
C03673,F,35-44,Silver,South,Kochi,16-06-2023
C03674,F,45-54,Gold,West,Ahmedabad,26-08-2022
C03675,Other,25-34,Silver,East,Patna,10-10-2024
C03676,M,45-54,Silver,East,Bhubaneswar,19-01-2024
C03677,M,35-44,Bronze,West,Ahmedabad,08-06-2023
C03678,M,25-34,Gold,South,Kochi,04-01-2021
C03679,M,35-44,Silver,West,Surat,01-07-2024
C03680,F,45-54,Bronze,East,Bhubaneswar,10-10-2024
C03681,F,35-44,Gold,North,Delhi,05-10-2024
C03682,M,45-54,Bronze,Central,Raipur,10-05-2024
C03683,M,18-24,Silver,North,Chandigarh,25-10-2021
C03684,M,25-34,Bronze,Central,Indore,09-11-2022
C03685,M,45-54,Gold,East,Bhubaneswar,24-04-2023
C03686,M,55-64,Bronze,North,Lucknow,28-11-2021
C03687,M,18-24,Gold,North,Chandigarh,06-09-2025
C03688,F,45-54,Gold,South,Bengaluru,30-06-2022
C03689,F,45-54,Bronze,East,Bhubaneswar,31-07-2021
C03690,M,25-34,Gold,East,Kolkata,18-08-2023
C03691,M,35-44,Bronze,North,Lucknow,07-09-2024
C03692,M,18-24,Bronze,East,Bhubaneswar,30-07-2025
C03693,M,25-34,Silver,West,Mumbai,19-10-2024
C03694,F,55-64,Silver,South,Bengaluru,15-01-2021
C03695,F,45-54,Silver,North,Lucknow,27-04-2025
C03696,M,45-54,Bronze,South,Kochi,28-02-2020
C03697,F,35-44,Gold,West,Pune,05-02-2025
C03698,F,35-44,Silver,South,Bengaluru,21-01-2025
C03699,M,65+,Platinum,North,Chandigarh,14-06-2023
C03700,F,35-44,Bronze,West,Mumbai,17-10-2025
C03701,M,35-44,Silver,Central,Bhopal,07-10-2021
C03702,F,25-34,Silver,Central,Nagpur,24-04-2020
C03703,M,45-54,Silver,East,Kolkata,23-03-2022
C03704,M,25-34,Silver,Central,Raipur,07-06-2020
C03705,F,35-44,Bronze,West,Ahmedabad,31-03-2025
C03706,F,25-34,Bronze,North,Lucknow,07-06-2022
C03707,F,35-44,Silver,North,Lucknow,07-07-2024
C03708,M,18-24,Gold,West,Pune,09-10-2023
C03709,M,65+,Bronze,West,Pune,07-12-2020
C03710,M,25-34,Silver,North,Delhi,28-11-2022
C03711,F,65+,Guest,North,Lucknow,20-08-2022
C03712,F,25-34,Silver,North,Jaipur,02-07-2021
C03713,F,35-44,Bronze,South,Bengaluru,21-09-2024
C03714,M,55-64,Gold,West,Mumbai,13-08-2023
C03715,M,25-34,Bronze,Central,Bhopal,20-05-2020
C03716,M,35-44,Guest,North,Chandigarh,20-12-2024
C03717,M,35-44,Gold,East,Patna,05-01-2020
C03718,M,55-64,Bronze,South,Bengaluru,19-08-2025
C03719,F,35-44,Silver,North,Jaipur,29-02-2024
C03720,M,55-64,Bronze,Central,Nagpur,22-08-2024
C03721,F,45-54,Bronze,East,Bhubaneswar,04-04-2025
C03722,M,55-64,Bronze,South,Hyderabad,07-02-2021
C03723,F,45-54,Bronze,East,Patna,01-05-2024
C03724,F,25-34,Silver,West,Mumbai,30-05-2024
C03725,F,25-34,Bronze,Central,Indore,29-10-2021
C03726,M,55-64,Silver,East,Kolkata,02-07-2020
C03727,M,65+,Gold,East,Bhubaneswar,14-03-2022
C03728,F,35-44,Bronze,East,Guwahati,02-07-2024
C03729,M,25-34,Bronze,North,Lucknow,18-12-2022
C03730,M,45-54,Silver,Central,Indore,10-09-2025
C03731,F,35-44,Gold,North,Delhi,28-03-2020
C03732,F,25-34,Bronze,South,Kochi,26-04-2022
C03733,M,65+,Platinum,North,Jaipur,08-09-2020
C03734,M,35-44,Silver,West,Surat,26-10-2020
C03735,M,25-34,Bronze,East,Kolkata,12-05-2020
C03736,M,18-24,Bronze,South,Chennai,24-02-2025
C03737,F,55-64,Gold,North,Chandigarh,19-10-2022
C03738,F,35-44,Bronze,West,Ahmedabad,07-10-2022
C03739,F,18-24,Silver,Central,Bhopal,13-09-2022
C03740,F,35-44,Bronze,West,Ahmedabad,04-09-2023
C03741,M,55-64,Gold,South,Chennai,04-01-2023
C03742,M,35-44,Silver,Central,Raipur,20-08-2022
C03743,F,18-24,Platinum,North,Jaipur,16-09-2025
C03744,M,35-44,Bronze,East,Guwahati,11-07-2025
C03745,F,55-64,Silver,Central,Nagpur,11-04-2020
C03746,F,65+,Bronze,South,Hyderabad,31-05-2024
C03747,F,25-34,Silver,South,Kochi,05-11-2024
C03748,M,25-34,Gold,West,Ahmedabad,25-05-2020
C03749,M,45-54,Silver,West,Mumbai,29-11-2023
C03750,F,25-34,Gold,Central,Raipur,25-03-2024
C03751,F,55-64,Bronze,South,Hyderabad,12-03-2025
C03752,M,55-64,Gold,Central,Bhopal,24-12-2021
C03753,F,55-64,Bronze,South,Bengaluru,09-06-2025
C03754,M,35-44,Silver,Central,Nagpur,09-01-2020
C03755,M,25-34,Silver,East,Guwahati,13-02-2022
C03756,F,35-44,Bronze,North,Chandigarh,25-03-2022
C03757,M,25-34,Guest,Central,Indore,13-10-2023
C03758,F,35-44,Silver,South,Hyderabad,30-03-2025
C03759,F,45-54,Guest,East,Kolkata,17-01-2024
C03760,F,45-54,Gold,South,Hyderabad,25-06-2025
C03761,M,25-34,Bronze,East,Guwahati,08-06-2024
C03762,M,55-64,Silver,Central,Indore,08-05-2022
C03763,F,45-54,Bronze,West,Mumbai,02-02-2022
C03764,F,35-44,Gold,South,Bengaluru,24-02-2022
C03765,F,25-34,Bronze,West,Pune,13-01-2020
C03766,Other,35-44,Silver,North,Chandigarh,21-10-2022
C03767,F,45-54,Silver,North,Chandigarh,25-06-2025
C03768,F,65+,Silver,West,Surat,23-07-2025
C03769,F,18-24,Gold,South,Chennai,26-09-2022
C03770,M,65+,Silver,West,Mumbai,17-04-2023
C03771,M,55-64,Silver,West,Ahmedabad,28-08-2023
C03772,M,35-44,Bronze,North,Chandigarh,26-02-2023
C03773,M,18-24,Gold,West,Ahmedabad,10-05-2020
C03774,F,18-24,Bronze,West,Ahmedabad,26-08-2020
C03775,M,45-54,Gold,Central,Nagpur,13-12-2021
C03776,M,35-44,Bronze,North,Lucknow,22-11-2023
C03777,F,35-44,Silver,Central,Raipur,13-01-2022
C03778,F,45-54,Gold,East,Patna,12-05-2021
C03779,F,25-34,Gold,West,Mumbai,07-06-2022
C03780,M,25-34,Silver,North,Chandigarh,06-12-2024
C03781,M,45-54,Bronze,East,Kolkata,02-07-2021
C03782,M,45-54,Silver,North,Chandigarh,05-04-2020
C03783,F,65+,Gold,Central,Indore,10-10-2024
C03784,M,65+,Bronze,West,Mumbai,20-05-2021
C03785,F,45-54,Bronze,West,Ahmedabad,20-01-2024
C03786,F,55-64,Bronze,West,Mumbai,13-01-2024
C03787,M,18-24,Gold,South,Chennai,02-07-2022
C03788,F,55-64,Silver,West,Surat,22-09-2020
C03789,Other,18-24,Bronze,Central,Raipur,31-05-2020
C03790,M,45-54,Silver,North,Jaipur,24-12-2022
C03791,F,35-44,Bronze,North,Jaipur,23-01-2025
C03792,M,35-44,Platinum,North,Jaipur,23-10-2022
C03793,M,45-54,Silver,West,Mumbai,26-10-2022
C03794,F,45-54,Silver,Central,Bhopal,22-09-2024
C03795,F,25-34,Gold,North,Jaipur,26-03-2024
C03796,M,45-54,Silver,South,Chennai,28-05-2024
C03797,M,35-44,Silver,East,Patna,29-07-2021
C03798,M,45-54,Gold,East,Patna,13-01-2023
C03799,M,35-44,Gold,North,Delhi,28-11-2020
C03800,M,35-44,Silver,North,Jaipur,19-12-2021
C03801,M,35-44,Bronze,Central,Bhopal,31-08-2025
C03802,F,18-24,Silver,East,Guwahati,30-04-2022
C03803,Other,65+,Guest,Central,Indore,11-05-2021
C03804,M,25-34,Bronze,South,Chennai,03-02-2025
C03805,M,25-34,Gold,West,Pune,18-07-2025
C03806,M,35-44,Silver,Central,Raipur,03-11-2022
C03807,M,25-34,Bronze,West,Mumbai,29-01-2023
C03808,F,55-64,Silver,West,Mumbai,25-08-2023
C03809,M,55-64,Bronze,East,Kolkata,30-03-2023
C03810,F,45-54,Bronze,Central,Raipur,12-01-2023
C03811,F,35-44,Bronze,North,Delhi,28-08-2021
C03812,M,25-34,Bronze,Central,Raipur,01-07-2022
C03813,M,25-34,Gold,West,Surat,24-10-2020
C03814,F,18-24,Silver,East,Bhubaneswar,27-04-2021
C03815,F,25-34,Bronze,South,Kochi,28-09-2020
C03816,F,45-54,Bronze,Central,Raipur,15-08-2021
C03817,F,25-34,Silver,South,Chennai,19-02-2023
C03818,F,25-34,Gold,East,Bhubaneswar,25-03-2021
C03819,M,35-44,Gold,North,Chandigarh,30-07-2022
C03820,F,35-44,Gold,West,Mumbai,17-03-2023
C03821,M,35-44,Guest,North,Chandigarh,08-04-2020
C03822,M,35-44,Gold,Central,Raipur,15-07-2020
C03823,F,18-24,Silver,South,Kochi,07-06-2020
C03824,F,45-54,Gold,East,Kolkata,04-03-2020
C03825,F,18-24,Bronze,East,Bhubaneswar,06-08-2022
C03826,F,35-44,Guest,South,Chennai,07-07-2025
C03827,Other,25-34,Bronze,East,Kolkata,11-12-2022
C03828,F,55-64,Gold,East,Kolkata,02-05-2024
C03829,F,35-44,Bronze,South,Bengaluru,29-03-2020
C03830,M,55-64,Bronze,West,Mumbai,14-06-2020
C03831,F,18-24,Silver,East,Patna,25-03-2024
C03832,F,65+,Bronze,South,Chennai,21-02-2025
C03833,M,35-44,Bronze,East,Bhubaneswar,26-11-2024
C03834,F,65+,Silver,East,Patna,01-03-2024
C03835,F,55-64,Bronze,South,Bengaluru,02-07-2021
C03836,F,25-34,Silver,South,Bengaluru,12-03-2025
C03837,M,18-24,Bronze,Central,Indore,08-08-2022
C03838,M,25-34,Bronze,South,Hyderabad,11-03-2021
C03839,M,35-44,Silver,East,Guwahati,08-05-2021
C03840,F,25-34,Bronze,South,Kochi,16-12-2020
C03841,F,65+,Silver,East,Guwahati,08-10-2020
C03842,M,35-44,Gold,West,Mumbai,20-08-2021
C03843,M,45-54,Bronze,South,Bengaluru,06-06-2022
C03844,F,35-44,Silver,East,Patna,30-01-2024
C03845,F,35-44,Gold,South,Kochi,01-06-2023
C03846,F,25-34,Bronze,Central,Indore,11-03-2020
C03847,M,35-44,Platinum,Central,Nagpur,27-04-2025
C03848,F,55-64,Bronze,East,Kolkata,18-06-2022
C03849,F,35-44,Bronze,South,Chennai,19-06-2021
C03850,F,55-64,Gold,East,Guwahati,16-02-2021
C03851,F,35-44,Silver,South,Chennai,25-02-2021
C03852,M,35-44,Bronze,East,Guwahati,26-01-2022
C03853,F,18-24,Platinum,South,Bengaluru,13-10-2024
C03854,F,45-54,Bronze,East,Bhubaneswar,12-09-2022
C03855,M,45-54,Bronze,South,Bengaluru,08-08-2025
C03856,M,45-54,Gold,South,Kochi,06-03-2024
C03857,M,55-64,Bronze,West,Surat,29-04-2024
C03858,M,35-44,Guest,East,Kolkata,20-06-2020
C03859,M,65+,Silver,West,Surat,07-09-2024
C03860,F,25-34,Gold,Central,Indore,09-11-2020
C03861,M,45-54,Bronze,West,Surat,13-07-2023
C03862,F,45-54,Bronze,West,Mumbai,21-11-2024
C03863,F,65+,Gold,West,Ahmedabad,18-02-2021
C03864,Other,35-44,Bronze,East,Kolkata,18-12-2022
C03865,F,35-44,Gold,South,Chennai,16-09-2023
C03866,F,25-34,Bronze,Central,Nagpur,05-11-2024
C03867,F,35-44,Platinum,West,Ahmedabad,10-07-2020
C03868,M,65+,Gold,South,Bengaluru,06-08-2024
C03869,F,45-54,Silver,South,Chennai,30-08-2023
C03870,M,45-54,Bronze,East,Kolkata,15-01-2024
C03871,M,65+,Bronze,North,Jaipur,31-12-2023
C03872,F,45-54,Gold,East,Guwahati,10-09-2025
C03873,F,25-34,Gold,North,Lucknow,28-08-2023
C03874,M,18-24,Bronze,North,Chandigarh,17-12-2023
C03875,F,18-24,Platinum,South,Chennai,25-09-2020
C03876,F,55-64,Silver,North,Delhi,23-11-2023
C03877,M,55-64,Silver,North,Jaipur,10-05-2022
C03878,M,55-64,Bronze,North,Delhi,25-06-2025
C03879,F,18-24,Silver,Central,Bhopal,10-02-2023
C03880,F,55-64,Bronze,East,Bhubaneswar,11-08-2025
C03881,F,35-44,Gold,East,Guwahati,06-12-2020
C03882,F,25-34,Platinum,East,Kolkata,27-02-2023
C03883,M,35-44,Gold,West,Ahmedabad,20-10-2020
C03884,M,18-24,Platinum,Central,Bhopal,18-12-2021
C03885,M,25-34,Gold,East,Bhubaneswar,01-01-2023
C03886,F,25-34,Gold,Central,Raipur,19-08-2020
C03887,M,35-44,Bronze,Central,Bhopal,01-09-2024
C03888,F,25-34,Bronze,West,Pune,01-01-2021
C03889,F,35-44,Guest,South,Bengaluru,02-12-2024
C03890,F,25-34,Bronze,Central,Bhopal,18-01-2025
C03891,M,55-64,Gold,Central,Bhopal,15-12-2024
C03892,M,55-64,Bronze,West,Surat,01-03-2020
C03893,F,18-24,Bronze,South,Bengaluru,04-09-2021
C03894,M,55-64,Bronze,West,Surat,04-06-2025
C03895,F,18-24,Silver,West,Ahmedabad,09-06-2021
C03896,F,18-24,Silver,East,Bhubaneswar,13-08-2021
C03897,M,35-44,Gold,North,Jaipur,28-01-2024
C03898,M,65+,Gold,Central,Indore,17-12-2024
C03899,M,25-34,Silver,Central,Bhopal,15-05-2021
C03900,F,35-44,Guest,East,Kolkata,03-06-2022
C03901,F,25-34,Gold,East,Bhubaneswar,04-05-2025
C03902,F,65+,Gold,East,Bhubaneswar,12-06-2025
C03903,M,25-34,Bronze,West,Ahmedabad,15-08-2024
C03904,M,35-44,Gold,East,Kolkata,12-10-2020
C03905,F,45-54,Silver,Central,Nagpur,03-04-2023
C03906,M,25-34,Bronze,Central,Nagpur,06-12-2023
C03907,M,25-34,Silver,South,Bengaluru,25-08-2023
C03908,M,18-24,Silver,West,Surat,10-07-2022
C03909,M,35-44,Gold,Central,Raipur,19-01-2022
C03910,M,45-54,Silver,Central,Indore,11-04-2025
C03911,F,35-44,Silver,East,Bhubaneswar,16-03-2024
C03912,M,55-64,Silver,West,Surat,01-06-2020
C03913,M,25-34,Bronze,East,Kolkata,22-09-2023
C03914,M,45-54,Bronze,East,Patna,14-12-2022
C03915,F,45-54,Bronze,Central,Indore,06-07-2023
C03916,M,35-44,Bronze,Central,Raipur,13-08-2022
C03917,M,25-34,Platinum,South,Kochi,07-05-2025
C03918,F,45-54,Gold,North,Chandigarh,04-04-2020
C03919,M,45-54,Gold,West,Pune,24-01-2022
C03920,F,65+,Gold,West,Ahmedabad,25-12-2023
C03921,F,45-54,Platinum,Central,Nagpur,25-03-2025
C03922,F,25-34,Platinum,North,Lucknow,22-02-2020
C03923,F,25-34,Bronze,North,Jaipur,18-04-2020
C03924,M,45-54,Bronze,West,Pune,25-10-2023
C03925,F,65+,Silver,East,Guwahati,08-02-2022
C03926,Other,18-24,Gold,South,Bengaluru,03-06-2020
C03927,F,25-34,Bronze,East,Bhubaneswar,10-01-2022
C03928,F,18-24,Bronze,South,Bengaluru,24-07-2020
C03929,F,25-34,Gold,South,Bengaluru,09-01-2021
C03930,M,18-24,Gold,South,Chennai,26-11-2023
C03931,M,25-34,Bronze,West,Pune,12-10-2020
C03932,F,25-34,Silver,West,Ahmedabad,27-01-2023
C03933,M,18-24,Bronze,South,Kochi,17-04-2024
C03934,F,18-24,Bronze,East,Patna,27-04-2024
C03935,F,45-54,Silver,Central,Nagpur,26-01-2021
C03936,F,25-34,Bronze,North,Chandigarh,27-12-2020
C03937,F,25-34,Bronze,South,Hyderabad,26-09-2020
C03938,M,55-64,Silver,South,Hyderabad,19-05-2021
C03939,M,35-44,Bronze,South,Kochi,15-05-2025
C03940,F,65+,Bronze,East,Guwahati,31-12-2024
C03941,M,45-54,Bronze,South,Kochi,19-07-2020
C03942,F,25-34,Gold,Central,Raipur,19-05-2021
C03943,F,35-44,Silver,West,Pune,12-01-2023
C03944,F,35-44,Platinum,East,Patna,01-05-2021
C03945,M,35-44,Gold,North,Chandigarh,27-08-2021
C03946,M,45-54,Silver,North,Lucknow,03-09-2025
C03947,M,18-24,Silver,South,Chennai,12-07-2023
C03948,F,55-64,Silver,East,Kolkata,19-07-2020
C03949,M,18-24,Bronze,South,Hyderabad,03-10-2023
C03950,M,45-54,Platinum,Central,Bhopal,26-11-2021
C03951,M,55-64,Silver,East,Bhubaneswar,27-02-2021
C03952,M,25-34,Silver,South,Kochi,31-07-2024
C03953,F,55-64,Gold,West,Ahmedabad,16-02-2020
C03954,F,45-54,Gold,South,Chennai,15-02-2022
C03955,F,35-44,Gold,East,Kolkata,13-08-2021
C03956,F,45-54,Silver,West,Ahmedabad,24-07-2025
C03957,M,25-34,Silver,South,Kochi,12-01-2023
C03958,M,35-44,Silver,North,Jaipur,18-04-2020
C03959,F,35-44,Bronze,East,Kolkata,28-11-2022
C03960,F,45-54,Silver,Central,Indore,18-05-2020
C03961,M,35-44,Silver,Central,Nagpur,21-09-2024
C03962,M,25-34,Bronze,North,Delhi,23-01-2024
C03963,F,45-54,Gold,South,Kochi,13-02-2024
C03964,F,45-54,Bronze,West,Surat,06-03-2025
C03965,M,25-34,Silver,Central,Bhopal,02-05-2020
C03966,M,35-44,Guest,East,Kolkata,21-06-2024
C03967,M,25-34,Silver,West,Ahmedabad,25-07-2025
C03968,F,65+,Gold,Central,Raipur,23-01-2023
C03969,F,18-24,Bronze,North,Delhi,19-02-2021
C03970,F,35-44,Silver,South,Hyderabad,04-02-2025
C03971,F,45-54,Silver,Central,Nagpur,06-04-2022
C03972,F,45-54,Bronze,East,Guwahati,16-01-2023
C03973,M,35-44,Gold,North,Jaipur,22-02-2020
C03974,M,35-44,Silver,East,Kolkata,28-10-2020
C03975,F,45-54,Bronze,East,Guwahati,16-06-2024
C03976,F,45-54,Bronze,North,Lucknow,05-12-2020
C03977,M,35-44,Silver,Central,Raipur,02-10-2025
C03978,F,35-44,Gold,Central,Nagpur,12-04-2020
C03979,M,65+,Silver,South,Hyderabad,25-09-2021
C03980,M,55-64,Bronze,South,Chennai,05-11-2021
C03981,F,18-24,Silver,North,Lucknow,02-12-2020
C03982,F,35-44,Gold,East,Patna,09-09-2020
C03983,M,35-44,Silver,East,Patna,01-01-2024
C03984,M,25-34,Guest,North,Chandigarh,14-08-2025
C03985,F,55-64,Silver,West,Surat,25-05-2022
C03986,F,18-24,Gold,North,Lucknow,05-08-2024
C03987,M,25-34,Bronze,Central,Bhopal,04-06-2024
C03988,F,35-44,Gold,North,Delhi,06-03-2025
C03989,F,25-34,Bronze,North,Lucknow,03-07-2023
C03990,M,18-24,Silver,South,Chennai,14-05-2020
C03991,M,45-54,Platinum,West,Pune,18-04-2023
C03992,M,55-64,Bronze,East,Bhubaneswar,12-08-2025
C03993,M,25-34,Silver,North,Lucknow,24-10-2021
C03994,F,65+,Silver,North,Jaipur,07-09-2024
C03995,M,25-34,Bronze,West,Ahmedabad,27-05-2021
C03996,F,25-34,Platinum,Central,Raipur,01-04-2022
C03997,M,45-54,Gold,South,Bengaluru,19-04-2021
C03998,F,35-44,Bronze,South,Hyderabad,21-01-2022
C03999,M,55-64,Silver,Central,Indore,13-05-2020
C04000,M,35-44,Guest,South,Hyderabad,04-10-2021
C04001,F,18-24,Bronze,West,Ahmedabad,09-05-2025
C04002,M,18-24,Bronze,North,Lucknow,12-02-2021
C04003,M,18-24,Silver,East,Patna,11-06-2024
C04004,F,45-54,Bronze,East,Guwahati,01-06-2024
C04005,M,18-24,Bronze,North,Delhi,16-09-2022
C04006,M,55-64,Guest,South,Chennai,16-12-2021
C04007,F,35-44,Gold,North,Delhi,17-11-2023
C04008,F,35-44,Platinum,West,Surat,24-04-2020
C04009,M,35-44,Silver,South,Chennai,13-09-2020
C04010,M,45-54,Bronze,North,Chandigarh,03-06-2024
C04011,F,25-34,Silver,North,Jaipur,27-06-2024
C04012,M,55-64,Bronze,West,Surat,07-05-2021
C04013,F,25-34,Bronze,Central,Nagpur,02-11-2022
C04014,M,25-34,Gold,East,Guwahati,03-05-2023
C04015,F,45-54,Silver,West,Surat,14-03-2024
C04016,F,45-54,Silver,Central,Nagpur,05-12-2023
C04017,F,35-44,Silver,East,Bhubaneswar,23-06-2021
C04018,F,35-44,Silver,South,Bengaluru,27-07-2022
C04019,F,35-44,Silver,Central,Indore,28-01-2020
C04020,F,25-34,Gold,South,Kochi,07-08-2020
C04021,F,45-54,Bronze,South,Bengaluru,28-12-2020
C04022,M,55-64,Silver,North,Chandigarh,24-10-2025
C04023,F,25-34,Gold,North,Jaipur,20-11-2021
C04024,F,65+,Bronze,West,Ahmedabad,21-07-2021
C04025,F,45-54,Bronze,East,Guwahati,18-04-2022
C04026,F,35-44,Guest,North,Chandigarh,09-11-2022
C04027,F,45-54,Gold,North,Lucknow,21-08-2020
C04028,F,65+,Gold,West,Pune,29-05-2021
C04029,F,35-44,Bronze,North,Delhi,29-12-2024
C04030,M,65+,Bronze,North,Lucknow,05-09-2023
C04031,F,55-64,Silver,East,Bhubaneswar,28-04-2023
C04032,M,35-44,Bronze,South,Bengaluru,16-11-2023
C04033,F,18-24,Silver,East,Bhubaneswar,12-07-2022
C04034,M,35-44,Gold,East,Guwahati,11-01-2020
C04035,F,35-44,Bronze,West,Ahmedabad,29-07-2025
C04036,M,18-24,Silver,West,Surat,09-01-2021
C04037,M,18-24,Bronze,Central,Raipur,24-02-2025
C04038,F,18-24,Bronze,North,Chandigarh,09-04-2022
C04039,M,18-24,Bronze,South,Chennai,15-01-2020
C04040,M,65+,Silver,North,Delhi,30-12-2023
C04041,M,65+,Bronze,North,Jaipur,18-09-2021
C04042,M,18-24,Gold,West,Surat,26-11-2021
C04043,F,45-54,Bronze,West,Ahmedabad,29-07-2020
C04044,M,35-44,Bronze,North,Chandigarh,09-01-2020
C04045,F,25-34,Silver,Central,Nagpur,29-12-2024
C04046,F,55-64,Bronze,West,Mumbai,06-04-2022
C04047,F,45-54,Silver,West,Pune,20-03-2023
C04048,F,45-54,Bronze,West,Surat,31-07-2020
C04049,M,25-34,Platinum,Central,Bhopal,13-04-2020
C04050,F,35-44,Bronze,East,Kolkata,28-03-2021
C04051,F,45-54,Bronze,South,Hyderabad,31-08-2023
C04052,M,45-54,Gold,East,Patna,08-01-2022
C04053,F,55-64,Platinum,Central,Bhopal,07-06-2021
C04054,M,45-54,Bronze,Central,Nagpur,23-01-2021
C04055,M,18-24,Bronze,Central,Bhopal,23-12-2022
C04056,F,25-34,Gold,South,Bengaluru,30-10-2023
C04057,M,45-54,Bronze,Central,Indore,05-02-2021
C04058,M,45-54,Silver,South,Bengaluru,23-03-2024
C04059,M,45-54,Bronze,Central,Indore,16-02-2022
C04060,Other,35-44,Gold,East,Patna,21-09-2023
C04061,M,45-54,Silver,South,Hyderabad,09-08-2022
C04062,F,55-64,Silver,East,Bhubaneswar,17-11-2021
C04063,F,18-24,Silver,Central,Indore,06-12-2024
C04064,F,18-24,Bronze,South,Kochi,12-11-2022
C04065,F,65+,Silver,North,Chandigarh,17-01-2022
C04066,M,45-54,Platinum,West,Mumbai,14-09-2023
C04067,M,25-34,Gold,East,Guwahati,18-10-2022
C04068,F,45-54,Bronze,Central,Nagpur,08-09-2023
C04069,M,45-54,Bronze,West,Pune,19-08-2024
C04070,F,18-24,Platinum,North,Delhi,22-03-2020
C04071,M,55-64,Gold,North,Chandigarh,21-07-2025
C04072,M,18-24,Guest,East,Patna,12-08-2025
C04073,F,55-64,Gold,North,Lucknow,27-10-2024
C04074,F,18-24,Gold,East,Guwahati,09-07-2024
C04075,M,25-34,Bronze,Central,Nagpur,04-03-2020
C04076,F,35-44,Silver,Central,Bhopal,15-12-2023
C04077,F,45-54,Bronze,South,Kochi,26-01-2021
C04078,Other,35-44,Gold,East,Kolkata,14-03-2020
C04079,M,55-64,Gold,East,Patna,12-04-2025
C04080,F,25-34,Bronze,West,Pune,25-08-2021
C04081,F,18-24,Bronze,North,Chandigarh,18-05-2022
C04082,M,45-54,Bronze,West,Mumbai,28-09-2025
C04083,M,65+,Bronze,North,Jaipur,24-08-2024
C04084,F,55-64,Silver,Central,Indore,16-07-2021
C04085,F,25-34,Bronze,South,Hyderabad,22-06-2024
C04086,M,35-44,Guest,East,Patna,25-08-2020
C04087,F,18-24,Silver,North,Chandigarh,13-05-2023
C04088,F,65+,Bronze,East,Kolkata,22-06-2022
C04089,F,25-34,Silver,Central,Nagpur,09-06-2020
C04090,F,25-34,Silver,North,Lucknow,29-05-2020
C04091,F,45-54,Bronze,Central,Nagpur,30-07-2023
C04092,F,25-34,Silver,East,Kolkata,05-10-2020
C04093,M,45-54,Silver,East,Patna,28-02-2025
C04094,M,18-24,Bronze,South,Kochi,01-06-2023
C04095,F,18-24,Silver,South,Chennai,18-10-2025
C04096,F,25-34,Silver,South,Kochi,17-01-2025
C04097,M,18-24,Platinum,North,Chandigarh,16-03-2023
C04098,M,35-44,Gold,Central,Indore,07-02-2022
C04099,M,35-44,Guest,West,Mumbai,27-08-2023
C04100,M,25-34,Silver,West,Mumbai,29-01-2024
C04101,M,25-34,Silver,South,Hyderabad,09-07-2021
C04102,F,35-44,Silver,Central,Bhopal,06-05-2022
C04103,F,45-54,Bronze,South,Chennai,09-07-2020
C04104,F,35-44,Bronze,West,Ahmedabad,25-06-2025
C04105,Other,45-54,Platinum,Central,Raipur,27-08-2025
C04106,Other,35-44,Bronze,North,Chandigarh,21-09-2020
C04107,M,55-64,Bronze,North,Lucknow,20-11-2023
C04108,M,35-44,Bronze,South,Bengaluru,01-07-2023
C04109,M,35-44,Gold,South,Chennai,12-03-2025
C04110,M,45-54,Silver,South,Chennai,04-10-2024
C04111,M,25-34,Platinum,East,Guwahati,15-04-2021
C04112,M,55-64,Gold,West,Pune,07-09-2020
C04113,F,35-44,Silver,East,Bhubaneswar,23-07-2022
C04114,M,35-44,Silver,South,Hyderabad,20-11-2020
C04115,F,35-44,Bronze,Central,Bhopal,30-05-2020
C04116,F,45-54,Gold,East,Patna,10-08-2022
C04117,F,45-54,Gold,Central,Bhopal,25-10-2025
C04118,F,25-34,Bronze,South,Kochi,22-08-2023
C04119,M,35-44,Silver,West,Mumbai,24-02-2020
C04120,M,35-44,Bronze,West,Mumbai,04-10-2022
C04121,M,35-44,Bronze,East,Bhubaneswar,15-06-2025
C04122,F,25-34,Bronze,North,Jaipur,28-03-2025
C04123,F,25-34,Silver,North,Jaipur,22-03-2022
C04124,F,45-54,Bronze,South,Bengaluru,24-08-2025
C04125,M,25-34,Bronze,West,Pune,23-08-2022
C04126,F,25-34,Bronze,North,Delhi,16-02-2020
C04127,F,35-44,Silver,North,Chandigarh,04-05-2022
C04128,M,45-54,Silver,Central,Indore,22-01-2022
C04129,M,25-34,Bronze,South,Bengaluru,08-04-2020
C04130,F,35-44,Bronze,South,Hyderabad,22-01-2020
C04131,M,25-34,Silver,East,Patna,12-07-2023
C04132,F,18-24,Bronze,East,Kolkata,06-09-2021
C04133,F,55-64,Silver,South,Kochi,24-03-2025
C04134,M,45-54,Silver,East,Patna,22-02-2025
C04135,Other,45-54,Gold,East,Patna,16-11-2023
C04136,F,35-44,Gold,North,Chandigarh,19-09-2020
C04137,F,25-34,Bronze,East,Patna,24-02-2021
C04138,M,35-44,Bronze,East,Kolkata,18-09-2023
C04139,M,35-44,Gold,South,Hyderabad,02-09-2020
C04140,M,18-24,Gold,North,Jaipur,01-05-2022
C04141,F,35-44,Gold,North,Lucknow,14-05-2022
C04142,M,25-34,Silver,South,Chennai,30-07-2024
C04143,F,35-44,Bronze,South,Chennai,10-05-2023
C04144,F,65+,Bronze,South,Hyderabad,07-04-2022
C04145,M,45-54,Guest,South,Chennai,16-01-2024
C04146,M,55-64,Platinum,Central,Raipur,29-07-2022
C04147,M,35-44,Gold,West,Surat,12-10-2025
C04148,M,35-44,Gold,West,Pune,21-08-2024
C04149,F,65+,Bronze,North,Lucknow,02-06-2022
C04150,M,65+,Silver,North,Jaipur,23-09-2021
C04151,F,25-34,Bronze,North,Chandigarh,29-05-2023
C04152,M,35-44,Silver,West,Ahmedabad,09-05-2020
C04153,M,55-64,Bronze,East,Patna,07-07-2022
C04154,M,45-54,Gold,North,Delhi,04-06-2023
C04155,F,45-54,Bronze,East,Bhubaneswar,04-10-2020
C04156,M,45-54,Silver,East,Patna,15-06-2024
C04157,M,35-44,Silver,Central,Raipur,05-08-2020
C04158,F,45-54,Gold,Central,Indore,04-06-2023
C04159,Other,18-24,Bronze,Central,Indore,14-08-2024
C04160,F,18-24,Bronze,South,Chennai,10-07-2023
C04161,M,18-24,Bronze,South,Chennai,21-05-2024
C04162,M,18-24,Bronze,North,Jaipur,09-01-2022
C04163,M,45-54,Bronze,East,Kolkata,20-04-2020
C04164,F,55-64,Silver,West,Mumbai,15-08-2025
C04165,M,25-34,Gold,South,Chennai,05-08-2024
C04166,M,45-54,Bronze,North,Chandigarh,24-04-2021
C04167,M,25-34,Silver,South,Kochi,14-10-2021
C04168,M,25-34,Bronze,South,Kochi,22-04-2023
C04169,F,55-64,Bronze,Central,Nagpur,21-03-2025
C04170,M,55-64,Gold,West,Ahmedabad,05-07-2021
C04171,M,25-34,Gold,Central,Indore,13-02-2023
C04172,F,18-24,Gold,Central,Bhopal,25-10-2021
C04173,M,55-64,Silver,Central,Indore,11-01-2021
C04174,M,65+,Bronze,South,Kochi,24-04-2025
C04175,M,35-44,Silver,Central,Raipur,05-09-2025
C04176,F,18-24,Gold,South,Kochi,13-05-2024
C04177,M,35-44,Gold,North,Delhi,18-10-2023
C04178,M,18-24,Silver,East,Bhubaneswar,24-05-2025
C04179,M,25-34,Gold,Central,Nagpur,30-07-2021
C04180,F,55-64,Gold,North,Chandigarh,11-02-2024
C04181,F,25-34,Silver,Central,Bhopal,18-07-2020
C04182,F,55-64,Silver,West,Mumbai,02-06-2020
C04183,F,18-24,Silver,Central,Indore,07-10-2020
C04184,F,65+,Silver,West,Surat,16-12-2020
C04185,F,25-34,Silver,South,Chennai,16-01-2022
C04186,M,18-24,Gold,North,Jaipur,24-02-2021
C04187,F,18-24,Gold,Central,Bhopal,24-09-2021
C04188,F,25-34,Bronze,South,Bengaluru,15-05-2023
C04189,F,35-44,Bronze,South,Bengaluru,10-12-2021
C04190,F,25-34,Silver,East,Kolkata,08-11-2022
C04191,M,25-34,Gold,Central,Nagpur,02-07-2024
C04192,M,25-34,Gold,North,Lucknow,30-01-2024
C04193,M,25-34,Platinum,West,Ahmedabad,28-01-2024
C04194,M,45-54,Bronze,West,Pune,07-11-2024
C04195,Other,18-24,Bronze,East,Bhubaneswar,16-10-2022
C04196,F,65+,Bronze,Central,Indore,19-01-2022
C04197,M,55-64,Bronze,South,Hyderabad,03-08-2024
C04198,F,45-54,Silver,North,Jaipur,06-09-2023
C04199,F,65+,Gold,Central,Raipur,30-11-2024
C04200,F,45-54,Bronze,South,Kochi,18-11-2020
C04201,M,45-54,Silver,Central,Indore,01-01-2022
C04202,F,25-34,Silver,South,Kochi,11-12-2022
C04203,M,55-64,Bronze,East,Kolkata,25-05-2025
C04204,F,25-34,Silver,East,Guwahati,24-07-2024
C04205,M,35-44,Bronze,East,Bhubaneswar,01-11-2020
C04206,F,55-64,Bronze,West,Surat,06-04-2023
C04207,F,45-54,Bronze,North,Jaipur,02-11-2020
C04208,M,35-44,Silver,East,Kolkata,02-05-2020
C04209,F,25-34,Silver,South,Kochi,14-01-2023
C04210,F,55-64,Bronze,North,Chandigarh,08-02-2025
C04211,F,18-24,Gold,West,Surat,09-07-2023
C04212,F,55-64,Silver,West,Ahmedabad,02-04-2021
C04213,F,45-54,Bronze,Central,Nagpur,07-06-2021
C04214,F,45-54,Silver,West,Surat,27-09-2021
C04215,F,25-34,Bronze,West,Surat,27-10-2021
C04216,M,55-64,Bronze,Central,Indore,28-05-2020
C04217,F,35-44,Bronze,Central,Nagpur,26-11-2023
C04218,M,55-64,Bronze,West,Pune,22-04-2021
C04219,Other,45-54,Silver,South,Kochi,14-09-2021
C04220,F,65+,Platinum,East,Patna,10-10-2021
C04221,M,55-64,Silver,North,Chandigarh,26-08-2023
C04222,F,18-24,Bronze,West,Mumbai,30-09-2025
C04223,F,35-44,Silver,Central,Bhopal,20-04-2023
C04224,M,35-44,Gold,South,Chennai,10-06-2022
C04225,F,65+,Silver,West,Surat,01-06-2021
C04226,F,55-64,Gold,Central,Bhopal,27-02-2020
C04227,F,35-44,Bronze,North,Delhi,20-02-2025
C04228,F,55-64,Guest,South,Chennai,04-03-2024
C04229,M,65+,Platinum,East,Bhubaneswar,26-02-2024
C04230,F,55-64,Bronze,North,Chandigarh,08-04-2024
C04231,M,25-34,Bronze,West,Ahmedabad,29-10-2020
C04232,M,18-24,Silver,North,Jaipur,27-06-2023
C04233,M,35-44,Guest,Central,Bhopal,05-03-2021
C04234,M,35-44,Bronze,East,Patna,27-05-2025
C04235,F,35-44,Platinum,East,Kolkata,13-12-2020
C04236,M,25-34,Gold,East,Bhubaneswar,12-06-2021
C04237,F,25-34,Silver,East,Bhubaneswar,14-10-2024
C04238,M,35-44,Bronze,North,Chandigarh,14-12-2020
C04239,M,18-24,Guest,South,Chennai,20-11-2021
C04240,M,35-44,Gold,South,Hyderabad,10-03-2023
C04241,M,35-44,Bronze,Central,Indore,29-09-2023
C04242,F,18-24,Silver,Central,Raipur,29-05-2021
C04243,M,18-24,Silver,East,Bhubaneswar,25-06-2025
C04244,M,18-24,Platinum,Central,Nagpur,09-09-2024
C04245,F,18-24,Silver,Central,Nagpur,30-03-2022
C04246,F,25-34,Gold,West,Mumbai,03-04-2020
C04247,M,45-54,Silver,East,Bhubaneswar,06-08-2022
C04248,F,45-54,Guest,South,Chennai,08-09-2023
C04249,M,45-54,Silver,South,Bengaluru,12-06-2022
C04250,M,35-44,Bronze,South,Hyderabad,18-03-2025
C04251,M,35-44,Silver,North,Lucknow,02-02-2025
C04252,M,55-64,Guest,North,Delhi,05-09-2023
C04253,Other,55-64,Platinum,Central,Raipur,16-08-2022
C04254,F,18-24,Silver,North,Jaipur,18-07-2024
C04255,M,35-44,Silver,South,Bengaluru,17-06-2023
C04256,M,35-44,Silver,Central,Bhopal,25-01-2021
C04257,M,65+,Silver,North,Jaipur,27-02-2023
C04258,M,45-54,Silver,South,Kochi,04-04-2022
C04259,F,35-44,Gold,Central,Bhopal,23-01-2021
C04260,F,25-34,Silver,South,Hyderabad,17-04-2020
C04261,F,65+,Gold,South,Hyderabad,31-05-2020
C04262,M,25-34,Gold,East,Kolkata,19-11-2024
C04263,F,35-44,Bronze,East,Guwahati,14-11-2023
C04264,M,18-24,Bronze,Central,Nagpur,14-12-2024
C04265,M,25-34,Gold,East,Guwahati,28-01-2022
C04266,M,25-34,Gold,South,Bengaluru,16-04-2023
C04267,M,65+,Silver,South,Kochi,04-05-2022
C04268,M,45-54,Silver,Central,Bhopal,25-05-2023
C04269,M,45-54,Silver,West,Ahmedabad,13-09-2022
C04270,F,18-24,Gold,South,Kochi,15-02-2024
C04271,F,45-54,Silver,Central,Nagpur,03-11-2021
C04272,M,35-44,Gold,West,Pune,14-06-2021
C04273,M,45-54,Silver,West,Mumbai,21-01-2021
C04274,M,45-54,Platinum,Central,Nagpur,14-06-2021
C04275,F,35-44,Gold,North,Chandigarh,06-01-2021
C04276,F,18-24,Bronze,South,Chennai,05-09-2025
C04277,F,35-44,Silver,West,Ahmedabad,27-08-2022
C04278,M,35-44,Guest,Central,Raipur,14-09-2024
C04279,M,45-54,Gold,East,Kolkata,02-08-2020
C04280,F,25-34,Bronze,West,Pune,03-02-2021
C04281,F,45-54,Bronze,West,Pune,01-06-2024
C04282,F,45-54,Platinum,Central,Nagpur,24-10-2022
C04283,F,18-24,Gold,Central,Raipur,23-09-2020
C04284,M,18-24,Bronze,Central,Bhopal,22-03-2024
C04285,F,45-54,Silver,North,Jaipur,01-09-2025
C04286,M,35-44,Bronze,South,Chennai,22-06-2025
C04287,F,45-54,Bronze,West,Pune,19-07-2023
C04288,F,25-34,Bronze,Central,Bhopal,03-10-2021
C04289,M,45-54,Bronze,East,Guwahati,23-04-2024
C04290,M,25-34,Bronze,Central,Bhopal,27-08-2022
C04291,M,25-34,Gold,West,Mumbai,13-08-2020
C04292,F,55-64,Gold,West,Surat,25-10-2020
C04293,M,55-64,Silver,North,Chandigarh,12-06-2024
C04294,F,35-44,Gold,West,Mumbai,12-12-2024
C04295,M,65+,Silver,West,Mumbai,02-08-2023
C04296,F,65+,Bronze,West,Ahmedabad,22-03-2023
C04297,F,45-54,Bronze,North,Chandigarh,07-02-2024
C04298,M,45-54,Bronze,South,Kochi,13-10-2022
C04299,M,45-54,Silver,Central,Indore,09-07-2024
C04300,F,45-54,Silver,South,Kochi,23-04-2020
C04301,M,18-24,Silver,South,Bengaluru,12-03-2020
C04302,F,55-64,Gold,West,Mumbai,27-05-2024
C04303,M,45-54,Bronze,Central,Nagpur,30-04-2024
C04304,M,25-34,Bronze,North,Chandigarh,01-03-2021
C04305,M,55-64,Gold,South,Bengaluru,09-05-2021
C04306,M,45-54,Bronze,West,Ahmedabad,06-08-2024
C04307,M,18-24,Silver,South,Bengaluru,31-07-2022
C04308,M,25-34,Gold,West,Ahmedabad,23-11-2020
C04309,M,45-54,Silver,West,Ahmedabad,14-06-2021
C04310,M,35-44,Bronze,Central,Indore,25-05-2023
C04311,F,25-34,Gold,West,Ahmedabad,21-06-2024
C04312,M,18-24,Platinum,East,Guwahati,27-06-2020
C04313,M,35-44,Bronze,South,Chennai,11-01-2020
C04314,M,55-64,Silver,East,Guwahati,09-06-2025
C04315,M,65+,Bronze,North,Chandigarh,20-03-2020
C04316,F,25-34,Bronze,South,Hyderabad,25-07-2022
C04317,M,25-34,Bronze,North,Chandigarh,16-12-2021
C04318,M,25-34,Bronze,Central,Bhopal,31-03-2022
C04319,F,35-44,Silver,Central,Nagpur,14-10-2022
C04320,F,18-24,Bronze,Central,Indore,09-11-2024
C04321,M,65+,Bronze,West,Surat,15-06-2020
C04322,F,18-24,Gold,Central,Nagpur,05-01-2022
C04323,M,35-44,Bronze,North,Jaipur,21-07-2021
C04324,F,65+,Bronze,North,Chandigarh,10-05-2020
C04325,M,35-44,Silver,North,Lucknow,17-05-2025
C04326,M,35-44,Gold,North,Delhi,05-09-2020
C04327,F,35-44,Silver,West,Mumbai,20-03-2025
C04328,M,45-54,Bronze,Central,Bhopal,21-04-2024
C04329,M,35-44,Silver,Central,Nagpur,19-07-2023
C04330,F,45-54,Guest,East,Bhubaneswar,25-03-2021
C04331,F,45-54,Silver,South,Hyderabad,12-12-2021
C04332,M,45-54,Bronze,Central,Nagpur,23-11-2020
C04333,M,35-44,Guest,North,Delhi,11-05-2020
C04334,M,65+,Bronze,North,Lucknow,13-07-2021
C04335,F,25-34,Bronze,West,Pune,31-08-2020
C04336,M,35-44,Silver,East,Kolkata,06-05-2021
C04337,F,25-34,Bronze,South,Hyderabad,17-08-2022
C04338,M,45-54,Silver,North,Delhi,08-05-2020
C04339,M,65+,Silver,West,Ahmedabad,21-09-2025
C04340,F,45-54,Bronze,Central,Raipur,12-01-2020
C04341,F,25-34,Guest,Central,Indore,07-11-2023
C04342,F,55-64,Bronze,East,Patna,23-04-2025
C04343,M,18-24,Bronze,North,Jaipur,27-11-2024
C04344,F,45-54,Bronze,South,Chennai,04-09-2023
C04345,M,35-44,Bronze,Central,Indore,21-07-2023
C04346,M,18-24,Gold,South,Chennai,08-12-2020
C04347,F,18-24,Silver,South,Hyderabad,15-04-2020
C04348,M,25-34,Silver,Central,Raipur,20-03-2023
C04349,M,55-64,Platinum,Central,Raipur,15-07-2024
C04350,M,18-24,Gold,East,Patna,01-06-2023
C04351,F,35-44,Gold,South,Hyderabad,07-03-2021
C04352,F,35-44,Silver,East,Guwahati,04-06-2022
C04353,M,25-34,Gold,South,Chennai,11-12-2024
C04354,M,18-24,Bronze,Central,Nagpur,22-09-2024
C04355,F,18-24,Gold,South,Kochi,15-02-2021
C04356,M,45-54,Bronze,Central,Indore,31-03-2025
C04357,F,18-24,Silver,West,Surat,11-08-2021
C04358,M,65+,Bronze,West,Surat,01-03-2024
C04359,M,45-54,Bronze,Central,Nagpur,03-03-2021
C04360,F,25-34,Silver,West,Pune,26-09-2020
C04361,F,25-34,Bronze,West,Surat,22-09-2024
C04362,M,35-44,Bronze,West,Mumbai,30-10-2025
C04363,F,25-34,Bronze,Central,Indore,15-10-2021
C04364,F,35-44,Gold,Central,Indore,12-02-2024
C04365,M,25-34,Gold,South,Chennai,26-09-2022
C04366,F,65+,Bronze,North,Delhi,02-04-2025
C04367,F,45-54,Bronze,South,Chennai,13-12-2022
C04368,M,18-24,Silver,South,Chennai,28-09-2023
C04369,F,25-34,Silver,South,Kochi,30-08-2022
C04370,F,35-44,Silver,East,Kolkata,21-11-2022
C04371,F,25-34,Platinum,South,Kochi,30-07-2020
C04372,M,35-44,Silver,West,Pune,01-10-2020
C04373,M,55-64,Bronze,West,Ahmedabad,18-04-2024
C04374,M,55-64,Bronze,East,Kolkata,26-01-2023
C04375,F,25-34,Gold,East,Kolkata,15-06-2023
C04376,F,25-34,Bronze,North,Jaipur,07-09-2021
C04377,M,55-64,Bronze,North,Lucknow,13-08-2022
C04378,F,35-44,Silver,Central,Nagpur,28-03-2025
C04379,F,35-44,Silver,North,Delhi,22-05-2021
C04380,F,35-44,Silver,East,Bhubaneswar,08-04-2025
C04381,M,45-54,Bronze,North,Delhi,23-03-2024
C04382,F,18-24,Bronze,West,Mumbai,01-10-2022
C04383,M,25-34,Silver,East,Bhubaneswar,09-08-2021
C04384,F,25-34,Silver,West,Surat,04-07-2024
C04385,F,45-54,Bronze,South,Hyderabad,19-07-2025
C04386,F,45-54,Silver,North,Chandigarh,28-02-2022
C04387,F,18-24,Bronze,East,Bhubaneswar,06-05-2021
C04388,M,25-34,Bronze,West,Surat,06-12-2021
C04389,F,18-24,Bronze,West,Ahmedabad,26-12-2024
C04390,M,65+,Silver,East,Bhubaneswar,06-03-2020
C04391,M,25-34,Bronze,South,Chennai,14-12-2021
C04392,F,25-34,Bronze,Central,Nagpur,23-12-2020
C04393,M,55-64,Gold,South,Chennai,16-02-2024
C04394,F,65+,Silver,North,Chandigarh,27-12-2024
C04395,F,25-34,Bronze,South,Kochi,12-08-2022
C04396,F,45-54,Bronze,Central,Indore,30-08-2020
C04397,M,25-34,Silver,East,Bhubaneswar,28-09-2021
C04398,M,18-24,Gold,South,Chennai,03-06-2020
C04399,F,25-34,Bronze,North,Chandigarh,30-10-2025
C04400,M,25-34,Gold,East,Guwahati,18-08-2025
C04401,M,18-24,Silver,North,Chandigarh,25-07-2020
C04402,F,55-64,Bronze,Central,Raipur,18-04-2020
C04403,F,55-64,Bronze,Central,Raipur,20-09-2024
C04404,F,55-64,Bronze,East,Guwahati,16-01-2022
C04405,M,18-24,Bronze,West,Pune,08-12-2020
C04406,F,55-64,Bronze,East,Patna,10-07-2022
C04407,M,35-44,Silver,West,Mumbai,10-09-2021
C04408,M,18-24,Bronze,Central,Nagpur,21-05-2025
C04409,M,35-44,Silver,West,Surat,02-02-2025
C04410,F,35-44,Silver,West,Surat,02-09-2023
C04411,M,35-44,Silver,East,Patna,13-04-2023
C04412,M,18-24,Bronze,East,Patna,26-02-2020
C04413,M,55-64,Gold,West,Surat,24-11-2022
C04414,F,55-64,Bronze,Central,Indore,09-04-2023
C04415,F,55-64,Bronze,Central,Indore,15-07-2023
C04416,F,25-34,Silver,Central,Indore,24-09-2025
C04417,M,18-24,Gold,South,Kochi,17-11-2020
C04418,M,45-54,Silver,West,Pune,21-06-2024
C04419,F,55-64,Gold,West,Ahmedabad,11-02-2025
C04420,F,35-44,Silver,West,Surat,08-05-2020
C04421,F,55-64,Bronze,East,Patna,22-12-2021
C04422,M,35-44,Silver,South,Hyderabad,15-07-2021
C04423,M,45-54,Bronze,West,Ahmedabad,25-05-2021
C04424,F,35-44,Bronze,East,Guwahati,20-07-2020
C04425,M,35-44,Silver,Central,Nagpur,05-06-2021
C04426,M,65+,Silver,East,Patna,27-05-2023
C04427,F,18-24,Bronze,East,Patna,12-04-2022
C04428,F,25-34,Bronze,Central,Bhopal,28-06-2020
C04429,F,35-44,Bronze,South,Kochi,29-01-2021
C04430,M,25-34,Bronze,Central,Nagpur,24-05-2024
C04431,M,25-34,Bronze,South,Chennai,27-04-2021
C04432,M,45-54,Bronze,South,Bengaluru,19-10-2023
C04433,F,35-44,Bronze,Central,Raipur,26-07-2021
C04434,M,55-64,Platinum,South,Hyderabad,31-05-2020
C04435,M,45-54,Platinum,Central,Indore,19-06-2020
C04436,M,35-44,Bronze,East,Guwahati,18-02-2023
C04437,M,35-44,Bronze,North,Chandigarh,15-06-2023
C04438,M,35-44,Bronze,Central,Nagpur,12-12-2024
C04439,M,45-54,Bronze,South,Chennai,24-08-2024
C04440,Other,25-34,Bronze,West,Pune,25-10-2023
C04441,F,45-54,Silver,North,Jaipur,09-06-2025
C04442,F,25-34,Bronze,East,Bhubaneswar,28-07-2020
C04443,F,18-24,Bronze,Central,Nagpur,06-09-2024
C04444,F,35-44,Silver,East,Kolkata,29-07-2025
C04445,M,35-44,Bronze,North,Jaipur,21-03-2024
C04446,M,45-54,Bronze,South,Kochi,07-10-2024
C04447,M,25-34,Gold,East,Bhubaneswar,03-05-2020
C04448,F,35-44,Gold,North,Lucknow,23-10-2023
C04449,M,35-44,Bronze,South,Chennai,21-04-2025
C04450,F,35-44,Gold,North,Lucknow,29-03-2020
C04451,F,35-44,Platinum,South,Chennai,22-09-2024
C04452,M,55-64,Bronze,North,Lucknow,10-09-2022
C04453,F,25-34,Bronze,East,Patna,06-10-2022
C04454,F,25-34,Silver,South,Bengaluru,11-06-2021
C04455,F,35-44,Bronze,West,Ahmedabad,12-05-2021
C04456,F,18-24,Bronze,North,Jaipur,05-01-2020
C04457,M,65+,Silver,West,Ahmedabad,07-04-2023
C04458,F,25-34,Gold,East,Bhubaneswar,19-02-2021
C04459,M,18-24,Silver,West,Surat,14-01-2025
C04460,M,45-54,Silver,North,Delhi,18-06-2021
C04461,M,18-24,Silver,South,Bengaluru,13-12-2023
C04462,M,35-44,Guest,South,Bengaluru,19-05-2025
C04463,M,55-64,Bronze,North,Delhi,06-07-2025
C04464,M,45-54,Bronze,South,Kochi,14-02-2025
C04465,M,18-24,Bronze,Central,Bhopal,25-03-2025
C04466,F,18-24,Silver,Central,Nagpur,29-10-2024
C04467,F,25-34,Gold,South,Hyderabad,08-04-2023
C04468,M,35-44,Bronze,West,Surat,06-04-2020
C04469,F,45-54,Bronze,East,Kolkata,22-08-2021
C04470,M,45-54,Bronze,Central,Indore,08-02-2020
C04471,F,25-34,Bronze,West,Pune,01-07-2020
C04472,F,35-44,Gold,West,Pune,26-05-2024
C04473,F,35-44,Silver,South,Kochi,25-05-2022
C04474,F,45-54,Gold,East,Bhubaneswar,02-11-2020
C04475,M,45-54,Bronze,South,Bengaluru,02-09-2023
C04476,F,25-34,Bronze,Central,Raipur,17-09-2025
C04477,F,35-44,Bronze,North,Jaipur,05-07-2022
C04478,F,35-44,Gold,East,Guwahati,08-10-2023
C04479,M,18-24,Silver,Central,Indore,10-06-2022
C04480,F,25-34,Silver,East,Patna,13-07-2022
C04481,M,35-44,Bronze,East,Patna,01-09-2022
C04482,F,55-64,Bronze,East,Patna,17-05-2021
C04483,F,25-34,Bronze,North,Chandigarh,23-03-2020
C04484,M,25-34,Gold,West,Ahmedabad,04-10-2025
C04485,M,18-24,Bronze,Central,Indore,19-06-2020
C04486,F,55-64,Silver,West,Ahmedabad,26-02-2023
C04487,M,25-34,Gold,West,Mumbai,08-04-2023
C04488,F,25-34,Platinum,South,Chennai,05-07-2024
C04489,Other,65+,Silver,South,Hyderabad,10-01-2022
C04490,F,25-34,Silver,West,Pune,13-09-2022
C04491,F,35-44,Bronze,East,Guwahati,21-02-2024
C04492,F,25-34,Silver,Central,Raipur,07-04-2024
C04493,F,18-24,Bronze,South,Hyderabad,02-12-2020
C04494,M,25-34,Gold,West,Mumbai,27-04-2022
C04495,Other,45-54,Guest,North,Jaipur,13-01-2025
C04496,F,35-44,Silver,South,Hyderabad,24-06-2023
C04497,F,25-34,Bronze,East,Guwahati,23-06-2024
C04498,F,45-54,Gold,South,Hyderabad,26-08-2024
C04499,F,25-34,Bronze,North,Lucknow,10-04-2025
C04500,F,25-34,Gold,Central,Nagpur,23-01-2023
C04501,F,35-44,Silver,North,Chandigarh,27-10-2025
C04502,M,35-44,Bronze,South,Kochi,30-03-2022
C04503,F,65+,Silver,West,Surat,22-11-2020
C04504,F,65+,Gold,South,Kochi,23-11-2024
C04505,F,45-54,Gold,South,Hyderabad,24-12-2020
C04506,F,25-34,Gold,South,Hyderabad,09-07-2022
C04507,M,45-54,Bronze,East,Bhubaneswar,03-05-2022
C04508,F,35-44,Bronze,West,Ahmedabad,13-06-2021
C04509,M,65+,Silver,Central,Nagpur,14-11-2022
C04510,M,18-24,Bronze,West,Ahmedabad,20-08-2025
C04511,Other,45-54,Bronze,Central,Nagpur,15-12-2022
C04512,M,45-54,Silver,East,Patna,21-10-2021
C04513,M,18-24,Silver,North,Lucknow,01-09-2024
C04514,F,18-24,Gold,South,Chennai,17-03-2021
C04515,M,18-24,Bronze,East,Guwahati,10-01-2022
C04516,M,65+,Silver,East,Bhubaneswar,26-10-2025
C04517,F,35-44,Bronze,North,Lucknow,07-11-2024
C04518,F,35-44,Silver,Central,Bhopal,04-04-2025
C04519,F,45-54,Silver,Central,Raipur,13-09-2024
C04520,F,55-64,Gold,South,Kochi,31-10-2023
C04521,F,18-24,Gold,West,Ahmedabad,29-10-2023
C04522,M,35-44,Silver,West,Surat,25-11-2024
C04523,M,45-54,Gold,West,Mumbai,17-09-2021
C04524,M,35-44,Gold,West,Surat,23-05-2025
C04525,M,25-34,Bronze,South,Hyderabad,28-04-2023
C04526,M,55-64,Gold,North,Jaipur,26-12-2022
C04527,M,18-24,Gold,East,Bhubaneswar,19-03-2025
C04528,M,55-64,Bronze,Central,Raipur,21-03-2025
C04529,F,35-44,Silver,South,Kochi,23-01-2021
C04530,F,45-54,Platinum,Central,Bhopal,10-04-2022
C04531,M,35-44,Silver,North,Delhi,30-05-2023
C04532,F,35-44,Bronze,North,Chandigarh,31-01-2020
C04533,F,25-34,Bronze,North,Lucknow,28-06-2021
C04534,F,25-34,Guest,West,Pune,08-12-2021
C04535,M,35-44,Silver,West,Mumbai,10-01-2020
C04536,M,25-34,Gold,North,Jaipur,04-05-2024
C04537,M,25-34,Gold,North,Lucknow,05-01-2023
C04538,M,65+,Bronze,North,Delhi,19-07-2025
C04539,F,25-34,Bronze,East,Kolkata,16-03-2025
C04540,F,18-24,Bronze,West,Ahmedabad,11-07-2022
C04541,M,25-34,Silver,South,Kochi,23-03-2024
C04542,M,35-44,Bronze,Central,Raipur,14-11-2022
C04543,F,35-44,Silver,Central,Nagpur,18-05-2024
C04544,M,45-54,Gold,North,Delhi,27-05-2024
C04545,F,35-44,Silver,North,Lucknow,27-10-2025
C04546,M,35-44,Bronze,South,Bengaluru,19-03-2023
C04547,F,45-54,Bronze,Central,Indore,29-06-2022
C04548,Other,55-64,Gold,North,Delhi,14-09-2024
C04549,F,25-34,Gold,West,Surat,01-12-2022
C04550,M,25-34,Bronze,South,Bengaluru,02-12-2021
C04551,M,25-34,Guest,Central,Raipur,15-08-2025
C04552,M,55-64,Silver,South,Bengaluru,20-07-2023
C04553,F,35-44,Silver,North,Chandigarh,17-10-2023
C04554,F,18-24,Gold,Central,Bhopal,11-06-2025
C04555,M,45-54,Bronze,West,Mumbai,29-06-2023
C04556,F,25-34,Bronze,North,Chandigarh,29-06-2023
C04557,F,25-34,Silver,South,Bengaluru,30-04-2021
C04558,F,25-34,Gold,Central,Nagpur,09-10-2022
C04559,M,35-44,Guest,East,Kolkata,06-07-2021
C04560,M,45-54,Bronze,North,Delhi,03-07-2022
C04561,M,45-54,Bronze,Central,Bhopal,14-05-2020
C04562,F,45-54,Guest,South,Kochi,28-07-2023
C04563,F,45-54,Silver,West,Pune,02-08-2023
C04564,M,25-34,Bronze,East,Kolkata,14-02-2021
C04565,M,18-24,Silver,Central,Bhopal,26-04-2023
C04566,F,45-54,Bronze,South,Chennai,13-09-2020
C04567,M,25-34,Silver,East,Patna,10-05-2020
C04568,M,65+,Bronze,East,Bhubaneswar,17-12-2022
C04569,F,55-64,Bronze,West,Pune,23-03-2020
C04570,M,35-44,Gold,East,Guwahati,22-02-2025
C04571,F,45-54,Bronze,East,Bhubaneswar,16-06-2025
C04572,F,45-54,Silver,South,Bengaluru,28-10-2024
C04573,M,45-54,Silver,North,Chandigarh,16-09-2025
C04574,M,55-64,Silver,East,Guwahati,02-06-2022
C04575,F,65+,Platinum,South,Chennai,26-07-2025
C04576,F,45-54,Bronze,North,Delhi,30-10-2025
C04577,M,35-44,Bronze,South,Chennai,03-09-2025
C04578,F,35-44,Silver,North,Jaipur,12-08-2023
C04579,F,18-24,Bronze,Central,Indore,09-05-2022
C04580,M,55-64,Silver,West,Surat,12-01-2022
C04581,F,45-54,Bronze,West,Pune,15-08-2021
C04582,M,18-24,Bronze,North,Lucknow,02-07-2020
C04583,Other,18-24,Silver,West,Pune,09-10-2025
C04584,F,35-44,Bronze,Central,Nagpur,12-08-2025
C04585,M,55-64,Gold,Central,Indore,23-06-2023
C04586,F,65+,Gold,West,Surat,05-05-2023
C04587,F,65+,Gold,Central,Nagpur,28-10-2022
C04588,F,35-44,Platinum,South,Chennai,13-05-2022
C04589,M,35-44,Bronze,West,Mumbai,22-05-2020
C04590,M,45-54,Gold,Central,Indore,14-01-2024
C04591,F,35-44,Bronze,East,Bhubaneswar,30-04-2020
C04592,F,45-54,Silver,West,Pune,16-04-2023
C04593,F,25-34,Gold,East,Bhubaneswar,30-03-2022
C04594,F,35-44,Silver,West,Surat,29-12-2020
C04595,F,55-64,Silver,East,Guwahati,21-11-2022
C04596,M,65+,Bronze,West,Pune,16-11-2023
C04597,F,55-64,Silver,South,Chennai,14-12-2022
C04598,M,25-34,Gold,West,Pune,24-03-2021
C04599,F,25-34,Bronze,East,Kolkata,04-12-2024
C04600,F,25-34,Bronze,East,Guwahati,09-02-2022
C04601,F,35-44,Silver,East,Patna,23-02-2020
C04602,M,55-64,Bronze,East,Bhubaneswar,01-06-2021
C04603,F,18-24,Bronze,West,Pune,19-06-2023
C04604,F,25-34,Silver,East,Patna,05-08-2021
C04605,F,45-54,Silver,South,Hyderabad,21-07-2022
C04606,M,25-34,Silver,North,Lucknow,23-11-2022
C04607,F,25-34,Guest,Central,Indore,20-01-2024
C04608,F,55-64,Silver,East,Kolkata,22-09-2024
C04609,M,25-34,Silver,South,Chennai,08-06-2025
C04610,M,35-44,Bronze,West,Mumbai,28-04-2025
C04611,F,55-64,Silver,South,Bengaluru,23-02-2024
C04612,M,35-44,Bronze,Central,Bhopal,15-03-2022
C04613,M,45-54,Gold,North,Jaipur,07-11-2022
C04614,F,45-54,Platinum,South,Bengaluru,25-05-2020
C04615,F,45-54,Silver,East,Patna,28-05-2024
C04616,F,65+,Silver,South,Kochi,26-06-2021
C04617,M,35-44,Bronze,Central,Bhopal,21-11-2021
C04618,F,45-54,Guest,Central,Nagpur,03-02-2022
C04619,F,25-34,Bronze,North,Chandigarh,04-10-2021
C04620,M,35-44,Guest,North,Chandigarh,16-02-2021
C04621,M,55-64,Bronze,Central,Bhopal,31-12-2022
C04622,F,55-64,Bronze,East,Kolkata,23-07-2022
C04623,F,25-34,Silver,East,Bhubaneswar,12-04-2020
C04624,M,45-54,Silver,Central,Nagpur,25-03-2021
C04625,F,25-34,Silver,South,Kochi,01-12-2024
C04626,M,35-44,Bronze,Central,Indore,21-03-2023
C04627,M,35-44,Gold,East,Bhubaneswar,22-05-2020
C04628,F,65+,Bronze,East,Guwahati,17-08-2025
C04629,F,18-24,Silver,South,Chennai,20-04-2023
C04630,F,55-64,Gold,South,Hyderabad,21-07-2021
C04631,F,35-44,Silver,North,Chandigarh,01-10-2025
C04632,M,25-34,Silver,West,Pune,19-08-2021
C04633,M,35-44,Guest,South,Chennai,21-01-2025
C04634,M,55-64,Silver,North,Chandigarh,30-03-2021
C04635,M,55-64,Bronze,South,Chennai,28-04-2023
C04636,F,25-34,Silver,North,Chandigarh,28-05-2025
C04637,F,55-64,Bronze,Central,Raipur,05-03-2022
C04638,M,35-44,Bronze,Central,Nagpur,11-01-2024
C04639,M,25-34,Silver,North,Lucknow,16-12-2020
C04640,F,45-54,Bronze,West,Pune,25-05-2022
C04641,F,45-54,Platinum,Central,Bhopal,19-08-2021
C04642,M,55-64,Silver,West,Mumbai,26-09-2025
C04643,F,25-34,Bronze,East,Kolkata,10-10-2020
C04644,F,18-24,Silver,Central,Indore,05-01-2021
C04645,F,18-24,Bronze,South,Bengaluru,07-07-2021
C04646,M,35-44,Silver,West,Surat,01-02-2023
C04647,M,35-44,Bronze,South,Chennai,07-06-2022
C04648,F,45-54,Silver,Central,Raipur,25-01-2020
C04649,F,45-54,Gold,East,Patna,22-09-2020
C04650,F,18-24,Bronze,North,Chandigarh,18-03-2020
C04651,F,25-34,Bronze,East,Kolkata,13-11-2020
C04652,F,35-44,Gold,Central,Raipur,23-05-2022
C04653,F,35-44,Bronze,West,Surat,02-06-2023
C04654,M,25-34,Gold,West,Pune,17-01-2020
C04655,F,25-34,Bronze,North,Jaipur,22-01-2023
C04656,F,45-54,Bronze,South,Hyderabad,17-04-2021
C04657,M,45-54,Silver,North,Chandigarh,11-03-2025
C04658,M,55-64,Silver,South,Hyderabad,29-03-2024
C04659,M,25-34,Silver,West,Mumbai,15-08-2023
C04660,M,25-34,Bronze,North,Lucknow,23-05-2021
C04661,F,18-24,Gold,East,Kolkata,05-08-2021
C04662,F,55-64,Bronze,Central,Raipur,19-11-2021
C04663,F,45-54,Gold,North,Jaipur,05-04-2022
C04664,F,45-54,Gold,North,Chandigarh,16-10-2022
C04665,F,35-44,Platinum,West,Pune,10-07-2023
C04666,M,18-24,Gold,West,Mumbai,04-05-2023
C04667,M,55-64,Bronze,Central,Bhopal,20-07-2021
C04668,M,35-44,Gold,South,Hyderabad,19-01-2022
C04669,M,65+,Bronze,Central,Nagpur,29-06-2023
C04670,M,25-34,Silver,East,Patna,03-04-2023
C04671,M,45-54,Bronze,East,Kolkata,09-01-2025
C04672,F,35-44,Silver,South,Chennai,26-08-2023
C04673,F,35-44,Bronze,South,Kochi,26-08-2024
C04674,M,35-44,Silver,Central,Bhopal,07-10-2025
C04675,M,25-34,Bronze,North,Lucknow,28-12-2022
C04676,M,25-34,Bronze,North,Lucknow,01-10-2022
C04677,Other,65+,Gold,East,Bhubaneswar,15-04-2021
C04678,M,55-64,Bronze,East,Kolkata,24-01-2024
C04679,M,65+,Bronze,East,Bhubaneswar,26-02-2024
C04680,F,25-34,Bronze,Central,Raipur,01-02-2020
C04681,M,25-34,Silver,Central,Raipur,01-07-2023
C04682,F,45-54,Bronze,Central,Indore,20-10-2020
C04683,M,25-34,Bronze,East,Kolkata,05-04-2022
C04684,F,35-44,Silver,East,Guwahati,02-09-2024
C04685,F,45-54,Silver,Central,Nagpur,30-08-2023
C04686,M,45-54,Gold,East,Kolkata,08-10-2020
C04687,M,55-64,Gold,East,Guwahati,07-05-2022
C04688,M,25-34,Platinum,South,Hyderabad,16-06-2022
C04689,F,25-34,Silver,East,Kolkata,05-02-2025
C04690,M,55-64,Bronze,South,Chennai,14-12-2020
C04691,F,35-44,Bronze,West,Mumbai,09-05-2024
C04692,M,35-44,Silver,Central,Raipur,10-01-2025
C04693,M,35-44,Bronze,North,Lucknow,23-03-2025
C04694,F,45-54,Bronze,North,Delhi,04-07-2025
C04695,F,45-54,Silver,Central,Indore,11-04-2024
C04696,M,25-34,Gold,Central,Bhopal,20-06-2020
C04697,F,65+,Bronze,North,Lucknow,22-04-2021
C04698,F,55-64,Silver,West,Surat,13-10-2025
C04699,F,35-44,Silver,Central,Bhopal,06-07-2021
C04700,F,18-24,Silver,North,Chandigarh,01-07-2023
C04701,F,55-64,Bronze,West,Pune,14-05-2022
C04702,F,35-44,Silver,South,Hyderabad,24-12-2021
C04703,M,45-54,Platinum,West,Mumbai,21-10-2023
C04704,M,25-34,Silver,West,Mumbai,08-12-2022
C04705,F,25-34,Gold,Central,Nagpur,24-03-2023
C04706,M,25-34,Silver,South,Kochi,14-02-2023
C04707,M,45-54,Silver,East,Patna,06-06-2025
C04708,F,55-64,Gold,North,Chandigarh,15-05-2022
C04709,M,35-44,Gold,East,Kolkata,03-10-2020
C04710,M,45-54,Bronze,South,Bengaluru,20-02-2025
C04711,F,45-54,Bronze,South,Chennai,06-06-2022
C04712,F,45-54,Bronze,West,Mumbai,11-10-2025
C04713,F,25-34,Gold,South,Chennai,01-01-2022
C04714,M,55-64,Platinum,Central,Nagpur,16-02-2024
C04715,F,25-34,Silver,North,Chandigarh,18-11-2023
C04716,M,55-64,Silver,East,Guwahati,04-05-2020
C04717,F,45-54,Bronze,Central,Bhopal,25-04-2024
C04718,M,55-64,Bronze,Central,Nagpur,30-04-2023
C04719,F,25-34,Bronze,East,Bhubaneswar,01-05-2025
C04720,F,25-34,Gold,South,Chennai,26-01-2025
C04721,F,65+,Gold,East,Bhubaneswar,04-04-2021
C04722,M,25-34,Bronze,East,Bhubaneswar,02-03-2025
C04723,F,45-54,Bronze,South,Hyderabad,05-07-2024
C04724,F,25-34,Gold,East,Kolkata,07-08-2023
C04725,F,18-24,Platinum,Central,Indore,08-04-2020
C04726,F,25-34,Bronze,Central,Raipur,01-08-2020
C04727,M,35-44,Gold,East,Patna,25-04-2024
C04728,M,55-64,Silver,South,Chennai,31-05-2023
C04729,M,35-44,Gold,North,Lucknow,08-09-2021
C04730,M,25-34,Bronze,West,Ahmedabad,02-05-2025
C04731,Other,35-44,Bronze,North,Delhi,04-02-2025
C04732,M,18-24,Gold,East,Kolkata,15-03-2020
C04733,M,25-34,Bronze,West,Surat,29-06-2025
C04734,M,55-64,Gold,Central,Bhopal,06-08-2025
C04735,M,45-54,Bronze,North,Chandigarh,11-08-2020
C04736,F,65+,Silver,East,Guwahati,04-09-2022
C04737,M,18-24,Gold,South,Bengaluru,12-12-2024
C04738,F,55-64,Silver,West,Pune,31-12-2021
C04739,M,55-64,Bronze,North,Lucknow,05-05-2020
C04740,M,35-44,Bronze,West,Mumbai,02-02-2024
C04741,M,65+,Silver,Central,Nagpur,06-06-2020
C04742,M,65+,Silver,West,Mumbai,04-11-2020
C04743,M,55-64,Platinum,North,Chandigarh,14-05-2022
C04744,F,18-24,Bronze,Central,Bhopal,24-02-2021
C04745,Other,35-44,Gold,North,Lucknow,25-03-2020
C04746,F,65+,Bronze,East,Kolkata,20-11-2022
C04747,M,25-34,Bronze,Central,Bhopal,13-04-2023
C04748,M,45-54,Bronze,North,Jaipur,23-04-2025
C04749,F,45-54,Silver,East,Bhubaneswar,29-12-2020
C04750,F,35-44,Bronze,Central,Bhopal,08-10-2024
C04751,F,35-44,Silver,East,Patna,29-11-2024
C04752,F,25-34,Silver,East,Bhubaneswar,29-10-2024
C04753,F,18-24,Bronze,Central,Bhopal,03-04-2022
C04754,F,25-34,Bronze,North,Chandigarh,04-09-2024
C04755,M,55-64,Silver,North,Delhi,12-01-2024
C04756,F,18-24,Silver,North,Delhi,08-11-2024
C04757,F,18-24,Silver,East,Bhubaneswar,17-10-2024
C04758,F,25-34,Bronze,Central,Raipur,14-03-2023
C04759,M,45-54,Gold,South,Hyderabad,02-08-2022
C04760,F,25-34,Bronze,South,Kochi,11-11-2020
C04761,M,45-54,Guest,South,Chennai,17-08-2024
C04762,M,45-54,Silver,South,Hyderabad,17-06-2023
C04763,F,35-44,Bronze,West,Ahmedabad,17-10-2024
C04764,F,45-54,Silver,Central,Raipur,12-07-2023
C04765,M,25-34,Bronze,East,Patna,13-10-2023
C04766,M,35-44,Bronze,East,Bhubaneswar,15-07-2021
C04767,M,65+,Silver,North,Lucknow,06-12-2024
C04768,F,45-54,Silver,West,Surat,03-07-2025
C04769,F,45-54,Silver,Central,Nagpur,25-05-2021
C04770,F,65+,Silver,South,Hyderabad,28-06-2021
C04771,M,35-44,Bronze,South,Bengaluru,04-10-2020
C04772,M,18-24,Bronze,North,Chandigarh,02-12-2023
C04773,F,45-54,Bronze,North,Delhi,24-04-2022
C04774,M,35-44,Gold,West,Ahmedabad,17-12-2022
C04775,F,55-64,Gold,North,Chandigarh,02-05-2025
C04776,F,65+,Bronze,North,Delhi,02-02-2020
C04777,M,35-44,Bronze,East,Guwahati,08-09-2021
C04778,F,65+,Silver,South,Bengaluru,22-09-2024
C04779,M,35-44,Bronze,West,Pune,18-11-2022
C04780,F,55-64,Silver,North,Jaipur,15-12-2024
C04781,M,55-64,Gold,South,Hyderabad,27-06-2021
C04782,M,45-54,Bronze,South,Kochi,18-07-2024
C04783,M,35-44,Silver,South,Kochi,28-09-2025
C04784,F,65+,Bronze,South,Hyderabad,26-07-2024
C04785,M,45-54,Silver,North,Chandigarh,23-04-2025
C04786,M,25-34,Gold,Central,Bhopal,15-04-2021
C04787,M,25-34,Platinum,East,Patna,24-06-2021
C04788,F,35-44,Gold,East,Bhubaneswar,16-07-2020
C04789,M,35-44,Silver,South,Bengaluru,24-02-2025
C04790,M,45-54,Gold,South,Bengaluru,29-11-2021
C04791,M,55-64,Bronze,North,Chandigarh,28-04-2021
C04792,F,35-44,Bronze,Central,Bhopal,10-03-2022
C04793,F,45-54,Silver,Central,Indore,29-08-2025
C04794,F,25-34,Gold,West,Surat,26-03-2023
C04795,M,25-34,Bronze,South,Bengaluru,30-05-2022
C04796,M,35-44,Gold,West,Ahmedabad,28-07-2020
C04797,M,45-54,Bronze,Central,Raipur,02-10-2022
C04798,M,45-54,Bronze,South,Kochi,27-03-2020
C04799,M,18-24,Bronze,East,Bhubaneswar,27-09-2021
C04800,M,65+,Bronze,West,Ahmedabad,21-06-2024
C04801,F,45-54,Silver,West,Pune,17-04-2020
C04802,M,55-64,Silver,Central,Nagpur,08-01-2024
C04803,F,65+,Silver,South,Kochi,07-06-2021
C04804,F,25-34,Bronze,East,Bhubaneswar,31-05-2021
C04805,F,45-54,Gold,North,Jaipur,19-08-2021
C04806,F,25-34,Bronze,East,Bhubaneswar,21-09-2020
C04807,F,45-54,Gold,Central,Nagpur,19-02-2023
C04808,F,55-64,Bronze,North,Chandigarh,30-11-2024
C04809,F,35-44,Bronze,East,Kolkata,29-01-2022
C04810,M,18-24,Silver,West,Pune,23-02-2022
C04811,F,45-54,Silver,Central,Nagpur,01-05-2021
C04812,M,65+,Bronze,South,Kochi,16-09-2023
C04813,M,55-64,Bronze,South,Hyderabad,13-04-2024
C04814,M,65+,Platinum,West,Pune,13-06-2020
C04815,M,18-24,Silver,North,Chandigarh,01-11-2021
C04816,F,55-64,Silver,Central,Nagpur,22-01-2020
C04817,Other,35-44,Bronze,South,Chennai,23-10-2023
C04818,F,25-34,Gold,North,Lucknow,17-02-2021
C04819,F,35-44,Bronze,East,Patna,24-09-2023
C04820,M,18-24,Silver,South,Hyderabad,30-04-2020
C04821,M,25-34,Silver,West,Ahmedabad,21-04-2022
C04822,F,35-44,Gold,East,Kolkata,03-10-2020
C04823,M,18-24,Gold,East,Kolkata,20-04-2020
C04824,M,25-34,Bronze,North,Lucknow,15-10-2023
C04825,F,25-34,Bronze,Central,Nagpur,25-12-2020
C04826,M,45-54,Bronze,East,Patna,07-04-2020
C04827,M,55-64,Gold,Central,Bhopal,11-10-2021
C04828,M,35-44,Bronze,East,Guwahati,16-03-2025
C04829,F,55-64,Silver,South,Bengaluru,24-04-2021
C04830,F,18-24,Bronze,North,Lucknow,27-10-2022
C04831,F,55-64,Bronze,East,Bhubaneswar,08-05-2022
C04832,F,55-64,Bronze,South,Chennai,06-03-2025
C04833,M,25-34,Silver,West,Mumbai,28-06-2020
C04834,F,35-44,Bronze,Central,Bhopal,27-08-2024
C04835,M,25-34,Bronze,North,Jaipur,18-06-2024
C04836,M,25-34,Bronze,North,Delhi,25-12-2021
C04837,Other,55-64,Silver,Central,Raipur,17-03-2021
C04838,M,25-34,Gold,West,Pune,02-10-2021
C04839,F,25-34,Silver,North,Chandigarh,24-02-2024
C04840,F,25-34,Platinum,North,Jaipur,21-12-2023
C04841,M,45-54,Gold,Central,Bhopal,12-04-2020
C04842,M,35-44,Silver,West,Mumbai,23-12-2020
C04843,F,55-64,Gold,South,Hyderabad,22-02-2023
C04844,Other,45-54,Bronze,West,Ahmedabad,10-09-2020
C04845,M,55-64,Silver,East,Patna,28-12-2020
C04846,F,35-44,Gold,North,Chandigarh,05-01-2020
C04847,F,25-34,Bronze,Central,Raipur,10-08-2020
C04848,F,45-54,Platinum,East,Patna,11-04-2025
C04849,M,25-34,Silver,West,Mumbai,09-07-2024
C04850,F,25-34,Gold,East,Guwahati,05-06-2025
C04851,F,55-64,Bronze,East,Patna,12-04-2025
C04852,M,45-54,Guest,Central,Raipur,18-07-2025
C04853,Other,25-34,Bronze,West,Ahmedabad,21-08-2021
C04854,F,25-34,Bronze,South,Hyderabad,28-01-2021
C04855,M,65+,Gold,West,Ahmedabad,27-06-2025
C04856,M,65+,Silver,North,Delhi,15-02-2020
C04857,M,55-64,Bronze,North,Delhi,31-03-2024
C04858,F,45-54,Gold,East,Guwahati,27-05-2022
C04859,M,35-44,Bronze,Central,Indore,21-04-2020
C04860,M,45-54,Silver,Central,Indore,20-03-2024
C04861,Other,18-24,Gold,Central,Bhopal,17-08-2025
C04862,M,35-44,Bronze,Central,Raipur,10-02-2021
C04863,M,25-34,Silver,East,Guwahati,05-12-2021
C04864,M,45-54,Bronze,Central,Nagpur,30-03-2024
C04865,M,18-24,Silver,Central,Nagpur,07-06-2020
C04866,M,25-34,Gold,North,Delhi,17-04-2020
C04867,M,25-34,Bronze,Central,Indore,18-02-2020
C04868,M,18-24,Silver,East,Kolkata,03-12-2022
C04869,M,45-54,Silver,East,Patna,25-01-2021
C04870,M,65+,Bronze,East,Kolkata,01-10-2020
C04871,F,55-64,Silver,East,Patna,14-11-2022
C04872,F,35-44,Bronze,North,Lucknow,08-02-2025
C04873,F,55-64,Bronze,East,Guwahati,13-10-2020
C04874,F,35-44,Bronze,South,Hyderabad,03-03-2024
C04875,M,35-44,Bronze,North,Chandigarh,23-08-2022
C04876,M,18-24,Guest,West,Mumbai,11-12-2024
C04877,M,35-44,Bronze,West,Surat,17-05-2021
C04878,M,45-54,Silver,Central,Bhopal,05-07-2022
C04879,F,25-34,Silver,East,Patna,26-07-2023
C04880,M,18-24,Bronze,West,Surat,16-02-2025
C04881,M,18-24,Gold,North,Jaipur,18-04-2022
C04882,F,65+,Silver,North,Jaipur,30-08-2024
C04883,M,25-34,Platinum,West,Surat,30-04-2025
C04884,M,55-64,Bronze,North,Lucknow,02-04-2024
C04885,M,35-44,Silver,North,Chandigarh,11-08-2021
C04886,F,25-34,Bronze,East,Patna,06-01-2022
C04887,M,55-64,Silver,West,Mumbai,15-07-2022
C04888,F,25-34,Silver,West,Surat,29-04-2024
C04889,M,35-44,Silver,East,Bhubaneswar,03-02-2022
C04890,F,35-44,Bronze,Central,Nagpur,16-11-2020
C04891,F,65+,Platinum,Central,Nagpur,04-11-2020
C04892,F,45-54,Bronze,South,Bengaluru,26-12-2021
C04893,M,45-54,Silver,East,Patna,16-08-2024
C04894,F,18-24,Bronze,South,Hyderabad,07-07-2023
C04895,M,35-44,Bronze,North,Delhi,04-07-2024
C04896,M,35-44,Gold,East,Patna,04-09-2024
C04897,M,18-24,Gold,West,Mumbai,29-10-2023
C04898,F,45-54,Bronze,East,Bhubaneswar,19-01-2021
C04899,F,65+,Silver,West,Pune,30-10-2022
C04900,F,45-54,Silver,South,Kochi,10-05-2020
C04901,M,45-54,Silver,East,Bhubaneswar,06-07-2024
C04902,F,25-34,Bronze,West,Surat,24-08-2025
C04903,M,25-34,Bronze,Central,Indore,22-07-2021
C04904,F,18-24,Bronze,South,Chennai,19-11-2021
C04905,F,25-34,Bronze,North,Jaipur,27-05-2022
C04906,M,25-34,Bronze,Central,Indore,06-07-2022
C04907,M,35-44,Gold,Central,Bhopal,29-12-2021
C04908,F,25-34,Bronze,East,Kolkata,03-11-2021
C04909,M,35-44,Guest,North,Chandigarh,06-06-2025
C04910,M,18-24,Silver,South,Bengaluru,26-03-2022
C04911,M,45-54,Bronze,West,Ahmedabad,25-08-2020
C04912,M,18-24,Guest,West,Mumbai,13-03-2024
C04913,F,45-54,Bronze,East,Kolkata,06-04-2020
C04914,F,25-34,Bronze,North,Chandigarh,12-04-2025
C04915,F,25-34,Gold,East,Bhubaneswar,03-11-2024
C04916,F,25-34,Bronze,East,Guwahati,03-09-2024
C04917,M,25-34,Silver,Central,Bhopal,02-05-2021
C04918,M,55-64,Gold,South,Chennai,29-03-2022
C04919,M,45-54,Bronze,East,Bhubaneswar,07-04-2022
C04920,F,25-34,Bronze,West,Pune,20-01-2023
C04921,F,55-64,Gold,East,Bhubaneswar,20-10-2024
C04922,F,25-34,Bronze,East,Bhubaneswar,08-06-2020
C04923,M,25-34,Bronze,East,Guwahati,24-01-2020
C04924,F,35-44,Bronze,West,Surat,09-12-2022
C04925,F,18-24,Silver,Central,Raipur,22-02-2020
C04926,M,25-34,Bronze,Central,Bhopal,05-08-2025
C04927,M,25-34,Bronze,West,Ahmedabad,17-08-2025
C04928,M,55-64,Silver,South,Bengaluru,20-10-2022
C04929,M,18-24,Silver,North,Delhi,01-12-2023
C04930,F,55-64,Bronze,East,Kolkata,15-01-2023
C04931,M,35-44,Bronze,West,Ahmedabad,08-09-2023
C04932,M,25-34,Silver,East,Kolkata,03-02-2024
C04933,F,18-24,Silver,North,Delhi,09-07-2023
C04934,M,65+,Silver,West,Ahmedabad,05-02-2020
C04935,F,55-64,Silver,North,Chandigarh,16-08-2021
C04936,M,45-54,Silver,West,Surat,23-02-2022
C04937,M,65+,Gold,East,Kolkata,02-03-2025
C04938,F,25-34,Platinum,West,Ahmedabad,09-06-2022
C04939,M,25-34,Bronze,East,Guwahati,08-02-2024
C04940,M,25-34,Silver,East,Patna,15-03-2023
C04941,F,45-54,Silver,Central,Bhopal,04-09-2022
C04942,F,18-24,Guest,West,Ahmedabad,20-11-2021
C04943,M,65+,Bronze,Central,Raipur,30-05-2025
C04944,M,25-34,Gold,South,Hyderabad,28-08-2020
C04945,M,45-54,Silver,West,Pune,13-01-2025
C04946,F,35-44,Bronze,South,Chennai,27-01-2024
C04947,F,45-54,Silver,Central,Indore,07-01-2025
C04948,F,18-24,Gold,North,Delhi,30-09-2024
C04949,Other,25-34,Silver,Central,Bhopal,09-01-2021
C04950,M,18-24,Bronze,Central,Bhopal,18-12-2021
C04951,M,25-34,Gold,East,Patna,16-02-2021
C04952,F,35-44,Silver,West,Pune,06-09-2020
C04953,M,45-54,Silver,Central,Indore,02-07-2022
C04954,M,45-54,Bronze,North,Jaipur,09-04-2022
C04955,M,45-54,Silver,North,Lucknow,24-01-2025
C04956,F,25-34,Bronze,West,Ahmedabad,29-11-2021
C04957,F,55-64,Bronze,North,Lucknow,15-11-2020
C04958,M,35-44,Bronze,Central,Indore,23-07-2024
C04959,M,45-54,Silver,Central,Raipur,30-10-2024
C04960,F,25-34,Gold,East,Patna,04-03-2023
C04961,F,35-44,Bronze,South,Bengaluru,06-01-2020
C04962,M,18-24,Bronze,East,Bhubaneswar,02-03-2023
C04963,M,18-24,Bronze,East,Guwahati,10-04-2024
C04964,F,65+,Silver,West,Surat,09-12-2024
C04965,F,35-44,Silver,North,Lucknow,02-03-2020
C04966,M,55-64,Bronze,East,Bhubaneswar,13-05-2024
C04967,F,18-24,Platinum,East,Bhubaneswar,31-03-2022
C04968,M,35-44,Silver,South,Bengaluru,24-03-2020
C04969,F,18-24,Guest,North,Delhi,10-05-2023
C04970,F,25-34,Silver,South,Bengaluru,11-05-2020
C04971,M,25-34,Bronze,East,Kolkata,14-08-2022
C04972,M,55-64,Bronze,Central,Bhopal,28-07-2024
C04973,F,45-54,Silver,South,Kochi,12-12-2023
C04974,F,18-24,Gold,North,Chandigarh,18-05-2024
C04975,M,55-64,Platinum,East,Kolkata,11-10-2021
C04976,M,25-34,Gold,North,Chandigarh,18-09-2023
C04977,F,35-44,Silver,West,Surat,03-03-2020
C04978,F,25-34,Bronze,South,Chennai,07-03-2023
C04979,M,45-54,Silver,Central,Raipur,21-03-2024
C04980,F,25-34,Bronze,East,Guwahati,10-02-2025
C04981,M,65+,Gold,West,Surat,25-11-2021
C04982,M,25-34,Silver,West,Ahmedabad,25-12-2024
C04983,F,25-34,Bronze,South,Chennai,13-04-2022
C04984,F,18-24,Bronze,Central,Bhopal,06-09-2025
C04985,M,18-24,Gold,South,Chennai,16-12-2023
C04986,F,45-54,Bronze,South,Hyderabad,14-04-2021
C04987,M,35-44,Silver,South,Chennai,09-11-2023
C04988,M,45-54,Bronze,South,Chennai,28-01-2021
C04989,F,35-44,Gold,West,Ahmedabad,18-10-2025
C04990,M,18-24,Bronze,Central,Raipur,19-08-2024
C04991,F,45-54,Silver,Central,Nagpur,03-08-2024
C04992,Other,45-54,Silver,South,Hyderabad,29-05-2020
C04993,M,35-44,Guest,East,Bhubaneswar,31-03-2024
C04994,M,18-24,Silver,South,Bengaluru,27-10-2024
C04995,M,25-34,Silver,West,Mumbai,27-01-2020
C04996,Other,35-44,Guest,Central,Indore,22-06-2023
C04997,F,45-54,Bronze,North,Delhi,26-05-2024
C04998,F,35-44,Bronze,West,Pune,01-03-2024
C04999,M,35-44,Bronze,West,Ahmedabad,08-07-2021
C05000,F,55-64,Bronze,North,Jaipur,09-09-2020
