ReturnID,TransactionID,ReturnDate,StoreID,ProductID,ReturnQty,ReturnAmount,Reason
R0000005,T0000005,06-06-2024,S016,P0119,1,5,Expired
R0000073,T0000073,06-05-2025,S020,P0034,2,5.9,Damaged
R0000077,T0000077,07-02-2025,S021,P0086,2,12.82,Changed Mind
R0000083,T0000083,10-01-2024,S013,P0113,1,4.02,Not as Described
R0000112,T0000112,27-09-2025,S003,P0048,1,6.73,Changed Mind
R0000136,T0000136,02-09-2024,S005,P0104,2,2.22,Damaged
R0000161,T0000161,09-10-2025,S023,P0057,1,6.02,Changed Mind
R0000190,T0000190,08-10-2024,S022,P0162,1,42.91,Not as Described
R0000191,T0000191,21-12-2024,S004,P0009,1,8.97,Wrong Item
R0000245,T0000245,13-09-2024,S010,P0039,2,4.38,Not as Described
R0000249,T0000249,15-08-2025,S014,P0101,1,1.75,Damaged
R0000260,T0000260,15-08-2025,S007,P0094,1,3.28,Damaged
R0000311,T0000311,22-05-2025,S009,P0179,2,71.72,Changed Mind
R0000313,T0000313,09-04-2024,S004,P0180,1,38.94,Wrong Item
R0000371,T0000371,12-12-2024,S002,P0072,2,10.18,Changed Mind
R0000388,T0000388,18-08-2025,S002,P0082,1,5.48,Damaged
R0000488,T0000488,17-07-2025,S001,P0053,1,1.95,Damaged
R0000522,T0000522,07-03-2025,S001,P0155,2,53.88,Not as Described
R0000580,T0000580,19-04-2025,S021,P0020,1,4.76,Expired
R0000632,T0000632,31-10-2025,S021,P0160,1,32.57,Expired
R0000668,T0000668,15-10-2024,S030,P0017,1,9.37,Wrong Item
R0000673,T0000673,30-06-2024,S024,P0170,2,25.08,Changed Mind
R0000682,T0000682,11-10-2025,S002,P0173,1,53.66,Not as Described
R0000730,T0000730,04-12-2024,S010,P0149,2,11.18,Expired
R0000795,T0000795,06-10-2025,S002,P0131,2,6.46,Damaged
R0000808,T0000808,26-03-2025,S002,P0105,1,2.73,Changed Mind
R0000816,T0000816,10-03-2025,S024,P0118,2,3.74,Wrong Item
R0000820,T0000820,27-06-2025,S016,P0041,2,4.52,Wrong Item
R0000827,T0000827,02-05-2024,S007,P0059,1,5.72,Changed Mind
R0000834,T0000834,15-02-2025,S020,P0020,1,4.76,Changed Mind
R0000898,T0000898,17-07-2025,S018,P0101,2,3.58,Damaged
R0000941,T0000941,23-03-2025,S007,P0011,1,4.42,Changed Mind
R0000983,T0000983,04-02-2024,S016,P0058,1,6.24,Wrong Item
R0000999,T0000999,11-07-2024,S009,P0050,1,1.05,Expired
R0001065,T0001065,29-09-2025,S006,P0147,2,10.82,Damaged
R0001087,T0001087,06-01-2024,S023,P0122,2,5.89,Changed Mind
R0001121,T0001121,03-11-2024,S007,P0061,1,1.77,Changed Mind
R0001154,T0001154,22-05-2024,S029,P0101,1,1.79,Not as Described
R0001167,T0001167,10-02-2024,S010,P0171,2,35.78,Damaged
R0001181,T0001181,23-04-2025,S028,P0120,2,3.44,Damaged
R0001197,T0001197,09-09-2025,S026,P0104,1,1.11,Damaged
R0001210,T0001210,27-08-2024,S007,P0044,1,7.73,Wrong Item
R0001252,T0001252,26-03-2025,S017,P0180,2,74.03,Expired
R0001308,T0001308,22-08-2024,S025,P0094,2,6.56,Wrong Item
R0001316,T0001316,12-04-2025,S029,P0054,2,4.36,Changed Mind
R0001330,T0001330,19-01-2024,S028,P0071,1,4.3,Not as Described
R0001338,T0001338,11-10-2024,S022,P0006,1,4.02,Wrong Item
R0001357,T0001357,11-12-2024,S001,P0060,1,4.91,Wrong Item
R0001369,T0001369,04-06-2024,S025,P0128,2,3.68,Wrong Item
R0001416,T0001416,18-10-2025,S026,P0086,2,11.41,Damaged
R0001418,T0001418,16-03-2024,S004,P0058,1,6.24,Changed Mind
R0001428,T0001428,11-09-2025,S013,P0039,1,2.19,Not as Described
R0001456,T0001456,21-08-2024,S011,P0136,2,10.68,Damaged
R0001566,T0001566,19-08-2025,S028,P0138,2,2.3,Damaged
R0001568,T0001568,20-01-2025,S026,P0162,1,42.91,Wrong Item
R0001575,T0001575,15-03-2024,S026,P0033,2,3.7,Wrong Item
R0001576,T0001576,07-10-2025,S023,P0055,1,6.43,Wrong Item
R0001662,T0001662,22-11-2024,S001,P0144,1,2.1,Not as Described
R0001748,T0001748,06-01-2025,S026,P0164,1,59.99,Damaged
R0001781,T0001781,11-02-2025,S018,P0041,1,2.06,Damaged
R0001790,T0001790,09-10-2025,S030,P0116,2,2.22,Damaged
R0001792,T0001792,17-08-2025,S006,P0006,2,10.86,Changed Mind
R0001795,T0001795,16-09-2025,S015,P0160,1,32.57,Wrong Item
R0001797,T0001797,07-06-2025,S012,P0102,1,3.56,Not as Described
R0001804,T0001804,23-07-2024,S020,P0110,1,5.11,Wrong Item
R0001836,T0001836,08-07-2024,S030,P0140,1,1.74,Wrong Item
R0001842,T0001842,11-05-2025,S017,P0143,1,1,Damaged
R0001881,T0001881,06-09-2024,S020,P0027,1,4.46,Changed Mind
R0001913,T0001913,16-05-2024,S025,P0175,1,54.26,Changed Mind
R0001945,T0001945,28-09-2024,S027,P0136,1,5.45,Wrong Item
R0001964,T0001964,17-01-2025,S009,P0097,1,1.38,Wrong Item
R0001965,T0001965,07-09-2025,S011,P0036,1,2.54,Damaged
R0001973,T0001973,02-05-2024,S030,P0114,1,7.25,Damaged
R0002072,T0002072,31-03-2025,S012,P0130,2,9.22,Damaged
R0002093,T0002093,11-02-2024,S021,P0142,1,1.9,Changed Mind
R0002098,T0002098,19-02-2024,S016,P0084,2,14.32,Wrong Item
R0002105,T0002105,23-11-2024,S020,P0006,1,5.43,Not as Described
R0002121,T0002121,29-07-2024,S019,P0080,1,6.18,Expired
R0002133,T0002133,12-02-2024,S021,P0074,2,9.95,Not as Described
R0002141,T0002141,22-05-2024,S014,P0051,1,6.76,Wrong Item
R0002170,T0002170,01-02-2025,S013,P0159,1,46.39,Not as Described
R0002179,T0002179,24-04-2025,S024,P0169,2,83.66,Expired
R0002191,T0002191,14-03-2025,S003,P0052,1,5.62,Expired
R0002196,T0002196,12-01-2024,S022,P0028,1,5.9,Not as Described
R0002202,T0002202,12-04-2025,S026,P0029,2,17.7,Wrong Item
R0002241,T0002241,29-01-2024,S024,P0144,1,2.1,Not as Described
R0002297,T0002297,11-08-2024,S021,P0066,1,7.75,Damaged
R0002467,T0002467,31-01-2024,S016,P0028,2,11.8,Expired
R0002483,T0002483,14-05-2025,S002,P0152,1,50.51,Damaged
R0002493,T0002493,01-08-2024,S004,P0095,1,3.74,Expired
R0002540,T0002540,18-05-2025,S010,P0124,2,11.47,Wrong Item
R0002546,T0002546,31-08-2024,S013,P0034,2,6.34,Changed Mind
R0002579,T0002579,18-09-2025,S009,P0100,1,4.4,Damaged
R0002588,T0002588,06-11-2024,S001,P0162,1,42.91,Not as Described
R0002596,T0002596,04-07-2024,S003,P0076,1,5.85,Damaged
R0002607,T0002607,29-05-2025,S018,P0096,1,5.91,Expired
R0002684,T0002684,09-07-2024,S011,P0131,2,6.46,Expired
R0002738,T0002738,30-12-2024,S005,P0013,1,3.88,Expired
R0002748,T0002748,09-05-2025,S011,P0083,2,15.46,Not as Described
R0002816,T0002816,19-11-2024,S013,P0021,1,2.02,Not as Described
R0002835,T0002835,18-10-2025,S018,P0012,1,4.43,Not as Described
R0002893,T0002893,03-03-2025,S030,P0108,2,10.5,Wrong Item
R0002902,T0002902,18-12-2024,S022,P0089,1,4.42,Not as Described
R0003075,T0003075,16-08-2025,S026,P0056,2,7.2,Expired
R0003083,T0003083,15-10-2025,S017,P0179,2,77.12,Expired
R0003111,T0003111,13-12-2024,S020,P0171,2,35.78,Changed Mind
R0003124,T0003124,06-09-2024,S016,P0035,2,6.08,Not as Described
R0003126,T0003126,04-04-2025,S013,P0033,1,1.85,Damaged
R0003166,T0003166,02-05-2024,S029,P0153,1,21.64,Changed Mind
R0003179,T0003179,18-05-2025,S015,P0025,1,8.09,Damaged
R0003334,T0003334,27-04-2025,S025,P0130,2,9.22,Expired
R0003362,T0003362,30-05-2024,S013,P0136,2,10.9,Changed Mind
R0003408,T0003408,16-10-2025,S004,P0036,2,6,Expired
R0003409,T0003409,13-07-2024,S007,P0172,2,64.65,Changed Mind
R0003444,T0003444,23-08-2025,S010,P0126,2,6.54,Expired
R0003451,T0003451,30-12-2024,S025,P0024,1,9.38,Expired
R0003593,T0003593,06-09-2025,S004,P0106,1,3.5,Wrong Item
R0003596,T0003596,08-03-2024,S019,P0044,2,14.53,Wrong Item
R0003614,T0003614,26-05-2024,S005,P0035,1,3.04,Wrong Item
R0003623,T0003623,05-02-2025,S013,P0060,2,7.17,Not as Described
R0003638,T0003638,27-04-2025,S001,P0016,2,7.62,Wrong Item
R0003647,T0003647,06-01-2025,S014,P0134,1,5.14,Not as Described
R0003675,T0003675,31-07-2024,S008,P0030,1,9.85,Changed Mind
R0003678,T0003678,14-07-2024,S009,P0029,1,8.41,Damaged
R0003687,T0003687,23-08-2024,S006,P0067,1,2.97,Damaged
R0003688,T0003688,08-02-2025,S013,P0099,2,7.16,Damaged
R0003704,T0003704,18-01-2025,S012,P0031,2,8.74,Expired
R0003775,T0003775,30-03-2025,S019,P0083,1,7.73,Expired
R0003831,T0003831,27-03-2024,S010,P0114,2,14.5,Changed Mind
R0003864,T0003864,08-05-2025,S007,P0117,1,4.48,Wrong Item
R0003887,T0003887,04-07-2024,S022,P0050,1,1.33,Damaged
R0003907,T0003907,21-09-2024,S013,P0123,2,12.11,Wrong Item
R0003954,T0003954,07-01-2025,S002,P0176,2,93.02,Not as Described
R0003958,T0003958,17-06-2024,S021,P0035,1,3.04,Expired
R0004094,T0004094,17-08-2024,S021,P0034,1,3.17,Expired
R0004122,T0004122,10-11-2024,S003,P0070,2,2.08,Wrong Item
R0004126,T0004126,09-02-2025,S009,P0021,1,2.02,Expired
R0004150,T0004150,31-08-2025,S025,P0077,1,1.37,Damaged
R0004189,T0004189,07-02-2025,S021,P0122,2,7.36,Wrong Item
R0004247,T0004247,10-05-2025,S019,P0002,2,21.14,Wrong Item
R0004261,T0004261,31-07-2024,S009,P0004,2,20.84,Not as Described
R0004315,T0004315,28-04-2024,S027,P0101,2,3.58,Changed Mind
R0004426,T0004426,18-08-2024,S012,P0155,2,46.88,Damaged
R0004436,T0004436,08-09-2025,S006,P0068,1,6.08,Damaged
R0004444,T0004444,20-06-2025,S018,P0055,1,5.85,Expired
R0004473,T0004473,29-09-2025,S006,P0089,2,8.84,Not as Described
R0004477,T0004477,01-07-2025,S009,P0011,2,8.84,Wrong Item
R0004525,T0004525,28-01-2025,S005,P0046,1,1.74,Expired
R0004565,T0004565,13-12-2024,S001,P0047,2,2.66,Damaged
R0004612,T0004612,07-08-2024,S003,P0065,1,2.45,Damaged
R0004672,T0004672,06-09-2024,S015,P0154,1,56.12,Changed Mind
R0004674,T0004674,11-10-2025,S002,P0101,1,1.79,Changed Mind
R0004699,T0004699,24-08-2025,S009,P0034,1,2.85,Changed Mind
R0004721,T0004721,07-10-2025,S010,P0107,1,1.29,Not as Described
R0004754,T0004754,11-05-2025,S008,P0066,2,15.5,Damaged
R0004779,T0004779,09-05-2024,S022,P0042,1,3.84,Wrong Item
R0004807,T0004807,08-06-2025,S003,P0034,2,6.34,Expired
R0004865,T0004865,01-04-2024,S015,P0108,1,5.25,Expired
R0004875,T0004875,04-10-2025,S008,P0033,1,1.85,Wrong Item
R0004878,T0004878,04-02-2025,S028,P0127,1,1.96,Expired
R0004937,T0004937,12-08-2025,S008,P0071,1,3.65,Not as Described
R0004956,T0004956,18-08-2025,S024,P0044,1,6.72,Damaged
R0005131,T0005131,07-11-2024,S030,P0104,1,0.94,Expired
R0005183,T0005183,17-05-2025,S020,P0149,1,5.59,Not as Described
R0005185,T0005185,04-07-2024,S026,P0178,1,38.98,Wrong Item
R0005195,T0005195,26-10-2025,S030,P0022,1,7.12,Wrong Item
R0005261,T0005261,17-02-2025,S012,P0015,2,17.46,Changed Mind
R0005267,T0005267,04-07-2024,S018,P0028,1,5.9,Not as Described
R0005271,T0005271,09-09-2024,S023,P0082,1,6.85,Changed Mind
R0005290,T0005290,25-09-2024,S005,P0006,2,9.78,Damaged
R0005294,T0005294,31-03-2025,S004,P0050,2,2.66,Not as Described
R0005316,T0005316,27-06-2025,S026,P0159,2,118.96,Wrong Item
R0005434,T0005434,01-04-2024,S029,P0154,1,56.12,Changed Mind
R0005509,T0005509,11-09-2024,S029,P0111,1,4.81,Expired
R0005511,T0005511,20-07-2024,S003,P0103,2,15.5,Not as Described
R0005527,T0005527,14-09-2024,S015,P0155,1,26.94,Wrong Item
R0005565,T0005565,11-04-2024,S017,P0054,2,4.36,Not as Described
R0005575,T0005575,16-05-2025,S025,P0046,2,3.48,Expired
R0005596,T0005596,03-05-2025,S028,P0156,2,38.58,Wrong Item
R0005616,T0005616,11-10-2024,S008,P0013,2,5.82,Not as Described
R0005640,T0005640,22-02-2024,S017,P0173,2,107.32,Wrong Item
R0005671,T0005671,02-03-2025,S021,P0118,1,1.87,Not as Described
R0005700,T0005700,06-08-2025,S023,P0108,2,10.5,Not as Described
R0005728,T0005728,03-04-2024,S029,P0144,1,2.1,Damaged
R0005800,T0005800,25-09-2024,S024,P0143,2,2,Not as Described
R0005802,T0005802,08-08-2025,S021,P0149,2,11.18,Expired
R0005861,T0005861,03-08-2024,S030,P0098,2,9.36,Changed Mind
R0005885,T0005885,15-03-2025,S007,P0137,2,3.51,Changed Mind
R0005978,T0005978,08-07-2024,S024,P0123,2,12.57,Changed Mind
R0005993,T0005993,04-02-2025,S007,P0147,1,5.09,Changed Mind
R0006073,T0006073,09-12-2024,S027,P0048,2,15.48,Expired
R0006094,T0006094,28-01-2025,S023,P0064,1,6.83,Wrong Item
R0006116,T0006116,30-04-2024,S027,P0021,1,2.02,Not as Described
R0006127,T0006127,01-10-2025,S028,P0144,1,2.1,Not as Described
R0006161,T0006161,01-12-2024,S022,P0007,1,2.45,Changed Mind
R0006238,T0006238,29-06-2025,S025,P0025,1,8.09,Changed Mind
R0006243,T0006243,31-03-2024,S010,P0005,1,10.45,Damaged
R0006301,T0006301,31-03-2024,S030,P0143,1,1,Wrong Item
R0006312,T0006312,01-07-2024,S021,P0091,1,5.56,Changed Mind
R0006364,T0006364,11-03-2025,S028,P0142,1,2.14,Wrong Item
R0006416,T0006416,29-08-2024,S020,P0152,1,50.51,Wrong Item
R0006468,T0006468,09-02-2025,S018,P0102,1,3.56,Damaged
R0006510,T0006510,05-09-2025,S016,P0165,1,46.17,Expired
R0006537,T0006537,13-04-2024,S002,P0110,1,5.68,Wrong Item
R0006548,T0006548,16-04-2025,S023,P0178,1,45.86,Wrong Item
R0006549,T0006549,09-02-2024,S005,P0099,1,2.86,Not as Described
R0006710,T0006710,14-09-2024,S006,P0030,2,19.7,Wrong Item
R0006724,T0006724,16-04-2025,S001,P0077,2,3.22,Changed Mind
R0006741,T0006741,05-06-2025,S017,P0162,1,42.91,Damaged
R0006780,T0006780,21-03-2025,S012,P0110,2,11.36,Not as Described
R0006784,T0006784,22-04-2024,S011,P0065,2,6.7,Not as Described
R0006899,T0006899,24-08-2025,S020,P0105,1,3.96,Changed Mind
R0006927,T0006927,02-09-2024,S010,P0143,1,1,Wrong Item
R0006950,T0006950,14-04-2025,S029,P0005,2,20.9,Changed Mind
R0006973,T0006973,04-02-2025,S005,P0048,1,6.35,Wrong Item
R0006975,T0006975,17-04-2025,S006,P0164,2,89.98,Expired
R0007017,T0007017,01-01-2025,S008,P0038,1,7.9,Damaged
R0007038,T0007038,30-10-2025,S024,P0036,1,2.48,Changed Mind
R0007070,T0007070,19-08-2024,S010,P0004,1,11.84,Expired
R0007071,T0007071,26-10-2025,S021,P0108,1,5.25,Damaged
R0007087,T0007087,14-02-2024,S026,P0155,1,26.94,Expired
R0007116,T0007116,03-06-2024,S018,P0008,1,8.37,Not as Described
R0007189,T0007189,12-06-2025,S014,P0142,2,4.28,Not as Described
R0007215,T0007215,31-03-2024,S030,P0178,1,45.86,Expired
R0007228,T0007228,29-06-2024,S029,P0048,1,7.74,Wrong Item
R0007230,T0007230,10-07-2025,S005,P0134,2,10.28,Expired
R0007235,T0007235,01-01-2025,S021,P0103,2,15.5,Damaged
R0007258,T0007258,26-04-2024,S011,P0046,2,3.48,Not as Described
R0007276,T0007276,06-02-2024,S021,P0144,2,3.36,Wrong Item
R0007298,T0007298,13-07-2024,S010,P0130,1,4.52,Damaged
R0007314,T0007314,23-07-2025,S026,P0078,2,9.06,Expired
R0007316,T0007316,01-01-2025,S007,P0095,1,3.74,Not as Described
R0007377,T0007377,30-06-2024,S006,P0027,1,4.46,Changed Mind
R0007410,T0007410,05-08-2024,S024,P0072,2,12.11,Not as Described
R0007458,T0007458,31-01-2024,S005,P0128,2,3.68,Not as Described
R0007518,T0007518,07-08-2024,S005,P0098,1,4.68,Not as Described
R0007529,T0007529,25-06-2024,S002,P0080,1,4.94,Not as Described
R0007568,T0007568,08-10-2024,S024,P0119,2,12.06,Expired
R0007629,T0007629,01-01-2025,S006,P0128,1,1.84,Not as Described
R0007719,T0007719,22-07-2025,S002,P0007,1,2.45,Expired
R0007798,T0007798,01-08-2025,S019,P0154,1,56.12,Damaged
R0007833,T0007833,09-10-2025,S001,P0099,1,3.58,Changed Mind
R0007850,T0007850,13-05-2024,S003,P0030,2,19.7,Expired
R0007897,T0007897,23-08-2024,S011,P0008,2,16.74,Expired
R0007899,T0007899,22-11-2024,S017,P0088,2,7.53,Wrong Item
R0007919,T0007919,22-04-2025,S001,P0105,2,6.34,Wrong Item
R0007936,T0007936,23-04-2024,S029,P0056,1,3.6,Damaged
R0007983,T0007983,28-06-2025,S019,P0132,1,4.38,Not as Described
R0008017,T0008017,07-07-2025,S017,P0088,2,9.34,Wrong Item
R0008028,T0008028,25-10-2025,S017,P0104,2,2.22,Changed Mind
R0008066,T0008066,24-08-2024,S019,P0167,1,54.3,Changed Mind
R0008067,T0008067,12-07-2024,S013,P0016,1,3.81,Not as Described
R0008099,T0008099,18-05-2025,S027,P0040,1,3.29,Not as Described
R0008146,T0008146,20-12-2024,S016,P0158,1,15.39,Changed Mind
R0008160,T0008160,25-02-2025,S009,P0074,1,4.73,Damaged
R0008162,T0008162,15-10-2024,S022,P0072,1,6.88,Damaged
R0008280,T0008280,05-01-2025,S024,P0092,2,12.43,Not as Described
R0008358,T0008358,25-09-2024,S001,P0018,1,5.78,Wrong Item
R0008385,T0008385,09-05-2025,S015,P0040,1,3.29,Not as Described
R0008391,T0008391,28-05-2025,S030,P0082,1,5.62,Changed Mind
R0008394,T0008394,19-07-2025,S008,P0088,1,5.02,Wrong Item
R0008503,T0008503,29-08-2025,S014,P0079,2,13.24,Damaged
R0008526,T0008526,05-02-2025,S012,P0045,2,9.54,Changed Mind
R0008591,T0008591,25-04-2025,S025,P0169,1,41.83,Changed Mind
R0008615,T0008615,03-02-2025,S028,P0159,1,59.48,Wrong Item
R0008674,T0008674,23-05-2024,S012,P0073,1,4.11,Wrong Item
R0008675,T0008675,28-12-2024,S006,P0136,1,5.45,Wrong Item
R0008685,T0008685,21-01-2024,S012,P0043,1,2.42,Damaged
R0008698,T0008698,26-01-2025,S009,P0173,1,53.66,Wrong Item
R0008729,T0008729,25-11-2024,S017,P0178,1,39.9,Wrong Item
R0008744,T0008744,03-08-2024,S017,P0096,1,5.91,Not as Described
R0008759,T0008759,01-11-2024,S012,P0043,1,2.42,Expired
R0008761,T0008761,24-10-2025,S015,P0180,1,48.07,Damaged
R0008795,T0008795,12-08-2024,S006,P0044,2,14.38,Wrong Item
R0008796,T0008796,03-01-2025,S004,P0145,1,2.73,Expired
R0008806,T0008806,14-01-2024,S007,P0013,2,7.76,Expired
R0008824,T0008824,03-07-2025,S002,P0148,1,2.46,Wrong Item
R0008860,T0008860,16-09-2024,S010,P0093,2,15.8,Damaged
R0008869,T0008869,24-02-2025,S013,P0052,1,4.94,Changed Mind
R0008875,T0008875,26-10-2025,S021,P0098,1,4.68,Expired
R0008895,T0008895,04-09-2025,S027,P0059,1,5.72,Expired
R0008897,T0008897,06-08-2024,S004,P0157,1,29.4,Expired
R0008922,T0008922,19-05-2025,S011,P0108,2,10.5,Changed Mind
R0008951,T0008951,11-03-2025,S011,P0171,1,13.42,Damaged
R0009029,T0009029,22-02-2024,S002,P0003,1,7.23,Changed Mind
R0009065,T0009065,20-05-2024,S006,P0108,2,9.66,Changed Mind
R0009120,T0009120,01-01-2024,S015,P0052,1,6.25,Expired
R0009204,T0009204,30-10-2024,S001,P0017,1,9.37,Expired
R0009262,T0009262,09-05-2024,S024,P0157,1,29.4,Changed Mind
R0009303,T0009303,24-07-2025,S011,P0145,2,5.46,Expired
R0009422,T0009422,11-04-2025,S011,P0070,1,1.04,Not as Described
R0009483,T0009483,03-07-2025,S016,P0146,1,1.9,Damaged
R0009499,T0009499,28-05-2025,S008,P0075,1,5.49,Not as Described
R0009518,T0009518,09-07-2024,S005,P0159,1,59.48,Expired
R0009543,T0009543,22-09-2024,S013,P0061,2,3.54,Changed Mind
R0009548,T0009548,04-06-2024,S002,P0104,2,2.22,Expired
R0009556,T0009556,01-05-2024,S004,P0154,2,112.24,Not as Described
R0009565,T0009565,05-01-2025,S028,P0040,1,3.29,Not as Described
R0009598,T0009598,07-01-2024,S006,P0076,1,6.65,Damaged
R0009631,T0009631,06-05-2025,S027,P0156,2,46.48,Damaged
R0009718,T0009718,26-11-2024,S001,P0166,2,91.76,Not as Described
R0009720,T0009720,02-08-2025,S006,P0039,2,4.38,Damaged
R0009721,T0009721,05-09-2024,S018,P0149,2,11.18,Expired
R0009760,T0009760,22-03-2025,S019,P0007,2,4.9,Wrong Item
R0009821,T0009821,12-04-2024,S023,P0176,1,46.51,Not as Described
R0009868,T0009868,18-08-2024,S002,P0026,1,8.37,Not as Described
R0009874,T0009874,26-08-2024,S028,P0163,1,36.11,Not as Described
R0009942,T0009942,26-12-2024,S011,P0071,1,4.3,Wrong Item
R0009970,T0009970,06-01-2025,S022,P0139,1,2.6,Damaged
R0010096,T0010096,03-05-2024,S026,P0143,2,2,Changed Mind
R0010117,T0010117,06-01-2024,S030,P0106,2,7,Changed Mind
R0010118,T0010118,08-07-2024,S021,P0176,2,93.02,Not as Described
R0010123,T0010123,29-06-2025,S011,P0111,2,9.62,Expired
R0010172,T0010172,31-07-2024,S016,P0173,2,107.32,Changed Mind
R0010186,T0010186,15-07-2025,S002,P0130,1,4.61,Changed Mind
R0010195,T0010195,01-07-2025,S010,P0042,1,3.84,Damaged
R0010202,T0010202,30-06-2025,S001,P0143,2,2,Wrong Item
R0010259,T0010259,09-03-2024,S002,P0093,1,7.43,Damaged
R0010271,T0010271,04-06-2025,S008,P0058,1,6.24,Wrong Item
R0010274,T0010274,01-10-2024,S021,P0114,2,14.5,Not as Described
R0010281,T0010281,06-02-2025,S012,P0117,1,3.32,Damaged
R0010294,T0010294,24-12-2024,S028,P0180,1,48.07,Expired
R0010314,T0010314,11-04-2025,S001,P0166,1,45.88,Wrong Item
R0010405,T0010405,21-06-2025,S025,P0073,2,8.74,Expired
R0010416,T0010416,07-10-2025,S018,P0096,1,5.02,Expired
R0010473,T0010473,09-10-2025,S004,P0044,1,7.73,Changed Mind
R0010491,T0010491,07-01-2025,S011,P0087,2,5.98,Damaged
R0010592,T0010592,23-08-2024,S024,P0136,1,5.45,Not as Described
R0010626,T0010626,08-08-2025,S022,P0174,1,28.98,Damaged
R0010676,T0010676,06-11-2024,S011,P0114,1,7.25,Changed Mind
R0010765,T0010765,16-12-2024,S010,P0067,2,7.82,Wrong Item
R0010805,T0010805,28-02-2025,S030,P0057,1,7.25,Damaged
R0010818,T0010818,13-03-2024,S002,P0099,2,6.09,Expired
R0010828,T0010828,24-08-2025,S022,P0110,1,5.68,Changed Mind
R0010861,T0010861,06-11-2024,S012,P0158,1,15.39,Expired
R0010928,T0010928,04-05-2025,S012,P0046,2,3.48,Expired
R0010958,T0010958,23-03-2024,S029,P0073,1,4.37,Changed Mind
R0010975,T0010975,21-06-2025,S008,P0033,1,1.85,Damaged
R0011019,T0011019,09-09-2024,S012,P0128,2,3.68,Changed Mind
R0011029,T0011029,14-06-2024,S003,P0159,1,59.48,Changed Mind
R0011125,T0011125,31-10-2024,S011,P0075,1,6.38,Damaged
R0011128,T0011128,30-01-2025,S015,P0001,1,7.44,Changed Mind
R0011137,T0011137,09-06-2025,S016,P0036,2,6.6,Wrong Item
R0011168,T0011168,02-09-2025,S017,P0005,1,10.45,Damaged
R0011178,T0011178,06-09-2025,S012,P0095,2,7.48,Not as Described
R0011201,T0011201,31-03-2024,S028,P0041,1,2.26,Expired
R0011202,T0011202,24-07-2025,S015,P0134,1,4.11,Wrong Item
R0011239,T0011239,05-09-2024,S012,P0041,2,3.48,Expired
R0011245,T0011245,31-10-2024,S006,P0142,2,4.28,Expired
R0011348,T0011348,23-06-2025,S018,P0070,2,2.08,Changed Mind
R0011354,T0011354,18-01-2024,S020,P0031,1,4.37,Not as Described
R0011514,T0011514,01-04-2025,S001,P0019,1,6.76,Damaged
R0011523,T0011523,17-01-2024,S005,P0121,1,7.83,Changed Mind
R0011560,T0011560,05-12-2024,S004,P0142,1,1.84,Not as Described
R0011567,T0011567,28-05-2025,S029,P0155,2,53.88,Changed Mind
R0011606,T0011606,10-12-2024,S025,P0083,2,15.46,Wrong Item
R0011637,T0011637,25-10-2024,S018,P0008,1,7.28,Damaged
R0011671,T0011671,02-09-2024,S028,P0178,1,45.86,Changed Mind
R0011680,T0011680,26-05-2025,S021,P0119,1,4.88,Damaged
R0011747,T0011747,29-01-2024,S026,P0180,1,48.07,Expired
R0011787,T0011787,23-03-2024,S018,P0091,1,5.13,Expired
R0011877,T0011877,04-05-2025,S003,P0101,2,3.58,Expired
R0012024,T0012024,17-09-2025,S010,P0106,2,7,Not as Described
R0012064,T0012064,16-04-2025,S024,P0083,2,15.46,Not as Described
R0012095,T0012095,13-05-2025,S007,P0089,2,8.84,Expired
R0012157,T0012157,13-03-2025,S007,P0057,1,6.38,Wrong Item
R0012182,T0012182,04-03-2025,S016,P0081,2,11.2,Changed Mind
R0012188,T0012188,17-08-2024,S016,P0011,2,8.84,Not as Described
R0012236,T0012236,29-01-2025,S016,P0124,1,7.17,Changed Mind
R0012239,T0012239,28-09-2025,S004,P0053,2,3.9,Not as Described
R0012266,T0012266,28-02-2025,S002,P0147,1,4.98,Expired
R0012280,T0012280,08-12-2024,S006,P0090,1,5.69,Changed Mind
R0012309,T0012309,02-09-2025,S016,P0015,1,8.73,Changed Mind
R0012328,T0012328,31-08-2024,S021,P0082,1,6.85,Changed Mind
R0012362,T0012362,09-07-2025,S022,P0007,1,1.96,Changed Mind
R0012368,T0012368,09-07-2024,S006,P0098,1,4.68,Not as Described
R0012377,T0012377,10-07-2024,S015,P0173,1,53.66,Expired
R0012402,T0012402,15-11-2024,S024,P0031,2,8.13,Not as Described
R0012416,T0012416,26-09-2025,S030,P0001,2,14.88,Expired
R0012443,T0012443,29-08-2025,S009,P0084,1,7.16,Wrong Item
R0012486,T0012486,20-09-2025,S015,P0152,1,39.9,Not as Described
R0012496,T0012496,13-01-2024,S015,P0050,1,1.33,Not as Described
R0012520,T0012520,18-09-2025,S011,P0078,1,3.81,Changed Mind
R0012585,T0012585,28-07-2025,S005,P0117,1,4.48,Not as Described
R0012606,T0012606,15-09-2025,S017,P0099,1,2.9,Damaged
R0012715,T0012715,17-01-2024,S022,P0055,1,6.43,Damaged
R0012771,T0012771,22-03-2025,S019,P0136,1,4.52,Wrong Item
R0012780,T0012780,22-05-2024,S027,P0159,1,59.48,Changed Mind
R0012798,T0012798,08-01-2025,S020,P0111,1,3.7,Not as Described
R0012808,T0012808,26-12-2024,S017,P0136,2,9.59,Damaged
R0012907,T0012907,24-07-2025,S011,P0107,1,1.29,Changed Mind
R0012913,T0012913,17-08-2025,S021,P0039,2,4.38,Wrong Item
R0013009,T0013009,06-04-2025,S013,P0116,2,2.22,Expired
R0013017,T0013017,23-08-2024,S019,P0175,1,54.26,Expired
R0013065,T0013065,29-03-2024,S020,P0029,2,17.7,Wrong Item
R0013139,T0013139,13-11-2024,S028,P0019,2,13.52,Not as Described
R0013180,T0013180,21-03-2025,S005,P0097,1,1.41,Expired
R0013195,T0013195,09-09-2025,S010,P0048,1,7.74,Changed Mind
R0013200,T0013200,21-08-2025,S023,P0060,1,4.91,Changed Mind
R0013215,T0013215,18-10-2025,S009,P0018,1,5.78,Damaged
R0013232,T0013232,04-10-2025,S016,P0102,1,2.64,Wrong Item
R0013269,T0013269,10-03-2025,S002,P0066,1,7.75,Changed Mind
R0013275,T0013275,29-07-2024,S012,P0155,1,26.94,Expired
R0013300,T0013300,03-07-2024,S015,P0068,2,12.16,Not as Described
R0013316,T0013316,25-06-2025,S005,P0008,2,13.22,Damaged
R0013324,T0013324,15-05-2025,S016,P0040,1,3.29,Changed Mind
R0013340,T0013340,07-03-2024,S018,P0059,2,11.44,Damaged
R0013373,T0013373,11-06-2024,S007,P0033,1,1.85,Expired
R0013383,T0013383,14-04-2024,S020,P0115,1,3.78,Damaged
R0013407,T0013407,15-01-2025,S018,P0079,1,6.62,Damaged
R0013410,T0013410,27-08-2025,S028,P0174,1,28.98,Damaged
R0013443,T0013443,21-06-2025,S030,P0073,2,8.74,Changed Mind
R0013459,T0013459,26-05-2024,S030,P0095,1,3.74,Changed Mind
R0013462,T0013462,26-03-2025,S029,P0138,1,1.19,Changed Mind
R0013508,T0013508,24-07-2025,S019,P0043,2,4.74,Wrong Item
R0013529,T0013529,28-06-2025,S028,P0171,1,15.56,Wrong Item
R0013550,T0013550,13-07-2025,S014,P0021,1,2.02,Damaged
R0013562,T0013562,10-10-2024,S005,P0002,1,10.57,Wrong Item
R0013630,T0013630,06-07-2025,S001,P0081,1,5.6,Not as Described
R0013635,T0013635,13-02-2024,S005,P0151,1,55.81,Expired
R0013639,T0013639,03-10-2024,S018,P0026,1,8.37,Wrong Item
R0013673,T0013673,28-11-2024,S023,P0107,1,1.29,Wrong Item
R0013686,T0013686,14-11-2024,S012,P0068,1,6.08,Changed Mind
R0013774,T0013774,15-06-2024,S015,P0107,2,2.58,Wrong Item
R0013786,T0013786,30-08-2024,S008,P0125,1,6.01,Not as Described
R0013838,T0013838,25-09-2024,S026,P0112,1,6.77,Not as Described
R0013839,T0013839,17-05-2024,S026,P0134,2,10.28,Expired
R0013868,T0013868,22-01-2025,S004,P0178,1,41.27,Wrong Item
R0013874,T0013874,28-10-2025,S003,P0033,2,3.14,Wrong Item
R0013891,T0013891,12-07-2024,S018,P0049,1,6.58,Changed Mind
R0013896,T0013896,16-01-2024,S006,P0127,1,2.36,Expired
R0013929,T0013929,15-06-2024,S005,P0081,1,5.6,Not as Described
R0013937,T0013937,25-05-2024,S001,P0087,1,3.6,Changed Mind
R0014070,T0014070,05-07-2025,S028,P0094,1,3.28,Expired
R0014104,T0014104,17-11-2024,S018,P0081,1,5.6,Not as Described
R0014126,T0014126,21-02-2024,S005,P0077,1,1.61,Expired
R0014152,T0014152,03-05-2025,S005,P0070,1,0.92,Not as Described
R0014173,T0014173,06-12-2024,S023,P0080,1,5.19,Expired
R0014185,T0014185,16-04-2024,S029,P0048,2,15.48,Changed Mind
R0014186,T0014186,03-08-2024,S018,P0117,2,8.96,Changed Mind
R0014204,T0014204,12-12-2024,S002,P0147,2,10.6,Expired
R0014224,T0014224,28-07-2024,S018,P0086,1,6.41,Damaged
R0014270,T0014270,25-09-2024,S009,P0044,2,15.46,Changed Mind
R0014276,T0014276,14-05-2025,S001,P0004,1,11.84,Expired
R0014294,T0014294,29-09-2024,S015,P0006,1,5.43,Damaged
R0014303,T0014303,18-05-2025,S030,P0078,1,4.53,Damaged
R0014324,T0014324,01-08-2025,S006,P0097,1,1.68,Wrong Item
R0014361,T0014361,24-12-2024,S013,P0162,1,42.91,Expired
R0014404,T0014404,28-07-2025,S015,P0074,2,11.98,Expired
R0014415,T0014415,23-10-2024,S030,P0049,1,7.57,Wrong Item
R0014567,T0014567,30-05-2024,S013,P0131,1,3.23,Expired
R0014577,T0014577,10-12-2024,S003,P0064,1,6.83,Not as Described
R0014605,T0014605,02-10-2025,S017,P0129,1,3.77,Not as Described
R0014640,T0014640,29-09-2025,S023,P0088,2,10.04,Damaged
R0014655,T0014655,11-11-2024,S003,P0167,1,54.3,Changed Mind
R0014657,T0014657,06-05-2025,S006,P0042,2,7.68,Changed Mind
R0014665,T0014665,10-04-2024,S002,P0167,1,46.7,Wrong Item
R0014731,T0014731,01-12-2024,S004,P0179,2,70.95,Not as Described
R0014812,T0014812,05-10-2025,S005,P0045,2,11.64,Expired
R0014813,T0014813,27-04-2024,S030,P0075,1,6.06,Not as Described
R0014857,T0014857,23-01-2024,S026,P0072,1,6.88,Changed Mind
R0014894,T0014894,01-04-2025,S013,P0163,2,72.22,Damaged
R0014898,T0014898,26-03-2025,S028,P0116,1,1.11,Not as Described
R0014910,T0014910,08-07-2025,S029,P0072,1,6.88,Damaged
R0015023,T0015023,15-01-2025,S012,P0067,1,3.32,Damaged
R0015125,T0015125,09-10-2024,S004,P0025,2,16.18,Expired
R0015137,T0015137,11-08-2024,S011,P0013,1,3.88,Wrong Item
R0015150,T0015150,29-06-2024,S028,P0019,2,13.52,Expired
R0015198,T0015198,05-07-2024,S021,P0031,2,8.74,Wrong Item
R0015208,T0015208,30-10-2024,S024,P0114,2,12.47,Expired
R0015255,T0015255,01-10-2024,S015,P0168,1,44.06,Damaged
R0015263,T0015263,21-11-2024,S006,P0124,1,7.17,Damaged
R0015281,T0015281,24-04-2025,S020,P0122,1,3.68,Expired
R0015301,T0015301,25-06-2024,S018,P0152,1,42.93,Wrong Item
R0015328,T0015328,11-12-2024,S009,P0059,2,10.18,Expired
R0015355,T0015355,28-08-2025,S028,P0088,1,5.02,Wrong Item
R0015375,T0015375,16-02-2024,S024,P0001,2,14.88,Damaged
R0015387,T0015387,18-01-2025,S026,P0020,2,9.52,Wrong Item
R0015443,T0015443,14-05-2024,S026,P0072,2,11.69,Not as Described
R0015455,T0015455,16-02-2025,S005,P0160,1,32.57,Expired
R0015458,T0015458,24-04-2024,S010,P0029,2,17.7,Not as Described
R0015552,T0015552,20-02-2024,S016,P0004,2,23.68,Changed Mind
R0015629,T0015629,04-07-2025,S018,P0027,2,8.92,Changed Mind
R0015641,T0015641,04-11-2024,S023,P0096,1,5.91,Wrong Item
R0015657,T0015657,24-04-2025,S010,P0112,1,6.77,Damaged
R0015691,T0015691,04-02-2025,S006,P0076,2,13.3,Wrong Item
R0015720,T0015720,25-03-2024,S012,P0096,1,5.91,Changed Mind
R0015771,T0015771,30-09-2025,S026,P0025,2,13.43,Wrong Item
R0015822,T0015822,25-01-2025,S005,P0027,2,8.2,Not as Described
R0015876,T0015876,29-12-2024,S019,P0136,1,4.63,Damaged
R0015892,T0015892,30-10-2024,S019,P0060,1,4.57,Wrong Item
R0015924,T0015924,21-07-2025,S016,P0149,1,4.64,Wrong Item
R0015943,T0015943,29-10-2025,S022,P0153,2,40.25,Expired
R0015957,T0015957,06-07-2024,S030,P0007,1,2.45,Not as Described
R0015976,T0015976,04-01-2025,S013,P0111,1,4.81,Damaged
R0016015,T0016015,13-09-2025,S017,P0043,1,2.42,Not as Described
R0016032,T0016032,08-11-2024,S013,P0101,1,1.38,Damaged
R0016064,T0016064,05-08-2025,S024,P0163,1,33.58,Expired
R0016178,T0016178,24-10-2024,S003,P0163,1,36.11,Changed Mind
R0016179,T0016179,20-02-2024,S014,P0140,2,2.68,Wrong Item
R0016183,T0016183,08-05-2025,S014,P0106,1,3.5,Damaged
R0016190,T0016190,01-08-2025,S024,P0139,2,4.85,Wrong Item
R0016230,T0016230,26-04-2024,S015,P0124,1,7.17,Changed Mind
R0016246,T0016246,05-03-2024,S015,P0030,2,19.7,Wrong Item
R0016251,T0016251,31-10-2025,S020,P0031,2,7.78,Wrong Item
R0016387,T0016387,16-07-2024,S020,P0064,1,6.83,Changed Mind
R0016389,T0016389,29-08-2024,S008,P0097,1,1.68,Wrong Item
R0016451,T0016451,10-12-2024,S020,P0174,1,28.98,Expired
R0016518,T0016518,31-03-2024,S027,P0125,1,6.01,Damaged
R0016567,T0016567,21-03-2025,S001,P0117,1,4.48,Changed Mind
R0016639,T0016639,11-11-2024,S004,P0102,1,3.49,Not as Described
R0016689,T0016689,07-02-2025,S001,P0075,1,5.42,Wrong Item
R0016719,T0016719,10-01-2024,S005,P0110,2,8.63,Expired
R0016722,T0016722,14-12-2024,S017,P0137,2,4.18,Changed Mind
R0016731,T0016731,31-07-2025,S006,P0052,2,12.5,Changed Mind
R0016775,T0016775,14-10-2024,S011,P0037,1,5.08,Expired
R0016797,T0016797,01-05-2024,S009,P0071,2,6.97,Damaged
R0016847,T0016847,27-02-2024,S021,P0006,1,5.43,Not as Described
R0016858,T0016858,19-03-2024,S010,P0177,1,19.4,Wrong Item
R0016884,T0016884,25-06-2025,S006,P0042,2,6.53,Changed Mind
R0016928,T0016928,29-02-2024,S007,P0035,1,3.04,Not as Described
R0017010,T0017010,03-09-2025,S002,P0028,1,5.9,Wrong Item
R0017019,T0017019,03-09-2024,S007,P0061,1,1.77,Changed Mind
R0017086,T0017086,16-06-2024,S022,P0094,1,3.15,Wrong Item
R0017087,T0017087,10-12-2024,S025,P0050,1,1.33,Changed Mind
R0017123,T0017123,26-11-2024,S010,P0035,2,6.08,Changed Mind
R0017134,T0017134,28-01-2025,S026,P0079,1,5.82,Changed Mind
R0017172,T0017172,13-10-2025,S017,P0129,1,4.05,Damaged
R0017196,T0017196,18-05-2024,S003,P0170,1,13.34,Expired
R0017218,T0017218,01-03-2025,S003,P0064,1,6.83,Damaged
R0017226,T0017226,26-12-2024,S028,P0063,2,9.18,Expired
R0017266,T0017266,03-06-2024,S003,P0148,1,3.33,Not as Described
R0017310,T0017310,13-10-2024,S006,P0160,1,32.57,Damaged
R0017345,T0017345,06-03-2024,S003,P0150,2,7.46,Damaged
R0017413,T0017413,06-07-2024,S010,P0152,1,47.98,Changed Mind
R0017552,T0017552,17-10-2024,S008,P0168,1,37.45,Changed Mind
R0017599,T0017599,20-11-2024,S028,P0047,1,1.33,Wrong Item
R0017656,T0017656,15-12-2024,S011,P0146,1,1.71,Changed Mind
R0017714,T0017714,26-08-2025,S008,P0008,2,16.74,Damaged
R0017739,T0017739,15-07-2024,S005,P0140,2,3.17,Damaged
R0017759,T0017759,25-08-2025,S022,P0012,2,8.06,Expired
R0017786,T0017786,03-01-2024,S025,P0104,1,1,Damaged
R0017791,T0017791,24-09-2025,S012,P0177,2,38.8,Expired
R0017850,T0017850,15-04-2025,S015,P0176,1,35.81,Wrong Item
R0017861,T0017861,22-04-2024,S010,P0058,1,6.24,Wrong Item
R0017863,T0017863,02-07-2024,S002,P0178,1,45.86,Changed Mind
R0017875,T0017875,17-01-2025,S030,P0062,1,4.82,Damaged
R0017877,T0017877,21-10-2025,S014,P0118,2,3.74,Wrong Item
R0017921,T0017921,12-06-2025,S025,P0085,1,5.24,Expired
R0017991,T0017991,06-09-2024,S009,P0053,2,3.9,Damaged
R0018025,T0018025,15-02-2024,S025,P0074,1,5.99,Expired
R0018037,T0018037,17-07-2024,S024,P0079,1,6.62,Not as Described
R0018074,T0018074,17-11-2024,S021,P0165,1,43.86,Damaged
R0018127,T0018127,03-08-2024,S022,P0179,2,77.12,Damaged
R0018143,T0018143,05-03-2024,S017,P0040,2,5.92,Changed Mind
R0018211,T0018211,22-04-2024,S002,P0133,1,7.37,Wrong Item
R0018235,T0018235,08-03-2024,S014,P0103,1,7.75,Expired
R0018293,T0018293,04-09-2025,S027,P0048,1,6.5,Wrong Item
R0018294,T0018294,26-03-2024,S010,P0046,2,3.48,Changed Mind
R0018313,T0018313,25-12-2024,S004,P0122,1,3.68,Wrong Item
R0018403,T0018403,05-02-2025,S026,P0043,1,2.42,Expired
R0018450,T0018450,05-01-2024,S013,P0108,1,5.25,Wrong Item
R0018482,T0018482,03-02-2024,S004,P0092,2,14.8,Not as Described
R0018542,T0018542,20-09-2024,S020,P0065,1,3.35,Not as Described
R0018544,T0018544,26-03-2024,S026,P0067,2,7.82,Damaged
R0018561,T0018561,11-08-2024,S014,P0170,1,13.34,Expired
R0018633,T0018633,18-10-2025,S012,P0031,1,3.94,Expired
R0018764,T0018764,22-10-2025,S001,P0055,1,5.47,Expired
R0018778,T0018778,22-05-2025,S016,P0112,1,6.63,Not as Described
R0018784,T0018784,04-10-2024,S029,P0111,1,4.81,Changed Mind
R0018795,T0018795,27-01-2024,S007,P0150,2,7.46,Damaged
R0018823,T0018823,23-05-2025,S004,P0104,1,1.11,Changed Mind
R0018842,T0018842,14-06-2024,S021,P0119,1,5.37,Not as Described
R0018843,T0018843,01-05-2025,S012,P0018,1,5.78,Expired
R0018853,T0018853,25-03-2025,S020,P0042,1,3.84,Changed Mind
R0018863,T0018863,17-06-2024,S019,P0032,1,2.33,Wrong Item
R0018893,T0018893,08-04-2024,S009,P0160,1,32.57,Wrong Item
R0018993,T0018993,04-06-2024,S006,P0140,1,1.39,Expired
R0019007,T0019007,08-08-2024,S001,P0003,2,14.46,Not as Described
R0019057,T0019057,19-05-2024,S008,P0118,1,1.87,Changed Mind
R0019101,T0019101,12-01-2025,S010,P0138,1,1.11,Not as Described
R0019135,T0019135,31-05-2025,S012,P0080,2,12.36,Wrong Item
R0019168,T0019168,17-09-2025,S030,P0001,1,6.03,Wrong Item
R0019172,T0019172,24-09-2025,S021,P0092,1,7.4,Damaged
R0019197,T0019197,18-01-2024,S029,P0013,2,7.76,Expired
R0019228,T0019228,06-02-2024,S004,P0145,2,5.46,Damaged
R0019284,T0019284,05-12-2024,S019,P0015,2,17.46,Changed Mind
R0019290,T0019290,18-06-2024,S029,P0122,2,7.36,Changed Mind
R0019360,T0019360,12-05-2025,S003,P0006,2,10.32,Wrong Item
R0019392,T0019392,14-02-2024,S017,P0017,2,18.74,Expired
R0019399,T0019399,05-05-2025,S006,P0155,1,26.94,Damaged
R0019410,T0019410,18-04-2025,S009,P0129,1,3.97,Expired
R0019479,T0019479,25-04-2024,S030,P0067,1,3.91,Damaged
R0019494,T0019494,04-09-2025,S003,P0016,1,3.81,Damaged
R0019555,T0019555,12-06-2025,S004,P0122,2,7.36,Not as Described
R0019560,T0019560,02-01-2025,S001,P0088,1,5.02,Wrong Item
R0019576,T0019576,28-01-2025,S019,P0036,1,2.47,Not as Described
R0019577,T0019577,10-10-2025,S006,P0001,1,6.03,Wrong Item
R0019604,T0019604,12-04-2024,S002,P0129,2,8.1,Damaged
R0019656,T0019656,01-11-2024,S012,P0011,2,8.84,Expired
R0019657,T0019657,23-10-2025,S025,P0080,2,12.36,Damaged
R0019669,T0019669,15-09-2025,S016,P0112,1,5.89,Wrong Item
R0019701,T0019701,19-11-2024,S006,P0170,2,26.68,Expired
R0019747,T0019747,11-08-2024,S007,P0135,2,10.84,Damaged
R0019784,T0019784,20-08-2024,S008,P0029,1,8.85,Wrong Item
R0019825,T0019825,15-07-2024,S002,P0083,2,15.46,Damaged
R0019836,T0019836,21-10-2024,S022,P0018,1,5.78,Wrong Item
R0019854,T0019854,13-05-2025,S010,P0037,1,4.52,Damaged
R0019874,T0019874,16-01-2025,S003,P0160,2,65.14,Wrong Item
R0019893,T0019893,22-05-2025,S016,P0149,2,11.18,Not as Described
R0019906,T0019906,09-01-2025,S001,P0037,1,5.08,Changed Mind
R0020024,T0020024,13-02-2025,S029,P0049,1,7.57,Changed Mind
R0020052,T0020052,19-07-2024,S008,P0177,1,19.4,Wrong Item
R0020152,T0020152,12-06-2024,S025,P0163,1,36.11,Not as Described
R0020227,T0020227,10-05-2024,S017,P0089,1,4.42,Not as Described
R0020262,T0020262,07-03-2024,S022,P0139,2,4.57,Wrong Item
R0020319,T0020319,24-07-2025,S007,P0165,1,46.17,Changed Mind
R0020383,T0020383,01-01-2024,S016,P0107,2,2.58,Expired
R0020390,T0020390,24-11-2024,S013,P0146,1,1.9,Not as Described
R0020400,T0020400,01-07-2025,S019,P0024,1,11.73,Not as Described
R0020401,T0020401,25-02-2025,S008,P0105,2,6.57,Not as Described
R0020406,T0020406,23-05-2024,S006,P0131,2,6.46,Changed Mind
R0020428,T0020428,04-09-2025,S026,P0079,2,13.24,Changed Mind
R0020481,T0020481,11-06-2024,S025,P0055,2,12.86,Damaged
R0020605,T0020605,17-01-2025,S007,P0055,1,6.43,Changed Mind
R0020608,T0020608,18-12-2024,S020,P0099,1,3.58,Changed Mind
R0020656,T0020656,07-10-2025,S008,P0039,1,1.95,Not as Described
R0020716,T0020716,19-03-2024,S026,P0107,1,1.15,Wrong Item
R0020721,T0020721,10-08-2024,S004,P0131,1,3.23,Expired
R0020791,T0020791,27-03-2024,S021,P0109,1,3.06,Damaged
R0020856,T0020856,26-10-2024,S015,P0058,2,12.48,Wrong Item
R0020873,T0020873,11-03-2024,S001,P0039,1,2.19,Damaged
R0020877,T0020877,15-07-2024,S008,P0034,2,6.34,Wrong Item
R0020898,T0020898,27-11-2024,S001,P0080,2,12.36,Damaged
R0020907,T0020907,10-06-2025,S022,P0143,1,1,Not as Described
R0020938,T0020938,04-10-2024,S007,P0077,1,1.61,Changed Mind
R0020943,T0020943,03-06-2024,S012,P0074,1,5.99,Not as Described
R0020946,T0020946,23-04-2024,S022,P0020,1,4.76,Expired
R0021011,T0021011,21-04-2025,S022,P0106,1,3.32,Damaged
R0021028,T0021028,20-02-2024,S020,P0174,1,28.98,Changed Mind
R0021059,T0021059,02-01-2025,S027,P0036,2,6.6,Changed Mind
R0021146,T0021146,10-10-2024,S016,P0176,1,46.51,Changed Mind
R0021192,T0021192,01-03-2025,S025,P0070,1,1.04,Not as Described
R0021197,T0021197,08-04-2024,S004,P0113,1,3.1,Damaged
R0021222,T0021222,09-07-2025,S016,P0074,2,11.98,Changed Mind
R0021248,T0021248,14-08-2024,S024,P0123,2,15.14,Damaged
R0021253,T0021253,26-09-2024,S007,P0002,2,21.14,Not as Described
R0021254,T0021254,04-04-2025,S023,P0120,2,2.72,Wrong Item
R0021277,T0021277,08-11-2024,S017,P0037,1,5.08,Wrong Item
R0021308,T0021308,19-02-2025,S017,P0165,1,46.17,Changed Mind
R0021367,T0021367,09-04-2025,S023,P0036,1,2.94,Damaged
R0021418,T0021418,25-03-2025,S017,P0102,1,3.56,Changed Mind
R0021459,T0021459,08-08-2025,S024,P0006,2,10.86,Wrong Item
R0021467,T0021467,01-09-2025,S007,P0127,1,2.36,Not as Described
R0021476,T0021476,26-07-2025,S006,P0104,1,0.9,Changed Mind
R0021517,T0021517,26-02-2025,S023,P0101,2,3.58,Damaged
R0021536,T0021536,03-11-2024,S020,P0012,1,4.43,Wrong Item
R0021631,T0021631,19-06-2025,S030,P0086,1,6.41,Damaged
R0021643,T0021643,29-07-2025,S017,P0041,2,4.52,Damaged
R0021645,T0021645,12-07-2025,S003,P0075,1,6.38,Damaged
R0021646,T0021646,22-04-2025,S026,P0154,1,56.12,Damaged
R0021668,T0021668,04-03-2024,S028,P0048,2,13.16,Expired
R0021678,T0021678,26-03-2025,S025,P0152,1,50.51,Wrong Item
R0021735,T0021735,25-10-2024,S007,P0063,2,9.18,Not as Described
R0021843,T0021843,12-12-2024,S030,P0023,1,4.88,Changed Mind
R0021915,T0021915,18-08-2025,S011,P0134,1,5.14,Damaged
R0021960,T0021960,27-03-2025,S016,P0020,2,9.52,Changed Mind
R0022010,T0022010,25-08-2025,S003,P0005,1,10.45,Changed Mind
R0022065,T0022065,20-04-2025,S025,P0119,1,5.55,Wrong Item
R0022076,T0022076,12-10-2025,S022,P0175,1,54.26,Wrong Item
R0022094,T0022094,24-07-2024,S010,P0161,1,20.68,Damaged
R0022122,T0022122,12-07-2025,S020,P0167,2,96.65,Changed Mind
R0022230,T0022230,28-06-2024,S014,P0056,2,7.2,Expired
R0022316,T0022316,30-12-2024,S009,P0136,1,5.45,Damaged
R0022489,T0022489,31-07-2024,S007,P0015,1,8.73,Changed Mind
R0022500,T0022500,25-09-2024,S001,P0003,1,7.23,Expired
R0022529,T0022529,16-09-2024,S009,P0007,2,4.9,Damaged
R0022632,T0022632,10-03-2024,S016,P0155,1,26.94,Wrong Item
R0022668,T0022668,25-03-2024,S007,P0088,2,9.13,Not as Described
R0022680,T0022680,06-07-2024,S029,P0050,1,1.33,Wrong Item
R0022692,T0022692,14-06-2025,S027,P0129,2,6.32,Expired
R0022742,T0022742,10-11-2024,S011,P0053,1,1.95,Wrong Item
R0022743,T0022743,04-10-2025,S025,P0006,1,4.78,Changed Mind
R0022745,T0022745,25-01-2024,S010,P0089,1,4.42,Expired
R0022793,T0022793,10-08-2024,S030,P0072,2,13.76,Not as Described
R0022815,T0022815,04-02-2024,S025,P0093,1,6.95,Not as Described
R0022907,T0022907,29-06-2024,S017,P0053,2,3.9,Wrong Item
R0022922,T0022922,29-09-2025,S021,P0054,1,2.18,Wrong Item
R0022936,T0022936,09-03-2024,S012,P0113,1,4.02,Damaged
R0023035,T0023035,16-06-2024,S026,P0084,1,6.66,Wrong Item
R0023048,T0023048,01-08-2024,S006,P0089,2,8.84,Wrong Item
R0023061,T0023061,23-09-2025,S020,P0105,2,7.76,Expired
R0023088,T0023088,03-02-2024,S016,P0151,1,55.81,Not as Described
R0023148,T0023148,01-10-2024,S018,P0057,1,7.25,Damaged
R0023252,T0023252,07-03-2024,S014,P0016,1,2.74,Expired
R0023321,T0023321,18-08-2025,S008,P0016,1,3.81,Wrong Item
R0023349,T0023349,13-04-2024,S018,P0110,1,5.68,Damaged
R0023479,T0023479,01-10-2025,S030,P0051,2,13.52,Damaged
R0023528,T0023528,28-06-2025,S007,P0110,1,5.68,Changed Mind
R0023561,T0023561,05-10-2025,S026,P0147,1,4.87,Changed Mind
R0023569,T0023569,03-05-2024,S022,P0084,2,14.32,Wrong Item
R0023616,T0023616,15-10-2024,S004,P0120,2,3.44,Wrong Item
R0023618,T0023618,07-11-2024,S006,P0040,1,3.29,Wrong Item
R0023657,T0023657,06-07-2024,S015,P0121,2,15.66,Wrong Item
R0023703,T0023703,27-02-2025,S025,P0164,2,119.98,Damaged
R0023726,T0023726,08-05-2024,S008,P0086,1,6.41,Changed Mind
R0023785,T0023785,24-03-2025,S009,P0040,2,6.58,Wrong Item
R0023898,T0023898,11-11-2024,S023,P0127,2,4.43,Damaged
R0023945,T0023945,09-08-2024,S014,P0046,1,1.74,Changed Mind
R0023955,T0023955,28-05-2024,S006,P0088,1,5.02,Not as Described
R0023984,T0023984,31-08-2025,S006,P0163,1,36.11,Damaged
R0024111,T0024111,26-12-2024,S017,P0017,1,9.18,Expired
R0024118,T0024118,11-08-2025,S015,P0154,1,47.14,Changed Mind
R0024180,T0024180,10-08-2025,S027,P0131,2,6.46,Damaged
R0024195,T0024195,03-08-2025,S007,P0052,2,12.5,Wrong Item
R0024219,T0024219,27-02-2025,S007,P0100,1,5.43,Expired
R0024226,T0024226,13-06-2024,S020,P0119,1,6.03,Wrong Item
R0024247,T0024247,28-10-2025,S019,P0174,1,24.06,Expired
R0024270,T0024270,24-06-2024,S024,P0166,1,45.88,Wrong Item
R0024281,T0024281,01-10-2024,S019,P0090,1,6.83,Not as Described
R0024360,T0024360,06-08-2025,S005,P0069,1,2.4,Not as Described
R0024452,T0024452,28-07-2025,S001,P0151,1,50.78,Changed Mind
R0024465,T0024465,13-09-2025,S029,P0103,2,15.5,Not as Described
R0024496,T0024496,26-03-2024,S013,P0048,2,15.48,Expired
R0024561,T0024561,30-04-2024,S025,P0138,1,1.34,Wrong Item
R0024563,T0024563,22-03-2025,S001,P0128,1,1.84,Wrong Item
R0024612,T0024612,21-08-2024,S003,P0160,1,32.57,Not as Described
R0024618,T0024618,14-04-2025,S005,P0019,2,13.52,Wrong Item
R0024653,T0024653,23-11-2024,S002,P0141,1,2.78,Expired
R0024672,T0024672,10-01-2025,S024,P0068,1,6.08,Not as Described
R0024691,T0024691,14-11-2024,S019,P0085,2,10.48,Wrong Item
R0024707,T0024707,14-11-2024,S009,P0152,2,87.89,Wrong Item
R0024772,T0024772,01-11-2024,S025,P0166,2,91.76,Damaged
R0024805,T0024805,08-10-2024,S004,P0112,2,12.59,Expired
R0024813,T0024813,25-03-2024,S014,P0062,2,9.64,Expired
R0024815,T0024815,17-01-2024,S001,P0054,1,2.18,Changed Mind
R0024849,T0024849,10-09-2024,S025,P0030,2,16.94,Wrong Item
R0024882,T0024882,19-03-2024,S017,P0022,1,7.12,Wrong Item
R0024893,T0024893,23-08-2024,S029,P0116,1,1.01,Damaged
R0024895,T0024895,15-07-2025,S026,P0168,1,35.69,Damaged
R0024920,T0024920,13-08-2025,S030,P0065,1,2.48,Changed Mind
R0024950,T0024950,23-12-2024,S014,P0114,2,14.5,Damaged
R0025033,T0025033,03-09-2025,S002,P0121,1,7.83,Wrong Item
R0025045,T0025045,08-05-2025,S027,P0038,1,7.9,Not as Described
R0025092,T0025092,06-02-2025,S006,P0090,1,7.59,Wrong Item
R0025108,T0025108,14-01-2025,S022,P0085,1,5.24,Not as Described
R0025146,T0025146,16-02-2025,S001,P0128,2,3.68,Expired
R0025154,T0025154,06-10-2024,S027,P0164,1,59.99,Wrong Item
R0025155,T0025155,26-11-2024,S030,P0119,1,6.03,Wrong Item
R0025161,T0025161,19-03-2024,S025,P0056,1,3.6,Not as Described
R0025170,T0025170,28-11-2024,S027,P0070,2,1.91,Damaged
R0025194,T0025194,20-12-2024,S027,P0021,1,1.49,Changed Mind
R0025249,T0025249,05-05-2024,S008,P0117,2,8.96,Damaged
R0025279,T0025279,07-01-2025,S018,P0145,2,4.8,Damaged
R0025321,T0025321,29-09-2025,S027,P0083,1,7.73,Not as Described
R0025332,T0025332,11-02-2024,S012,P0071,1,4.3,Wrong Item
R0025384,T0025384,09-04-2024,S017,P0121,2,15.66,Not as Described
R0025390,T0025390,04-05-2024,S030,P0035,2,6.08,Expired
R0025400,T0025400,24-09-2024,S001,P0035,1,2.34,Wrong Item
R0025462,T0025462,31-07-2024,S026,P0116,2,2.22,Not as Described
R0025465,T0025465,19-02-2025,S018,P0001,2,14.88,Not as Described
R0025539,T0025539,16-12-2024,S009,P0104,1,1.11,Expired
R0025542,T0025542,09-03-2025,S014,P0015,1,8.2,Changed Mind
R0025563,T0025563,04-01-2025,S002,P0162,1,36.47,Not as Described
R0025585,T0025585,08-03-2025,S009,P0128,1,1.84,Wrong Item
R0025603,T0025603,15-10-2024,S007,P0146,2,3.8,Expired
R0025649,T0025649,22-08-2025,S027,P0129,1,4.05,Expired
R0025684,T0025684,14-02-2024,S002,P0178,1,37.15,Damaged
R0025689,T0025689,02-08-2025,S013,P0151,1,55.81,Wrong Item
R0025714,T0025714,31-08-2024,S005,P0112,2,13.54,Expired
R0025726,T0025726,10-07-2025,S011,P0034,1,3.17,Wrong Item
R0025925,T0025925,09-08-2025,S004,P0056,2,7.2,Wrong Item
R0026006,T0026006,07-01-2024,S024,P0171,1,17.89,Not as Described
R0026071,T0026071,24-01-2025,S008,P0092,2,12.13,Expired
R0026128,T0026128,27-12-2024,S003,P0163,1,36.11,Expired
R0026185,T0026185,15-08-2025,S014,P0135,1,5.42,Wrong Item
R0026192,T0026192,28-05-2024,S004,P0066,2,15.5,Damaged
R0026202,T0026202,11-01-2025,S001,P0166,1,45.88,Expired
R0026247,T0026247,05-02-2024,S024,P0033,2,3.7,Damaged
R0026272,T0026272,13-06-2025,S002,P0033,2,2.89,Not as Described
R0026283,T0026283,03-01-2024,S028,P0038,2,15.8,Expired
R0026287,T0026287,03-07-2025,S030,P0015,1,8.73,Damaged
R0026357,T0026357,03-09-2025,S006,P0004,1,8.05,Wrong Item
R0026393,T0026393,15-04-2025,S005,P0048,1,7.74,Wrong Item
R0026425,T0026425,02-07-2025,S016,P0087,1,3.6,Not as Described
R0026497,T0026497,31-10-2024,S021,P0024,1,11.73,Damaged
R0026527,T0026527,17-12-2024,S021,P0161,1,22,Changed Mind
R0026564,T0026564,16-03-2024,S016,P0120,1,1.72,Not as Described
R0026574,T0026574,07-02-2024,S012,P0056,1,3.6,Wrong Item
R0026581,T0026581,07-07-2025,S013,P0079,2,10.73,Expired
R0026708,T0026708,15-11-2024,S020,P0100,1,5.43,Changed Mind
R0026714,T0026714,21-07-2024,S010,P0146,2,3.8,Expired
R0026722,T0026722,05-10-2025,S020,P0097,2,3.36,Damaged
R0026737,T0026737,08-12-2024,S004,P0041,2,4.52,Wrong Item
R0026753,T0026753,07-08-2025,S006,P0025,1,7.44,Changed Mind
R0026760,T0026760,06-01-2025,S003,P0172,1,38.48,Changed Mind
R0026793,T0026793,03-08-2024,S011,P0010,2,4.24,Changed Mind
R0026822,T0026822,06-08-2025,S030,P0020,1,4.76,Damaged
R0026900,T0026900,10-04-2024,S027,P0108,1,5.25,Damaged
R0026908,T0026908,20-02-2025,S022,P0111,2,9.62,Expired
R0026950,T0026950,03-01-2024,S008,P0157,1,29.4,Expired
R0027005,T0027005,28-04-2024,S028,P0132,1,3.5,Not as Described
R0027025,T0027025,22-03-2025,S001,P0039,1,2.19,Not as Described
R0027082,T0027082,02-07-2025,S010,P0112,1,6.77,Not as Described
R0027203,T0027203,27-09-2024,S010,P0056,2,6.26,Damaged
R0027234,T0027234,20-07-2025,S022,P0026,1,8.37,Expired
R0027282,T0027282,05-04-2024,S020,P0138,2,2.04,Damaged
R0027289,T0027289,12-07-2025,S009,P0179,1,35.86,Wrong Item
R0027311,T0027311,06-09-2025,S011,P0055,2,10.29,Damaged
R0027512,T0027512,16-10-2024,S006,P0155,2,53.88,Not as Described
R0027520,T0027520,21-04-2024,S009,P0075,1,5.42,Wrong Item
R0027570,T0027570,07-08-2025,S027,P0077,1,1.29,Expired
R0027678,T0027678,02-12-2024,S001,P0140,2,3.48,Not as Described
R0027730,T0027730,16-08-2025,S025,P0120,1,1.72,Expired
R0027798,T0027798,01-07-2025,S022,P0174,1,28.98,Expired
R0027843,T0027843,05-02-2024,S030,P0016,2,7.62,Expired
R0027879,T0027879,26-04-2025,S025,P0016,2,7.62,Not as Described
R0027964,T0027964,02-01-2024,S026,P0052,2,12.5,Wrong Item
R0027990,T0027990,27-07-2025,S003,P0112,2,13.54,Not as Described
R0028025,T0028025,06-04-2025,S010,P0087,1,3.6,Changed Mind
R0028067,T0028067,31-05-2025,S010,P0160,1,32.57,Not as Described
R0028120,T0028120,14-09-2024,S011,P0132,1,4.03,Not as Described
R0028166,T0028166,06-04-2024,S008,P0053,2,3.9,Not as Described
R0028169,T0028169,13-06-2025,S021,P0011,1,3.89,Changed Mind
R0028173,T0028173,26-11-2024,S011,P0053,1,1.58,Changed Mind
R0028229,T0028229,31-03-2024,S017,P0146,2,3.8,Changed Mind
R0028239,T0028239,11-01-2025,S005,P0104,2,2.22,Damaged
R0028258,T0028258,16-04-2025,S014,P0020,1,4.14,Wrong Item
R0028346,T0028346,21-06-2025,S027,P0066,1,6.74,Expired
R0028395,T0028395,16-04-2024,S030,P0160,2,65.14,Wrong Item
R0028404,T0028404,20-05-2025,S017,P0001,1,7.44,Changed Mind
R0028425,T0028425,18-11-2024,S010,P0029,2,17.7,Expired
R0028433,T0028433,28-02-2025,S014,P0079,1,6.62,Changed Mind
R0028526,T0028526,05-09-2025,S015,P0015,2,17.46,Damaged
R0028532,T0028532,06-10-2024,S014,P0039,1,2.19,Expired
R0028540,T0028540,29-02-2024,S002,P0104,1,1.11,Changed Mind
R0028623,T0028623,22-10-2024,S017,P0155,1,23.98,Not as Described
R0028658,T0028658,12-01-2024,S016,P0092,1,7.4,Damaged
R0028755,T0028755,26-08-2025,S028,P0029,1,8.85,Not as Described
R0028769,T0028769,29-07-2024,S016,P0112,2,13.54,Expired
R0028798,T0028798,13-12-2024,S023,P0157,1,25.28,Expired
R0028813,T0028813,03-12-2024,S005,P0163,1,33.22,Expired
R0028827,T0028827,28-10-2024,S014,P0116,2,2.22,Changed Mind
R0028878,T0028878,19-09-2024,S029,P0163,1,26.36,Damaged
R0028954,T0028954,17-08-2024,S029,P0056,1,3.13,Wrong Item
R0028987,T0028987,14-01-2025,S007,P0054,2,4.36,Wrong Item
R0029025,T0029025,20-04-2025,S018,P0012,2,6.82,Not as Described
R0029056,T0029056,01-03-2024,S011,P0012,2,8.86,Damaged
R0029068,T0029068,05-04-2025,S009,P0004,1,10.06,Not as Described
R0029095,T0029095,13-10-2024,S027,P0081,1,5.6,Expired
R0029101,T0029101,02-05-2025,S009,P0176,1,46.51,Changed Mind
R0029154,T0029154,29-08-2024,S017,P0085,1,5.24,Damaged
R0029220,T0029220,22-01-2024,S005,P0147,2,9.41,Expired
R0029264,T0029264,20-08-2024,S001,P0032,1,2.48,Wrong Item
R0029322,T0029322,03-03-2025,S003,P0019,2,13.52,Changed Mind
R0029353,T0029353,10-12-2024,S015,P0121,2,15.66,Wrong Item
R0029442,T0029442,04-02-2024,S005,P0148,1,3.33,Wrong Item
R0029525,T0029525,17-03-2025,S009,P0163,1,36.11,Wrong Item
R0029568,T0029568,12-11-2024,S010,P0090,1,7.59,Not as Described
R0029593,T0029593,28-01-2024,S004,P0019,2,13.52,Not as Described
R0029627,T0029627,14-01-2024,S008,P0065,1,3.15,Wrong Item
R0029661,T0029661,30-09-2024,S017,P0004,2,23.68,Not as Described
R0029716,T0029716,16-09-2025,S022,P0102,1,3.56,Wrong Item
R0029720,T0029720,24-04-2024,S022,P0060,1,4.91,Wrong Item
R0029728,T0029728,02-08-2025,S029,P0085,1,5.24,Damaged
R0029750,T0029750,09-11-2024,S020,P0019,1,6.76,Damaged
R0029771,T0029771,12-09-2025,S003,P0008,1,8.37,Not as Described
R0029887,T0029887,02-02-2025,S003,P0137,1,1.76,Damaged
R0029927,T0029927,09-04-2024,S014,P0041,2,3.66,Wrong Item
R0029936,T0029936,17-04-2024,S023,P0076,1,6.12,Changed Mind
R0029981,T0029981,20-02-2024,S008,P0115,1,3.44,Not as Described
R0029983,T0029983,15-12-2024,S007,P0018,2,7.97,Wrong Item
R0030127,T0030127,24-03-2024,S020,P0078,2,9.06,Changed Mind
R0030148,T0030148,13-06-2025,S001,P0091,1,5.91,Changed Mind
R0030172,T0030172,11-07-2024,S006,P0127,1,2.36,Changed Mind
R0030187,T0030187,19-03-2025,S020,P0115,1,3.78,Changed Mind
R0030203,T0030203,06-03-2025,S010,P0134,1,5.14,Damaged
R0030210,T0030210,09-02-2025,S024,P0168,1,44.06,Damaged
R0030212,T0030212,31-10-2025,S019,P0163,1,36.11,Expired
R0030218,T0030218,02-03-2025,S010,P0152,1,42.93,Wrong Item
R0030227,T0030227,04-12-2024,S014,P0078,1,4.53,Not as Described
R0030328,T0030328,31-05-2025,S012,P0079,2,13.24,Not as Described
R0030335,T0030335,19-12-2024,S026,P0131,1,3.23,Damaged
R0030389,T0030389,04-04-2025,S001,P0036,1,3.3,Changed Mind
R0030500,T0030500,17-04-2025,S024,P0064,2,13.66,Not as Described
R0030513,T0030513,17-10-2024,S009,P0147,1,5.41,Changed Mind
R0030531,T0030531,30-05-2025,S025,P0115,1,3.78,Expired
R0030541,T0030541,26-11-2024,S024,P0128,1,1.84,Expired
R0030547,T0030547,27-02-2024,S011,P0162,1,42.91,Expired
R0030568,T0030568,27-09-2025,S007,P0142,2,4.28,Damaged
R0030573,T0030573,01-02-2024,S016,P0151,1,55.81,Changed Mind
R0030670,T0030670,03-10-2025,S001,P0031,2,8.74,Expired
R0030689,T0030689,06-02-2025,S025,P0112,1,6.77,Wrong Item
R0030729,T0030729,09-08-2024,S019,P0018,1,5.78,Damaged
R0030741,T0030741,26-03-2024,S004,P0122,1,3.68,Wrong Item
R0030753,T0030753,30-01-2024,S003,P0146,2,3.38,Wrong Item
R0030805,T0030805,13-02-2025,S009,P0051,1,6.76,Expired
R0030808,T0030808,21-04-2025,S026,P0004,1,11.84,Expired
R0030838,T0030838,08-05-2025,S016,P0140,2,3.48,Wrong Item
R0030844,T0030844,14-01-2024,S026,P0021,1,2.02,Not as Described
R0030862,T0030862,11-11-2024,S006,P0080,2,12.36,Not as Described
R0030863,T0030863,10-01-2025,S003,P0089,1,4.42,Wrong Item
R0030876,T0030876,28-02-2024,S028,P0021,1,2.02,Changed Mind
R0030887,T0030887,20-07-2024,S011,P0006,2,10.86,Expired
R0030901,T0030901,07-11-2024,S024,P0070,1,1.04,Changed Mind
R0030941,T0030941,11-06-2025,S007,P0002,2,21.14,Changed Mind
R0030976,T0030976,05-07-2024,S013,P0005,1,8.05,Changed Mind
R0031053,T0031053,16-06-2025,S024,P0080,1,6.18,Wrong Item
R0031076,T0031076,14-04-2024,S003,P0098,1,3.84,Expired
R0031161,T0031161,06-10-2024,S003,P0009,2,15.25,Damaged
R0031165,T0031165,10-01-2024,S024,P0104,1,0.89,Not as Described
R0031173,T0031173,21-09-2024,S022,P0090,1,7.59,Wrong Item
R0031228,T0031228,01-04-2024,S014,P0077,1,1.61,Changed Mind
R0031261,T0031261,15-09-2025,S012,P0042,1,3.84,Changed Mind
R0031277,T0031277,15-12-2024,S022,P0033,2,3.7,Not as Described
R0031288,T0031288,18-08-2024,S022,P0049,2,15.14,Expired
R0031300,T0031300,28-08-2024,S023,P0103,1,6.66,Expired
R0031338,T0031338,23-05-2024,S005,P0086,2,12.82,Wrong Item
R0031354,T0031354,27-05-2025,S028,P0024,2,20.88,Damaged
R0031356,T0031356,02-04-2025,S025,P0141,1,2.78,Damaged
R0031395,T0031395,16-05-2024,S006,P0007,1,2.45,Damaged
R0031406,T0031406,22-03-2025,S024,P0152,1,45.46,Not as Described
R0031417,T0031417,14-10-2024,S022,P0103,1,6.9,Wrong Item
R0031472,T0031472,11-11-2024,S007,P0071,2,8.6,Damaged
R0031503,T0031503,15-07-2025,S026,P0167,1,54.3,Not as Described
R0031513,T0031513,02-12-2024,S008,P0063,1,4.59,Damaged
R0031516,T0031516,22-05-2024,S024,P0043,2,4.84,Expired
R0031534,T0031534,27-10-2024,S018,P0139,2,5.64,Not as Described
R0031542,T0031542,03-06-2025,S021,P0060,2,9.33,Not as Described
R0031567,T0031567,03-08-2024,S023,P0022,2,14.24,Wrong Item
R0031578,T0031578,23-01-2024,S004,P0132,2,8.76,Expired
R0031679,T0031679,24-01-2024,S002,P0147,1,4.76,Wrong Item
R0031681,T0031681,27-10-2025,S005,P0001,2,14.88,Wrong Item
R0031693,T0031693,27-04-2024,S020,P0021,2,4.04,Wrong Item
R0031729,T0031729,17-04-2025,S003,P0029,1,8.85,Damaged
R0031742,T0031742,15-04-2024,S022,P0095,2,7.48,Changed Mind
R0031852,T0031852,23-09-2024,S026,P0163,2,72.22,Damaged
R0031858,T0031858,11-09-2024,S011,P0024,1,11.73,Expired
R0031889,T0031889,03-01-2024,S025,P0054,2,4.36,Wrong Item
R0031890,T0031890,19-01-2024,S022,P0140,1,1.74,Not as Described
R0032008,T0032008,27-02-2025,S030,P0138,2,2.68,Wrong Item
R0032040,T0032040,22-04-2024,S005,P0024,1,11.73,Damaged
R0032064,T0032064,07-01-2025,S030,P0165,1,46.17,Not as Described
R0032083,T0032083,06-08-2025,S023,P0165,2,86.8,Expired
R0032084,T0032084,18-06-2024,S005,P0019,1,5.88,Wrong Item
R0032157,T0032157,26-02-2025,S014,P0155,1,26.94,Not as Described
R0032264,T0032264,20-12-2024,S026,P0134,2,10.28,Not as Described
R0032284,T0032284,02-12-2024,S015,P0150,1,3.73,Damaged
R0032328,T0032328,05-03-2024,S028,P0079,1,5.7,Wrong Item
R0032365,T0032365,24-04-2025,S001,P0180,1,39.42,Damaged
R0032385,T0032385,18-03-2025,S028,P0089,1,4.42,Changed Mind
R0032428,T0032428,11-04-2024,S014,P0110,1,5.68,Damaged
R0032457,T0032457,08-08-2024,S005,P0109,1,3.28,Damaged
R0032462,T0032462,09-01-2025,S023,P0091,1,6.04,Not as Described
R0032515,T0032515,20-04-2024,S019,P0119,2,12.06,Wrong Item
R0032623,T0032623,05-09-2025,S024,P0158,1,13.08,Expired
R0032685,T0032685,20-07-2025,S014,P0139,2,5.64,Expired
R0032700,T0032700,05-03-2025,S027,P0047,1,1.33,Expired
R0032741,T0032741,25-05-2025,S009,P0039,1,1.75,Changed Mind
R0032781,T0032781,27-01-2024,S028,P0172,2,74.65,Expired
R0032813,T0032813,22-05-2024,S027,P0143,1,1,Wrong Item
R0032830,T0032830,13-01-2024,S013,P0046,2,3.48,Expired
R0032913,T0032913,15-02-2024,S030,P0042,1,3.84,Changed Mind
R0032961,T0032961,13-06-2025,S013,P0155,2,53.88,Expired
R0033026,T0033026,05-06-2024,S022,P0002,2,21.14,Changed Mind
R0033029,T0033029,13-04-2024,S008,P0105,1,3.96,Expired
R0033033,T0033033,12-08-2025,S015,P0067,1,3.21,Not as Described
R0033051,T0033051,08-02-2025,S029,P0076,1,6.65,Expired
R0033074,T0033074,21-11-2024,S022,P0178,1,45.86,Wrong Item
R0033077,T0033077,13-06-2025,S025,P0130,2,6.91,Not as Described
R0033078,T0033078,19-10-2025,S010,P0025,1,8.09,Damaged
R0033196,T0033196,08-08-2024,S030,P0078,2,9.06,Changed Mind
R0033251,T0033251,15-04-2024,S020,P0150,1,3.73,Not as Described
R0033257,T0033257,20-12-2024,S015,P0069,1,2.93,Damaged
R0033260,T0033260,07-08-2025,S015,P0065,2,6.7,Changed Mind
R0033308,T0033308,01-02-2025,S019,P0094,1,3.28,Wrong Item
R0033318,T0033318,15-09-2025,S025,P0029,2,17.7,Expired
R0033354,T0033354,09-09-2025,S026,P0004,2,20.36,Not as Described
R0033366,T0033366,25-09-2025,S027,P0160,1,32.57,Not as Described
R0033367,T0033367,07-04-2025,S021,P0070,1,0.84,Not as Described
R0033414,T0033414,12-02-2025,S013,P0075,2,12.76,Not as Described
R0033442,T0033442,13-09-2024,S024,P0139,2,5.64,Changed Mind
R0033450,T0033450,23-09-2024,S004,P0087,1,3.6,Wrong Item
R0033458,T0033458,12-06-2024,S020,P0143,1,0.86,Expired
R0033483,T0033483,24-01-2024,S006,P0165,1,46.17,Damaged
R0033484,T0033484,08-03-2025,S026,P0094,1,3.28,Damaged
R0033486,T0033486,10-01-2025,S024,P0009,2,14.53,Changed Mind
R0033493,T0033493,10-08-2025,S016,P0064,1,6.83,Expired
R0033499,T0033499,21-02-2025,S009,P0034,1,3.08,Not as Described
R0033507,T0033507,21-04-2024,S010,P0180,2,96.14,Expired
R0033575,T0033575,23-06-2024,S009,P0137,2,4.18,Not as Described
R0033709,T0033709,08-05-2024,S004,P0111,1,4.81,Changed Mind
R0033724,T0033724,23-08-2025,S022,P0158,1,13.85,Changed Mind
R0033797,T0033797,02-03-2024,S026,P0142,1,2.14,Damaged
R0033800,T0033800,03-01-2025,S013,P0159,1,51.15,Changed Mind
R0033834,T0033834,29-02-2024,S008,P0149,1,5.59,Not as Described
R0033842,T0033842,12-11-2024,S027,P0113,1,4.02,Changed Mind
R0033933,T0033933,23-06-2024,S030,P0061,2,3.54,Not as Described
R0033935,T0033935,12-02-2024,S017,P0053,2,3.9,Damaged
R0034003,T0034003,24-05-2025,S001,P0089,1,4.42,Wrong Item
R0034014,T0034014,19-07-2025,S003,P0124,2,14.34,Damaged
R0034071,T0034071,12-07-2024,S029,P0040,1,3.29,Changed Mind
R0034079,T0034079,06-04-2025,S022,P0036,1,3.3,Not as Described
R0034160,T0034160,23-08-2024,S015,P0148,1,3.33,Damaged
R0034240,T0034240,14-07-2025,S029,P0151,1,55.81,Changed Mind
R0034248,T0034248,26-04-2024,S025,P0122,2,7.36,Expired
R0034255,T0034255,11-05-2025,S016,P0036,1,2.94,Wrong Item
R0034266,T0034266,19-07-2025,S023,P0148,2,6.66,Wrong Item
R0034288,T0034288,22-05-2025,S012,P0152,1,50.51,Changed Mind
R0034330,T0034330,12-06-2024,S005,P0135,2,9.43,Expired
R0034338,T0034338,01-02-2025,S015,P0011,1,4.42,Expired
R0034354,T0034354,14-02-2025,S017,P0129,1,4.05,Not as Described
R0034369,T0034369,24-09-2024,S013,P0008,1,8.37,Changed Mind
R0034452,T0034452,17-10-2024,S003,P0015,1,7.86,Wrong Item
R0034464,T0034464,09-05-2024,S022,P0094,2,5.45,Wrong Item
R0034565,T0034565,08-04-2024,S015,P0163,1,29.97,Not as Described
R0034596,T0034596,23-07-2025,S028,P0086,1,6.41,Damaged
R0034692,T0034692,23-06-2025,S002,P0022,1,7.12,Wrong Item
R0034707,T0034707,15-06-2024,S029,P0083,2,11.75,Wrong Item
R0034817,T0034817,02-08-2025,S018,P0056,2,7.2,Changed Mind
R0034832,T0034832,30-03-2024,S025,P0016,2,6.02,Not as Described
R0034836,T0034836,17-02-2025,S021,P0105,2,7.92,Wrong Item
R0034894,T0034894,07-07-2025,S025,P0162,2,78.1,Expired
R0034900,T0034900,26-07-2024,S002,P0107,2,2.58,Expired
R0034919,T0034919,21-07-2024,S006,P0034,2,6.34,Expired
R0034943,T0034943,27-03-2025,S014,P0042,1,3.84,Changed Mind
R0034967,T0034967,18-01-2025,S001,P0068,2,12.16,Not as Described
R0035068,T0035068,20-01-2025,S026,P0015,1,7.16,Changed Mind
R0035086,T0035086,09-08-2025,S006,P0143,1,0.77,Damaged
R0035194,T0035194,04-06-2024,S027,P0104,1,1.11,Not as Described
R0035247,T0035247,19-01-2025,S023,P0081,1,4.48,Damaged
R0035303,T0035303,10-09-2025,S010,P0116,2,2.22,Wrong Item
R0035332,T0035332,06-07-2024,S023,P0166,1,36.7,Wrong Item
R0035364,T0035364,24-08-2025,S023,P0056,2,6.55,Not as Described
R0035463,T0035463,23-05-2025,S030,P0042,2,6.45,Changed Mind
R0035511,T0035511,27-05-2024,S029,P0083,1,7.73,Expired
R0035540,T0035540,18-04-2024,S014,P0036,1,2.57,Wrong Item
R0035563,T0035563,26-11-2024,S023,P0061,1,1.77,Wrong Item
R0035617,T0035617,26-04-2024,S026,P0156,1,23.24,Changed Mind
R0035657,T0035657,19-03-2024,S003,P0141,1,2.78,Expired
R0035661,T0035661,22-06-2024,S001,P0091,2,14.06,Wrong Item
R0035696,T0035696,12-12-2024,S012,P0084,1,7.16,Expired
R0035715,T0035715,01-07-2025,S023,P0032,2,5.17,Wrong Item
R0035737,T0035737,20-02-2024,S024,P0033,2,3.7,Expired
R0035752,T0035752,24-01-2025,S011,P0051,1,6.76,Not as Described
R0035778,T0035778,31-07-2024,S004,P0109,1,3.82,Not as Described
R0035783,T0035783,28-09-2025,S010,P0015,1,8.73,Damaged
R0035799,T0035799,17-02-2025,S007,P0039,2,4.38,Damaged
R0035848,T0035848,18-02-2025,S021,P0008,2,16.74,Expired
R0035955,T0035955,30-05-2024,S020,P0162,1,42.91,Damaged
R0035970,T0035970,21-12-2024,S023,P0131,1,3.23,Wrong Item
R0035989,T0035989,24-02-2025,S008,P0154,1,56.12,Not as Described
R0035997,T0035997,05-10-2024,S004,P0153,1,21.64,Wrong Item
R0036115,T0036115,17-07-2025,S022,P0133,2,14.74,Changed Mind
R0036161,T0036161,05-06-2025,S018,P0089,2,8.84,Expired
R0036167,T0036167,09-09-2024,S029,P0179,1,35.86,Not as Described
R0036169,T0036169,02-03-2024,S009,P0155,1,25.32,Not as Described
R0036247,T0036247,01-03-2025,S004,P0092,1,7.4,Wrong Item
R0036263,T0036263,05-08-2024,S001,P0167,1,54.3,Damaged
R0036268,T0036268,12-10-2024,S006,P0061,2,3.54,Wrong Item
R0036326,T0036326,02-01-2024,S001,P0006,1,5.43,Wrong Item
R0036354,T0036354,07-03-2025,S014,P0032,1,2.36,Expired
R0036467,T0036467,20-08-2025,S002,P0023,2,9.76,Damaged
R0036471,T0036471,30-05-2025,S027,P0019,2,13.52,Not as Described
R0036472,T0036472,18-04-2025,S003,P0074,1,5.99,Damaged
R0036482,T0036482,08-11-2024,S027,P0008,1,7.53,Changed Mind
R0036520,T0036520,16-02-2024,S018,P0088,1,5.02,Wrong Item
R0036523,T0036523,17-08-2025,S011,P0080,1,5.62,Expired
R0036525,T0036525,17-10-2024,S026,P0172,2,76.96,Wrong Item
R0036549,T0036549,22-09-2025,S010,P0056,2,7.2,Expired
R0036589,T0036589,10-04-2024,S004,P0095,2,6.81,Expired
R0036733,T0036733,25-10-2024,S005,P0157,1,29.4,Damaged
R0036747,T0036747,26-05-2025,S011,P0048,1,7.74,Changed Mind
R0036792,T0036792,20-08-2024,S005,P0006,1,5.43,Changed Mind
R0036945,T0036945,14-08-2024,S005,P0048,1,7.74,Expired
R0036974,T0036974,19-05-2024,S028,P0120,2,2.96,Changed Mind
R0036997,T0036997,05-05-2024,S018,P0090,1,7.59,Damaged
R0037029,T0037029,01-02-2024,S012,P0158,2,30.78,Expired
R0037088,T0037088,14-12-2024,S026,P0125,1,6.01,Changed Mind
R0037112,T0037112,08-04-2025,S018,P0072,1,6.88,Expired
R0037144,T0037144,27-03-2025,S024,P0130,1,4.06,Damaged
R0037150,T0037150,20-07-2025,S008,P0026,1,8.37,Changed Mind
R0037245,T0037245,05-03-2024,S007,P0094,2,6.56,Not as Described
R0037251,T0037251,21-03-2024,S017,P0114,2,12.04,Expired
R0037255,T0037255,07-06-2025,S019,P0002,2,21.14,Damaged
R0037274,T0037274,14-01-2025,S021,P0125,2,10.1,Expired
R0037287,T0037287,13-07-2024,S008,P0081,1,5.6,Not as Described
R0037300,T0037300,09-01-2025,S020,P0030,1,9.85,Damaged
R0037337,T0037337,28-05-2025,S024,P0086,2,12.82,Wrong Item
R0037350,T0037350,10-06-2024,S008,P0128,2,3.68,Damaged
R0037370,T0037370,01-02-2025,S001,P0111,2,9.62,Not as Described
R0037378,T0037378,18-09-2024,S019,P0052,1,6.25,Changed Mind
R0037386,T0037386,29-02-2024,S003,P0168,1,44.06,Damaged
R0037390,T0037390,13-03-2025,S007,P0153,1,21.64,Expired
R0037444,T0037444,13-02-2025,S011,P0012,2,7.26,Wrong Item
R0037467,T0037467,31-07-2025,S007,P0061,1,1.77,Changed Mind
R0037493,T0037493,09-07-2025,S014,P0125,2,9.85,Damaged
R0037499,T0037499,15-07-2024,S024,P0162,1,42.91,Wrong Item
R0037538,T0037538,29-08-2024,S015,P0112,1,6.77,Expired
R0037550,T0037550,14-11-2024,S014,P0006,1,5.43,Changed Mind
R0037576,T0037576,03-09-2025,S027,P0156,2,46.48,Not as Described
R0037653,T0037653,27-10-2024,S010,P0083,2,14.07,Changed Mind
R0037713,T0037713,28-04-2025,S013,P0014,1,4.77,Wrong Item
R0037754,T0037754,26-01-2024,S016,P0006,2,10.86,Changed Mind
R0037759,T0037759,04-06-2025,S023,P0013,1,3.88,Wrong Item
R0037847,T0037847,14-02-2025,S018,P0146,1,1.9,Changed Mind
R0037853,T0037853,29-01-2025,S024,P0168,1,44.06,Not as Described
R0037912,T0037912,29-01-2024,S011,P0034,1,3.17,Expired
R0037913,T0037913,14-04-2025,S021,P0120,1,1.72,Wrong Item
R0037976,T0037976,24-05-2025,S030,P0073,1,4.37,Changed Mind
R0037992,T0037992,06-01-2025,S007,P0058,1,4.62,Expired
R0038047,T0038047,20-07-2024,S013,P0043,2,4.6,Expired
R0038074,T0038074,22-08-2025,S015,P0089,2,8.84,Expired
R0038081,T0038081,20-07-2025,S018,P0048,1,7.74,Expired
R0038173,T0038173,12-11-2024,S010,P0061,1,1.77,Expired
R0038305,T0038305,01-08-2025,S017,P0008,2,16.74,Expired
R0038373,T0038373,26-06-2025,S014,P0174,1,28.98,Expired
R0038380,T0038380,20-09-2024,S026,P0032,1,2.81,Changed Mind
R0038415,T0038415,08-09-2025,S003,P0051,2,11.76,Changed Mind
R0038461,T0038461,28-08-2024,S007,P0098,1,4.68,Not as Described
R0038524,T0038524,07-01-2025,S011,P0163,2,72.22,Changed Mind
R0038526,T0038526,01-01-2025,S025,P0155,2,53.88,Damaged
R0038536,T0038536,09-10-2025,S014,P0062,2,9.64,Changed Mind
R0038552,T0038552,24-11-2024,S024,P0160,1,32.57,Damaged
R0038617,T0038617,13-05-2025,S027,P0178,1,45.86,Damaged
R0038624,T0038624,07-05-2024,S008,P0015,2,17.46,Changed Mind
R0038669,T0038669,30-07-2024,S005,P0101,1,1.79,Expired
R0038687,T0038687,27-03-2025,S022,P0142,2,4.28,Not as Described
R0038740,T0038740,24-01-2024,S009,P0063,1,4.59,Changed Mind
R0038776,T0038776,23-12-2024,S030,P0022,2,14.24,Not as Described
R0038790,T0038790,02-09-2024,S011,P0138,1,1.34,Changed Mind
R0038901,T0038901,15-02-2025,S026,P0143,2,2,Wrong Item
R0038982,T0038982,27-05-2024,S003,P0055,1,6.43,Wrong Item
R0039035,T0039035,26-02-2025,S015,P0055,1,6.43,Wrong Item
R0039049,T0039049,21-02-2024,S015,P0118,1,1.87,Changed Mind
R0039093,T0039093,22-05-2024,S030,P0162,1,42.91,Wrong Item
R0039116,T0039116,06-04-2024,S002,P0110,2,11.36,Damaged
R0039369,T0039369,04-10-2024,S013,P0078,1,4.53,Expired
R0039381,T0039381,08-09-2024,S015,P0170,1,13.34,Expired
R0039443,T0039443,26-11-2024,S011,P0163,1,36.11,Wrong Item
R0039452,T0039452,01-07-2024,S006,P0030,1,9.85,Expired
R0039488,T0039488,14-01-2024,S019,P0016,1,3.81,Wrong Item
R0039538,T0039538,10-02-2025,S022,P0068,1,4.92,Wrong Item
R0039547,T0039547,24-09-2025,S015,P0152,1,50.51,Changed Mind
R0039628,T0039628,08-08-2025,S025,P0061,1,1.77,Wrong Item
R0039678,T0039678,16-10-2024,S017,P0008,1,8.37,Changed Mind
R0039681,T0039681,19-08-2025,S012,P0019,2,13.52,Changed Mind
R0039694,T0039694,09-02-2025,S013,P0173,1,52.05,Wrong Item
R0039710,T0039710,03-09-2025,S008,P0039,1,2.08,Wrong Item
R0039737,T0039737,31-07-2025,S014,P0109,2,7.64,Expired
R0039745,T0039745,12-08-2025,S026,P0062,2,9.64,Changed Mind
R0039747,T0039747,02-06-2024,S009,P0061,2,3.54,Wrong Item
R0039785,T0039785,31-07-2025,S015,P0172,1,38.48,Changed Mind
R0039839,T0039839,06-10-2024,S028,P0076,1,6.65,Wrong Item
R0039841,T0039841,22-01-2025,S023,P0139,2,5.64,Changed Mind
R0039842,T0039842,08-05-2024,S005,P0085,2,10.48,Changed Mind
R0039888,T0039888,23-03-2024,S022,P0075,1,6.38,Damaged
R0039889,T0039889,27-09-2024,S011,P0109,1,3.82,Not as Described
R0040004,T0040004,15-03-2024,S007,P0118,1,1.87,Changed Mind
R0040023,T0040023,27-08-2025,S011,P0049,2,12.41,Changed Mind
R0040030,T0040030,06-02-2025,S018,P0161,1,22,Not as Described
R0040067,T0040067,29-09-2025,S013,P0008,2,16.74,Damaged
R0040081,T0040081,02-07-2025,S029,P0017,2,18.74,Changed Mind
R0040136,T0040136,02-06-2024,S013,P0057,2,14.5,Changed Mind
R0040210,T0040210,27-10-2024,S022,P0041,2,3.53,Damaged
R0040257,T0040257,27-09-2024,S010,P0089,1,4.42,Wrong Item
R0040335,T0040335,05-07-2024,S022,P0134,1,5.14,Expired
R0040345,T0040345,03-03-2025,S002,P0055,1,6.43,Not as Described
R0040396,T0040396,02-11-2024,S024,P0003,1,5.49,Wrong Item
R0040399,T0040399,31-03-2024,S014,P0042,1,3.46,Damaged
R0040422,T0040422,21-01-2024,S001,P0164,1,59.99,Not as Described
R0040495,T0040495,11-07-2024,S014,P0044,1,7.73,Not as Described
R0040504,T0040504,04-09-2024,S011,P0059,1,5.72,Not as Described
R0040521,T0040521,27-05-2024,S009,P0124,1,7.17,Wrong Item
R0040568,T0040568,30-11-2024,S017,P0098,2,9.36,Not as Described
R0040610,T0040610,16-04-2024,S003,P0086,1,6.41,Changed Mind
R0040618,T0040618,21-07-2024,S008,P0167,1,54.3,Not as Described
R0040630,T0040630,20-09-2024,S014,P0172,1,38.48,Wrong Item
R0040662,T0040662,24-07-2025,S005,P0146,2,3.8,Expired
R0040683,T0040683,24-09-2024,S004,P0006,1,5.43,Changed Mind
R0040729,T0040729,15-02-2024,S022,P0059,1,5.72,Damaged
R0040736,T0040736,26-05-2025,S008,P0103,1,7.75,Not as Described
R0040743,T0040743,18-04-2025,S025,P0060,1,4.91,Wrong Item
R0040784,T0040784,23-03-2024,S022,P0165,2,92.34,Expired
R0040789,T0040789,04-08-2025,S014,P0069,1,2.93,Expired
R0040801,T0040801,13-09-2024,S011,P0070,1,1.04,Not as Described
R0040889,T0040889,01-01-2024,S006,P0093,2,15.8,Expired
R0040914,T0040914,28-03-2024,S004,P0049,2,12.72,Changed Mind
R0040925,T0040925,29-04-2025,S024,P0081,1,4.93,Changed Mind
R0040972,T0040972,05-05-2025,S017,P0099,1,3.58,Not as Described
R0040996,T0040996,11-09-2024,S001,P0161,2,44,Damaged
R0041012,T0041012,17-09-2024,S024,P0046,2,3.48,Not as Described
R0041043,T0041043,09-05-2025,S002,P0054,1,2.18,Not as Described
R0041087,T0041087,28-09-2024,S030,P0034,2,6.34,Wrong Item
R0041123,T0041123,04-02-2025,S015,P0180,1,48.07,Expired
R0041168,T0041168,20-04-2024,S029,P0036,1,3.3,Not as Described
R0041191,T0041191,27-02-2024,S006,P0088,1,5.02,Not as Described
R0041218,T0041218,16-04-2025,S030,P0088,2,10.04,Wrong Item
R0041248,T0041248,27-05-2024,S017,P0132,2,8.76,Damaged
R0041264,T0041264,21-10-2025,S007,P0117,2,6,Expired
R0041265,T0041265,13-11-2024,S018,P0061,1,1.77,Changed Mind
R0041296,T0041296,03-03-2025,S010,P0111,2,9.62,Not as Described
R0041380,T0041380,01-04-2024,S022,P0058,1,6.24,Not as Described
R0041444,T0041444,31-08-2024,S019,P0016,2,7.62,Expired
R0041475,T0041475,15-04-2025,S028,P0024,1,11.73,Changed Mind
R0041514,T0041514,17-05-2024,S026,P0121,1,7.83,Expired
R0041550,T0041550,27-06-2024,S011,P0100,2,8.69,Wrong Item
R0041581,T0041581,04-05-2024,S023,P0118,1,1.87,Wrong Item
R0041768,T0041768,17-09-2025,S002,P0149,1,5.59,Not as Described
R0041770,T0041770,31-08-2024,S022,P0056,1,3.6,Not as Described
R0041873,T0041873,20-09-2025,S014,P0119,1,4.82,Not as Described
R0041888,T0041888,27-04-2024,S011,P0065,1,3.35,Expired
R0042033,T0042033,02-08-2025,S021,P0054,1,2.18,Changed Mind
R0042034,T0042034,25-10-2024,S005,P0058,1,6.24,Not as Described
R0042044,T0042044,07-01-2024,S012,P0172,1,38.48,Changed Mind
R0042092,T0042092,26-01-2025,S011,P0119,1,6.03,Wrong Item
R0042097,T0042097,22-10-2025,S015,P0152,2,101.02,Not as Described
R0042100,T0042100,16-01-2025,S005,P0121,1,7.83,Not as Described
R0042101,T0042101,02-10-2025,S003,P0046,2,3.48,Changed Mind
R0042261,T0042261,23-11-2024,S003,P0010,1,1.91,Expired
R0042314,T0042314,26-10-2024,S027,P0125,2,8.65,Expired
R0042316,T0042316,10-03-2024,S010,P0038,2,12.48,Damaged
R0042354,T0042354,17-01-2024,S029,P0157,1,29.4,Changed Mind
R0042360,T0042360,22-10-2025,S018,P0008,2,16.74,Wrong Item
R0042372,T0042372,05-04-2024,S029,P0052,2,9.63,Not as Described
R0042405,T0042405,23-09-2024,S014,P0014,1,3.96,Damaged
R0042443,T0042443,27-10-2024,S015,P0057,1,7.25,Wrong Item
R0042453,T0042453,16-09-2025,S016,P0041,1,2.26,Changed Mind
R0042503,T0042503,05-08-2024,S020,P0061,1,1.77,Wrong Item
R0042510,T0042510,07-03-2024,S021,P0143,1,1,Damaged
R0042523,T0042523,22-08-2025,S030,P0077,2,2.38,Damaged
R0042545,T0042545,26-08-2024,S014,P0110,1,5.51,Wrong Item
R0042566,T0042566,03-06-2024,S014,P0068,1,6.08,Damaged
R0042602,T0042602,23-12-2024,S030,P0090,2,14.42,Expired
R0042666,T0042666,13-09-2025,S014,P0077,1,1.4,Changed Mind
R0042694,T0042694,28-04-2025,S029,P0044,1,7.73,Damaged
R0042718,T0042718,04-05-2024,S030,P0006,2,10.86,Damaged
R0042791,T0042791,05-12-2024,S002,P0004,1,11.84,Damaged
R0042794,T0042794,21-09-2024,S026,P0088,2,10.04,Wrong Item
R0042797,T0042797,04-04-2025,S004,P0074,1,5.99,Expired
R0042817,T0042817,13-02-2025,S015,P0157,2,54.1,Damaged
R0042830,T0042830,21-09-2024,S004,P0011,1,4.42,Damaged
R0042831,T0042831,07-01-2025,S022,P0084,1,7.16,Not as Described
R0042842,T0042842,01-01-2024,S005,P0037,1,5.08,Changed Mind
R0042884,T0042884,22-02-2024,S002,P0056,1,3.6,Expired
R0042906,T0042906,13-05-2024,S029,P0177,1,19.4,Changed Mind
R0042943,T0042943,24-09-2024,S016,P0013,1,3.88,Expired
R0043097,T0043097,25-12-2024,S025,P0024,2,19.47,Wrong Item
R0043122,T0043122,24-02-2025,S022,P0070,1,1.04,Damaged
R0043170,T0043170,27-01-2025,S013,P0102,1,3.56,Expired
R0043294,T0043294,19-08-2025,S001,P0059,2,11.44,Not as Described
R0043314,T0043314,18-02-2024,S027,P0004,1,11.84,Not as Described
R0043355,T0043355,17-04-2025,S002,P0056,2,6.27,Changed Mind
R0043389,T0043389,20-10-2024,S025,P0085,1,5.24,Damaged
R0043435,T0043435,09-02-2025,S006,P0159,1,52.34,Not as Described
R0043520,T0043520,07-04-2024,S024,P0115,1,3.21,Damaged
R0043562,T0043562,08-08-2025,S019,P0171,2,35.78,Not as Described
R0043605,T0043605,10-04-2024,S007,P0097,2,3.36,Damaged
R0043659,T0043659,10-09-2025,S021,P0126,2,6.28,Wrong Item
R0043687,T0043687,31-03-2025,S008,P0067,1,3.91,Not as Described
R0043708,T0043708,11-02-2024,S025,P0044,2,15.46,Changed Mind
R0043709,T0043709,18-01-2024,S028,P0122,1,3.68,Wrong Item
R0043715,T0043715,08-03-2025,S016,P0063,1,4.59,Not as Described
R0043729,T0043729,18-04-2025,S006,P0112,1,6.77,Wrong Item
R0043781,T0043781,20-06-2025,S008,P0040,1,3.29,Changed Mind
R0043904,T0043904,13-07-2024,S017,P0145,1,2.73,Wrong Item
R0043910,T0043910,16-05-2025,S020,P0023,1,4.88,Changed Mind
R0043924,T0043924,01-06-2025,S028,P0100,2,8.91,Changed Mind
R0043976,T0043976,22-04-2025,S026,P0078,2,9.06,Expired
R0043978,T0043978,12-02-2024,S017,P0110,2,11.36,Not as Described
R0044080,T0044080,18-01-2025,S005,P0102,1,3.17,Expired
R0044082,T0044082,12-05-2025,S008,P0121,2,15.66,Changed Mind
R0044094,T0044094,30-04-2025,S027,P0041,2,4.52,Damaged
R0044100,T0044100,25-04-2024,S020,P0023,1,4.88,Expired
R0044158,T0044158,05-09-2025,S011,P0166,1,45.88,Not as Described
R0044181,T0044181,22-01-2025,S015,P0171,1,17.89,Changed Mind
R0044190,T0044190,23-07-2025,S007,P0124,2,14.34,Not as Described
R0044199,T0044199,20-06-2024,S008,P0173,1,53.66,Not as Described
R0044200,T0044200,14-10-2024,S026,P0091,2,14.06,Damaged
R0044233,T0044233,26-01-2025,S020,P0109,2,7.64,Wrong Item
R0044255,T0044255,16-07-2025,S013,P0076,1,6.65,Wrong Item
R0044340,T0044340,13-06-2024,S016,P0166,1,45.88,Not as Described
R0044346,T0044346,19-05-2025,S025,P0121,2,11.9,Not as Described
R0044361,T0044361,21-09-2024,S020,P0042,1,3.84,Not as Described
R0044383,T0044383,03-07-2024,S027,P0159,1,48.78,Not as Described
R0044476,T0044476,02-03-2025,S001,P0014,1,4.77,Not as Described
R0044482,T0044482,17-06-2025,S001,P0087,2,7.2,Not as Described
R0044533,T0044533,19-12-2024,S010,P0092,1,7.4,Expired
R0044536,T0044536,15-11-2024,S010,P0050,1,1.33,Not as Described
R0044549,T0044549,03-02-2025,S017,P0149,2,11.18,Changed Mind
R0044637,T0044637,07-08-2025,S019,P0050,1,1.33,Wrong Item
R0044714,T0044714,01-06-2025,S022,P0043,1,2.42,Damaged
R0044719,T0044719,12-12-2024,S019,P0134,2,10.28,Damaged
R0044778,T0044778,13-10-2024,S008,P0095,1,3.74,Changed Mind
R0044797,T0044797,10-02-2024,S010,P0103,2,15.5,Wrong Item
R0044866,T0044866,20-04-2025,S013,P0119,1,4.46,Wrong Item
R0044880,T0044880,11-08-2024,S021,P0143,1,0.89,Damaged
R0045019,T0045019,04-10-2024,S012,P0079,1,5.3,Damaged
R0045066,T0045066,07-07-2024,S002,P0112,1,6.77,Not as Described
R0045087,T0045087,31-03-2024,S007,P0164,1,59.99,Wrong Item
R0045088,T0045088,31-03-2025,S017,P0003,1,7.23,Expired
R0045187,T0045187,13-06-2024,S004,P0129,1,3.97,Not as Described
R0045192,T0045192,19-10-2024,S027,P0048,1,7.74,Changed Mind
R0045222,T0045222,29-05-2024,S013,P0121,2,15.66,Wrong Item
R0045253,T0045253,18-10-2025,S005,P0125,1,6.01,Wrong Item
R0045254,T0045254,01-10-2025,S015,P0179,2,77.12,Expired
R0045333,T0045333,26-11-2024,S004,P0142,1,2.14,Changed Mind
R0045340,T0045340,23-07-2025,S004,P0055,2,11.32,Expired
R0045346,T0045346,02-01-2024,S005,P0001,1,7.44,Damaged
R0045364,T0045364,27-09-2025,S025,P0108,1,5.25,Expired
R0045396,T0045396,28-12-2024,S002,P0124,2,14.34,Damaged
R0045409,T0045409,07-10-2025,S018,P0005,2,20.9,Wrong Item
R0045452,T0045452,30-01-2024,S016,P0161,1,22,Changed Mind
R0045454,T0045454,13-11-2024,S017,P0042,1,3.84,Not as Described
R0045462,T0045462,08-08-2024,S019,P0169,1,35.97,Damaged
R0045469,T0045469,07-07-2025,S026,P0073,1,3.41,Damaged
R0045470,T0045470,29-11-2024,S010,P0145,2,4.48,Damaged
R0045477,T0045477,02-05-2024,S001,P0132,2,8.76,Damaged
R0045505,T0045505,04-03-2025,S010,P0075,1,6.38,Wrong Item
R0045507,T0045507,03-02-2024,S030,P0019,1,6.76,Damaged
R0045597,T0045597,05-06-2025,S015,P0175,1,54.26,Changed Mind
R0045651,T0045651,22-10-2025,S019,P0130,1,4.61,Wrong Item
R0045677,T0045677,24-05-2025,S009,P0038,1,7.9,Wrong Item
R0045684,T0045684,14-09-2025,S008,P0042,1,3.84,Not as Described
R0045689,T0045689,30-09-2025,S005,P0035,2,6.08,Changed Mind
R0045709,T0045709,01-02-2024,S012,P0112,1,6.77,Damaged
R0045710,T0045710,03-02-2025,S022,P0056,2,6.7,Not as Described
R0045721,T0045721,23-02-2024,S020,P0137,1,2.09,Damaged
R0045726,T0045726,01-06-2024,S021,P0137,2,4.18,Damaged
R0045760,T0045760,30-01-2024,S017,P0017,1,7.87,Damaged
R0045795,T0045795,19-03-2024,S014,P0148,1,3.2,Not as Described
R0045796,T0045796,04-02-2024,S029,P0076,2,13.3,Changed Mind
R0045820,T0045820,22-03-2025,S009,P0032,2,4.89,Wrong Item
R0045832,T0045832,21-02-2025,S026,P0076,1,6.65,Not as Described
R0045919,T0045919,22-04-2025,S023,P0125,2,12.02,Not as Described
R0045922,T0045922,07-09-2025,S013,P0074,1,4.31,Not as Described
R0045944,T0045944,13-09-2025,S027,P0025,1,8.09,Damaged
R0046018,T0046018,01-02-2024,S012,P0136,2,7.41,Changed Mind
R0046077,T0046077,04-11-2024,S029,P0145,1,2.73,Damaged
R0046110,T0046110,01-09-2024,S005,P0077,1,1.43,Wrong Item
R0046114,T0046114,20-08-2024,S009,P0008,1,5.36,Changed Mind
R0046162,T0046162,06-01-2025,S017,P0033,1,1.4,Expired
R0046244,T0046244,15-10-2024,S002,P0165,2,92.34,Changed Mind
R0046247,T0046247,25-01-2025,S013,P0045,1,5.12,Wrong Item
R0046260,T0046260,05-07-2025,S029,P0102,2,7.12,Not as Described
R0046310,T0046310,04-06-2025,S011,P0013,1,3.88,Expired
R0046374,T0046374,07-05-2025,S012,P0054,2,4.36,Changed Mind
R0046398,T0046398,02-01-2024,S018,P0041,2,4.52,Not as Described
R0046438,T0046438,18-11-2024,S017,P0135,1,5.42,Expired
R0046482,T0046482,07-04-2024,S026,P0055,2,9.39,Expired
R0046529,T0046529,09-09-2025,S008,P0023,1,4.88,Expired
R0046571,T0046571,15-12-2024,S027,P0053,2,3.9,Not as Described
R0046625,T0046625,16-03-2025,S028,P0083,2,15.46,Not as Described
R0046628,T0046628,11-11-2024,S016,P0020,1,3.62,Not as Described
R0046633,T0046633,02-08-2024,S016,P0021,1,1.82,Expired
R0046646,T0046646,25-06-2024,S019,P0122,2,7.36,Wrong Item
R0046658,T0046658,04-12-2024,S012,P0118,1,1.87,Not as Described
R0046721,T0046721,28-02-2024,S005,P0153,2,38.52,Not as Described
R0046727,T0046727,09-09-2025,S025,P0159,2,118.96,Not as Described
R0046785,T0046785,19-09-2024,S021,P0042,2,7.68,Damaged
R0046805,T0046805,11-10-2025,S025,P0131,2,6.46,Damaged
R0046835,T0046835,04-10-2025,S014,P0176,1,46.51,Expired
R0046861,T0046861,03-04-2025,S025,P0167,1,54.3,Damaged
R0046898,T0046898,25-09-2024,S019,P0087,1,3.6,Expired
R0046962,T0046962,22-07-2025,S016,P0146,1,1.9,Damaged
R0046988,T0046988,06-11-2024,S019,P0178,1,39.44,Expired
R0046993,T0046993,01-06-2025,S020,P0163,1,36.11,Damaged
R0047001,T0047001,02-01-2025,S023,P0010,1,2.12,Not as Described
R0047024,T0047024,11-04-2025,S028,P0089,1,4.42,Changed Mind
R0047042,T0047042,31-07-2025,S029,P0118,1,1.87,Changed Mind
R0047048,T0047048,28-09-2025,S004,P0002,2,17.33,Damaged
R0047085,T0047085,20-03-2025,S019,P0090,2,13.97,Expired
R0047106,T0047106,30-03-2025,S029,P0174,2,52.74,Expired
R0047108,T0047108,10-04-2024,S015,P0039,1,1.78,Wrong Item
R0047122,T0047122,28-07-2024,S017,P0032,2,5.62,Expired
R0047130,T0047130,02-04-2024,S009,P0021,1,2.02,Damaged
R0047167,T0047167,21-10-2024,S008,P0003,2,14.46,Damaged
R0047174,T0047174,14-01-2024,S026,P0056,2,7.2,Wrong Item
R0047175,T0047175,26-08-2025,S023,P0102,1,3.06,Not as Described
R0047203,T0047203,26-11-2024,S018,P0012,1,4.43,Changed Mind
R0047242,T0047242,25-08-2024,S025,P0019,1,5.54,Changed Mind
R0047246,T0047246,12-02-2025,S027,P0144,1,2.1,Not as Described
R0047259,T0047259,29-07-2025,S005,P0073,2,7.52,Expired
R0047260,T0047260,22-05-2025,S021,P0064,1,5.94,Changed Mind
R0047325,T0047325,01-09-2024,S008,P0143,1,1,Expired
R0047335,T0047335,01-01-2025,S006,P0098,2,9.36,Expired
R0047368,T0047368,09-04-2024,S020,P0108,1,5.25,Changed Mind
R0047378,T0047378,03-06-2025,S008,P0045,2,8.38,Changed Mind
R0047405,T0047405,10-05-2025,S003,P0030,2,19.7,Damaged
R0047426,T0047426,01-05-2025,S019,P0148,1,3.33,Expired
R0047471,T0047471,29-04-2024,S004,P0113,1,3.3,Damaged
R0047473,T0047473,01-06-2024,S018,P0170,1,13.34,Damaged
R0047528,T0047528,17-06-2025,S017,P0077,2,3.15,Not as Described
R0047553,T0047553,23-06-2024,S025,P0135,1,5.42,Expired
R0047559,T0047559,18-02-2025,S030,P0035,2,5.78,Expired
R0047563,T0047563,06-01-2024,S030,P0093,1,7.9,Expired
R0047569,T0047569,02-09-2025,S021,P0143,1,0.91,Expired
R0047581,T0047581,26-06-2025,S025,P0045,1,5.82,Wrong Item
R0047609,T0047609,19-06-2025,S001,P0063,1,3.53,Expired
R0047626,T0047626,22-01-2024,S015,P0157,1,29.4,Not as Described
R0047644,T0047644,15-03-2024,S010,P0095,1,3.74,Wrong Item
R0047670,T0047670,16-06-2024,S004,P0145,2,5.46,Expired
R0047680,T0047680,08-02-2025,S016,P0097,2,3.36,Damaged
R0047704,T0047704,05-11-2024,S026,P0144,1,2.1,Expired
R0047708,T0047708,21-08-2025,S024,P0096,2,10.17,Damaged
R0047805,T0047805,31-01-2025,S008,P0019,1,6.76,Not as Described
R0047835,T0047835,08-11-2024,S029,P0133,1,7.37,Expired
R0047836,T0047836,24-01-2024,S027,P0006,2,10.86,Expired
R0047844,T0047844,11-10-2024,S001,P0040,1,3.29,Not as Described
R0047863,T0047863,06-02-2024,S026,P0150,2,7.46,Changed Mind
R0047924,T0047924,30-10-2025,S014,P0045,1,4.89,Damaged
R0048013,T0048013,11-02-2025,S017,P0111,2,9.62,Wrong Item
R0048072,T0048072,20-09-2024,S028,P0013,1,3.88,Wrong Item
R0048152,T0048152,13-01-2025,S025,P0043,1,2.37,Damaged
R0048182,T0048182,11-02-2024,S004,P0157,1,29.4,Changed Mind
R0048234,T0048234,30-10-2024,S025,P0031,1,4.37,Expired
R0048308,T0048308,12-07-2025,S011,P0080,1,6.18,Wrong Item
R0048329,T0048329,26-02-2025,S014,P0082,2,13.7,Not as Described
R0048334,T0048334,07-09-2024,S005,P0101,1,1.79,Wrong Item
R0048339,T0048339,22-06-2025,S027,P0173,1,53.66,Changed Mind
R0048400,T0048400,23-08-2025,S025,P0102,2,7.12,Damaged
R0048401,T0048401,21-02-2025,S005,P0001,2,14.88,Not as Described
R0048457,T0048457,07-09-2024,S009,P0065,1,3.35,Changed Mind
R0048502,T0048502,12-04-2024,S001,P0146,1,1.9,Wrong Item
R0048532,T0048532,03-01-2024,S022,P0025,1,8.09,Changed Mind
R0048556,T0048556,24-09-2025,S023,P0144,1,1.78,Wrong Item
R0048560,T0048560,04-03-2024,S027,P0082,1,6.85,Not as Described
R0048615,T0048615,23-09-2024,S008,P0092,2,13.32,Damaged
R0048655,T0048655,04-05-2024,S005,P0142,1,2.14,Expired
R0048668,T0048668,19-10-2024,S018,P0031,1,4.37,Not as Described
R0048678,T0048678,13-09-2025,S020,P0144,1,2.1,Changed Mind
R0048707,T0048707,22-12-2024,S001,P0007,1,2.45,Expired
R0048710,T0048710,24-04-2025,S026,P0023,2,9.76,Wrong Item
R0048827,T0048827,05-07-2024,S007,P0100,1,5.43,Changed Mind
R0048876,T0048876,21-05-2024,S002,P0025,1,8.09,Wrong Item
R0048934,T0048934,05-10-2024,S002,P0068,1,4.92,Not as Described
R0048970,T0048970,14-10-2025,S025,P0129,1,3.32,Changed Mind
R0049038,T0049038,14-11-2024,S004,P0021,2,4.04,Wrong Item
R0049055,T0049055,09-10-2025,S023,P0079,1,6.62,Changed Mind
R0049057,T0049057,15-11-2024,S010,P0138,2,2.04,Changed Mind
R0049098,T0049098,19-07-2024,S002,P0156,1,23.24,Damaged
R0049119,T0049119,14-02-2025,S016,P0168,1,44.06,Wrong Item
R0049140,T0049140,25-10-2025,S011,P0108,1,4.88,Expired
R0049309,T0049309,07-01-2024,S013,P0040,1,2.86,Not as Described
R0049334,T0049334,04-06-2025,S027,P0098,1,4.68,Expired
R0049378,T0049378,27-05-2024,S001,P0180,1,48.07,Changed Mind
R0049403,T0049403,21-04-2024,S023,P0090,2,10.78,Expired
R0049456,T0049456,18-05-2025,S024,P0058,1,4.68,Changed Mind
R0049466,T0049466,19-06-2025,S015,P0156,1,23.24,Wrong Item
R0049475,T0049475,29-07-2025,S029,P0056,2,7.2,Changed Mind
R0049541,T0049541,22-11-2024,S027,P0135,2,8.56,Damaged
R0049555,T0049555,18-07-2025,S028,P0007,1,1.96,Wrong Item
R0049570,T0049570,08-10-2025,S011,P0180,1,48.07,Changed Mind
R0049600,T0049600,22-03-2025,S020,P0038,2,15.8,Wrong Item
R0049638,T0049638,04-07-2024,S008,P0173,1,38.1,Expired
R0049743,T0049743,15-03-2025,S023,P0108,2,10.5,Not as Described
R0049768,T0049768,24-12-2024,S015,P0165,2,92.34,Changed Mind
R0049773,T0049773,14-05-2024,S015,P0166,1,45.88,Changed Mind
R0049782,T0049782,13-09-2025,S007,P0140,2,3.48,Not as Described
R0049808,T0049808,21-07-2025,S011,P0073,1,4.37,Changed Mind
R0049817,T0049817,24-08-2025,S016,P0131,1,3.23,Wrong Item
R0049819,T0049819,02-03-2024,S007,P0007,1,2.45,Wrong Item
R0049830,T0049830,16-12-2024,S012,P0128,2,3.02,Not as Described
R0049903,T0049903,07-04-2024,S023,P0004,1,11.84,Wrong Item
R0049926,T0049926,27-08-2024,S011,P0130,2,7.93,Wrong Item
R0050033,T0050033,12-07-2025,S019,P0145,2,5.46,Not as Described
R0050052,T0050052,16-07-2025,S022,P0114,1,7.25,Wrong Item
R0050107,T0050107,20-04-2024,S025,P0010,2,4.24,Not as Described
R0050117,T0050117,29-11-2024,S030,P0105,1,3.96,Changed Mind
R0050149,T0050149,19-01-2024,S015,P0156,2,46.48,Not as Described
R0050185,T0050185,20-01-2024,S013,P0058,1,6.24,Expired
R0050298,T0050298,24-01-2024,S024,P0068,1,5.96,Wrong Item
R0050354,T0050354,22-02-2025,S006,P0170,1,13.34,Wrong Item
R0050367,T0050367,15-08-2025,S021,P0167,1,54.3,Damaged
R0050492,T0050492,15-07-2025,S029,P0133,1,7.22,Damaged
R0050538,T0050538,21-01-2025,S016,P0084,2,12.32,Wrong Item
R0050600,T0050600,04-08-2024,S009,P0085,2,10.48,Damaged
R0050668,T0050668,25-10-2025,S014,P0168,1,44.06,Not as Described
R0050740,T0050740,17-05-2024,S001,P0107,2,2.58,Expired
R0050754,T0050754,14-01-2025,S008,P0058,1,6.24,Wrong Item
R0050758,T0050758,30-04-2024,S025,P0093,1,7.03,Changed Mind
R0050801,T0050801,20-09-2025,S026,P0154,1,56.12,Changed Mind
R0050910,T0050910,29-09-2024,S023,P0106,1,3.5,Not as Described
R0051004,T0051004,12-12-2024,S021,P0148,2,6.66,Changed Mind
R0051071,T0051071,09-03-2024,S006,P0099,2,5.44,Expired
R0051105,T0051105,13-12-2024,S004,P0149,2,9.61,Not as Described
R0051108,T0051108,17-08-2025,S028,P0078,1,4.53,Wrong Item
R0051206,T0051206,13-06-2024,S010,P0074,1,5.99,Damaged
R0051216,T0051216,29-05-2025,S003,P0157,1,24.4,Damaged
R0051236,T0051236,21-03-2024,S028,P0108,1,5.25,Expired
R0051260,T0051260,10-05-2025,S010,P0036,2,6.01,Expired
R0051325,T0051325,30-04-2024,S024,P0036,2,6.6,Damaged
R0051326,T0051326,04-03-2025,S017,P0159,1,59.48,Wrong Item
R0051336,T0051336,30-12-2024,S028,P0045,1,5.82,Damaged
R0051350,T0051350,14-05-2025,S030,P0026,2,16.74,Wrong Item
R0051415,T0051415,20-02-2025,S027,P0038,2,15.8,Not as Described
R0051480,T0051480,26-12-2024,S014,P0033,1,1.52,Wrong Item
R0051534,T0051534,29-05-2024,S025,P0024,1,11.73,Expired
R0051547,T0051547,10-05-2025,S023,P0170,1,13.34,Wrong Item
R0051589,T0051589,23-06-2025,S006,P0033,1,1.85,Changed Mind
R0051598,T0051598,23-05-2025,S009,P0133,2,14.74,Expired
R0051617,T0051617,14-10-2025,S006,P0095,1,2.84,Damaged
R0051661,T0051661,26-11-2024,S022,P0163,1,36.11,Wrong Item
R0051698,T0051698,04-02-2024,S016,P0008,2,16.74,Damaged
R0051744,T0051744,14-08-2025,S027,P0075,2,12.12,Expired
R0051791,T0051791,01-02-2025,S025,P0041,2,4.52,Changed Mind
R0051801,T0051801,02-10-2024,S018,P0074,1,5.99,Wrong Item
R0051812,T0051812,04-10-2024,S014,P0093,1,7.9,Wrong Item
R0051912,T0051912,05-02-2025,S022,P0120,1,1.72,Changed Mind
R0051923,T0051923,11-10-2025,S026,P0179,1,31.62,Changed Mind
R0051986,T0051986,09-02-2024,S005,P0031,1,4.37,Damaged
R0051987,T0051987,22-10-2025,S014,P0039,1,2.19,Not as Described
R0052004,T0052004,18-05-2025,S026,P0133,2,14.74,Damaged
R0052023,T0052023,03-02-2024,S005,P0056,1,3.6,Changed Mind
R0052067,T0052067,24-06-2024,S030,P0031,1,4.37,Wrong Item
R0052074,T0052074,21-10-2024,S019,P0048,1,6.27,Damaged
R0052084,T0052084,23-10-2025,S029,P0006,1,5.43,Expired
R0052106,T0052106,24-03-2024,S019,P0121,1,7.83,Changed Mind
R0052117,T0052117,14-10-2025,S018,P0124,1,7.17,Changed Mind
R0052134,T0052134,04-11-2024,S027,P0157,1,25.87,Changed Mind
R0052201,T0052201,12-12-2024,S029,P0053,1,1.95,Wrong Item
R0052284,T0052284,07-03-2024,S004,P0140,2,3.48,Not as Described
R0052289,T0052289,09-03-2025,S026,P0131,2,6.46,Not as Described
R0052344,T0052344,05-09-2025,S001,P0104,2,2.22,Not as Described
R0052345,T0052345,09-06-2024,S028,P0046,1,1.74,Expired
R0052516,T0052516,06-05-2024,S027,P0078,1,4.53,Changed Mind
R0052527,T0052527,10-07-2024,S005,P0099,1,3.58,Changed Mind
R0052531,T0052531,31-05-2025,S008,P0131,2,6.46,Expired
R0052536,T0052536,16-03-2024,S019,P0038,2,15.8,Not as Described
R0052559,T0052559,16-06-2024,S003,P0138,1,1.34,Not as Described
R0052568,T0052568,17-08-2025,S014,P0139,2,5.64,Not as Described
R0052620,T0052620,03-07-2025,S021,P0044,1,7.73,Expired
R0052683,T0052683,26-11-2024,S022,P0174,1,24.92,Not as Described
R0052728,T0052728,07-12-2024,S010,P0053,2,3.9,Wrong Item
R0052740,T0052740,25-01-2025,S010,P0161,2,44,Wrong Item
R0052810,T0052810,19-11-2024,S002,P0074,1,5.99,Expired
R0052832,T0052832,29-06-2024,S029,P0176,1,46.51,Not as Described
R0052833,T0052833,05-06-2025,S028,P0068,1,6.08,Damaged
R0052847,T0052847,07-11-2024,S006,P0095,1,3.74,Wrong Item
R0052858,T0052858,17-01-2025,S027,P0154,2,112.24,Expired
R0052887,T0052887,26-06-2025,S011,P0133,2,14.74,Changed Mind
R0052935,T0052935,02-11-2024,S027,P0019,1,6.76,Expired
R0052952,T0052952,27-11-2024,S025,P0104,1,1.11,Wrong Item
R0052966,T0052966,26-05-2025,S021,P0028,1,5.9,Expired
R0052988,T0052988,16-09-2025,S008,P0058,2,12.48,Not as Described
R0053004,T0053004,11-04-2025,S021,P0042,2,7.68,Damaged
R0053030,T0053030,31-08-2024,S004,P0083,1,7.73,Wrong Item
R0053040,T0053040,18-09-2025,S023,P0063,1,4.59,Damaged
R0053103,T0053103,07-08-2025,S024,P0153,1,21.64,Expired
R0053110,T0053110,21-06-2025,S022,P0121,1,7.83,Damaged
R0053113,T0053113,05-06-2025,S027,P0135,1,5.42,Expired
R0053148,T0053148,26-04-2025,S012,P0120,1,1.72,Expired
R0053160,T0053160,02-03-2025,S003,P0063,1,4.59,Damaged
R0053202,T0053202,26-05-2025,S002,P0020,1,4.76,Changed Mind
R0053248,T0053248,18-08-2024,S009,P0065,2,6.7,Damaged
R0053281,T0053281,21-02-2024,S022,P0060,1,4.22,Damaged
R0053332,T0053332,02-10-2024,S011,P0132,2,8.76,Not as Described
R0053336,T0053336,04-05-2024,S030,P0105,1,3.96,Damaged
R0053343,T0053343,18-04-2025,S011,P0102,1,3.56,Changed Mind
R0053373,T0053373,04-09-2024,S010,P0093,1,7.9,Damaged
R0053403,T0053403,06-07-2024,S021,P0052,1,6.25,Damaged
R0053472,T0053472,25-02-2025,S022,P0176,1,35.35,Wrong Item
R0053558,T0053558,11-02-2025,S015,P0091,1,7.03,Changed Mind
R0053579,T0053579,20-01-2025,S025,P0140,2,3.48,Not as Described
R0053639,T0053639,23-02-2024,S003,P0025,2,16.18,Wrong Item
R0053666,T0053666,10-12-2024,S013,P0080,1,6.18,Not as Described
R0053671,T0053671,31-07-2025,S027,P0101,2,3.58,Changed Mind
R0053678,T0053678,13-03-2024,S013,P0017,1,9.37,Not as Described
R0053693,T0053693,28-11-2024,S011,P0118,1,1.87,Not as Described
R0053756,T0053756,29-06-2025,S026,P0128,1,1.84,Not as Described
R0053761,T0053761,01-07-2024,S018,P0051,1,6.76,Expired
R0053805,T0053805,18-06-2024,S016,P0059,1,5.72,Not as Described
R0053825,T0053825,26-10-2025,S004,P0031,1,4.37,Expired
R0053881,T0053881,23-12-2024,S025,P0078,2,9.06,Damaged
R0053887,T0053887,30-04-2024,S027,P0136,1,5.01,Changed Mind
R0053905,T0053905,15-05-2025,S013,P0056,1,3.6,Damaged
R0053983,T0053983,29-03-2024,S023,P0002,2,19.66,Not as Described
R0053992,T0053992,16-10-2025,S015,P0166,2,91.76,Expired
R0053999,T0053999,19-04-2025,S030,P0012,1,4.43,Changed Mind
R0054040,T0054040,11-04-2024,S015,P0043,2,4.84,Wrong Item
R0054041,T0054041,06-05-2024,S017,P0044,2,15.46,Expired
R0054084,T0054084,25-04-2024,S020,P0092,1,7.25,Damaged
R0054109,T0054109,16-09-2024,S021,P0175,1,54.26,Damaged
R0054117,T0054117,12-01-2024,S020,P0085,2,10.48,Not as Described
R0054128,T0054128,18-05-2024,S009,P0115,1,3.78,Wrong Item
R0054164,T0054164,30-10-2024,S012,P0026,1,8.37,Not as Described
R0054214,T0054214,05-05-2025,S015,P0100,1,5.43,Wrong Item
R0054237,T0054237,30-08-2024,S003,P0067,2,7.82,Expired
R0054278,T0054278,28-06-2024,S004,P0126,1,3.17,Expired
R0054289,T0054289,20-04-2024,S001,P0001,1,6.7,Wrong Item
R0054300,T0054300,23-11-2024,S016,P0146,2,3.8,Wrong Item
R0054302,T0054302,16-06-2025,S017,P0019,2,13.52,Not as Described
R0054303,T0054303,20-02-2024,S009,P0082,1,6.85,Damaged
R0054407,T0054407,08-08-2025,S005,P0016,1,3.81,Changed Mind
R0054472,T0054472,18-07-2024,S024,P0003,2,14.46,Wrong Item
R0054503,T0054503,22-05-2025,S019,P0068,1,6.08,Expired
R0054529,T0054529,29-05-2025,S014,P0039,2,4.38,Not as Described
R0054573,T0054573,06-05-2025,S003,P0151,1,49.67,Damaged
R0054664,T0054664,02-01-2024,S005,P0019,1,4.86,Wrong Item
R0054676,T0054676,09-10-2024,S012,P0141,2,5.56,Wrong Item
R0054772,T0054772,25-01-2025,S005,P0027,2,7.22,Wrong Item
R0054781,T0054781,06-03-2025,S023,P0177,1,19.4,Changed Mind
R0054798,T0054798,31-12-2024,S011,P0033,2,3.7,Wrong Item
R0054801,T0054801,01-09-2025,S026,P0173,2,107.32,Changed Mind
R0054821,T0054821,30-11-2024,S022,P0141,1,2.78,Wrong Item
R0054871,T0054871,23-07-2024,S007,P0001,2,14.88,Changed Mind
R0054880,T0054880,29-10-2025,S021,P0113,2,8.04,Damaged
R0054949,T0054949,26-10-2024,S018,P0026,2,16.74,Not as Described
R0054951,T0054951,15-10-2025,S026,P0088,2,8.73,Changed Mind
R0055011,T0055011,12-12-2024,S004,P0071,2,8.6,Not as Described
R0055072,T0055072,20-05-2024,S028,P0071,2,6.88,Damaged
R0055078,T0055078,18-05-2025,S001,P0024,1,11.73,Wrong Item
R0055085,T0055085,27-01-2025,S010,P0051,1,6.76,Not as Described
R0055161,T0055161,25-10-2024,S029,P0107,1,1.29,Wrong Item
R0055234,T0055234,24-12-2024,S007,P0097,2,3.06,Damaged
R0055419,T0055419,07-07-2025,S027,P0052,1,4.25,Damaged
R0055448,T0055448,19-04-2024,S026,P0050,2,2.66,Not as Described
R0055476,T0055476,02-11-2024,S019,P0041,2,4.52,Wrong Item
R0055487,T0055487,12-04-2025,S007,P0031,2,8.74,Damaged
R0055495,T0055495,09-10-2024,S029,P0004,2,23.68,Damaged
R0055572,T0055572,05-09-2024,S009,P0073,2,8.74,Wrong Item
R0055644,T0055644,08-06-2024,S002,P0091,1,7.03,Expired
R0055674,T0055674,15-07-2025,S002,P0032,1,2.81,Expired
R0055752,T0055752,02-07-2024,S017,P0115,1,3.25,Wrong Item
R0055838,T0055838,29-08-2024,S030,P0015,1,7.6,Expired
R0055861,T0055861,22-05-2024,S012,P0142,1,2.14,Changed Mind
R0055890,T0055890,23-10-2025,S002,P0163,1,28.52,Damaged
R0055914,T0055914,25-04-2025,S029,P0007,1,2.45,Not as Described
R0055934,T0055934,09-11-2024,S001,P0083,1,7.73,Not as Described
R0055979,T0055979,13-02-2025,S002,P0178,1,37.6,Changed Mind
R0055992,T0055992,26-11-2024,S027,P0097,1,1.68,Wrong Item
R0056022,T0056022,13-09-2025,S014,P0132,2,8.76,Wrong Item
R0056099,T0056099,20-10-2025,S012,P0111,1,4.81,Changed Mind
R0056148,T0056148,29-09-2025,S019,P0008,2,16.74,Changed Mind
R0056187,T0056187,03-04-2025,S024,P0175,1,54.26,Changed Mind
R0056188,T0056188,09-06-2025,S006,P0152,2,78.8,Damaged
R0056255,T0056255,24-01-2024,S018,P0042,1,3.84,Expired
R0056305,T0056305,15-03-2024,S002,P0070,2,1.56,Expired
R0056407,T0056407,29-12-2024,S011,P0124,1,7.17,Changed Mind
R0056428,T0056428,24-07-2025,S030,P0043,2,3.87,Wrong Item
R0056450,T0056450,12-07-2024,S013,P0067,1,3.91,Changed Mind
R0056453,T0056453,02-01-2025,S006,P0180,1,48.07,Wrong Item
R0056486,T0056486,01-02-2024,S016,P0161,2,44,Changed Mind
R0056536,T0056536,21-12-2024,S020,P0001,1,6.47,Expired
R0056602,T0056602,19-08-2025,S015,P0168,2,88.12,Expired
R0056632,T0056632,07-07-2025,S001,P0002,1,10.57,Wrong Item
R0056638,T0056638,28-04-2024,S018,P0112,1,5.22,Changed Mind
R0056670,T0056670,04-08-2024,S027,P0174,1,24.34,Not as Described
R0056738,T0056738,08-02-2025,S013,P0155,1,26.94,Changed Mind
R0056807,T0056807,22-06-2024,S019,P0086,1,6.41,Wrong Item
R0056834,T0056834,27-05-2024,S009,P0117,1,4.48,Damaged
R0056843,T0056843,22-01-2025,S002,P0167,2,108.6,Expired
R0056924,T0056924,13-04-2024,S027,P0004,1,11.84,Not as Described
R0056938,T0056938,14-07-2025,S018,P0021,1,2.02,Damaged
R0057083,T0057083,07-10-2024,S028,P0120,1,1.72,Damaged
R0057113,T0057113,18-10-2025,S025,P0129,2,6.48,Wrong Item
R0057136,T0057136,10-08-2024,S008,P0126,1,3.27,Damaged
R0057138,T0057138,10-07-2025,S020,P0069,1,2.55,Expired
R0057252,T0057252,07-07-2024,S029,P0166,1,45.88,Not as Described
R0057297,T0057297,03-10-2025,S030,P0130,1,3.64,Not as Described
R0057383,T0057383,24-03-2025,S001,P0149,1,5.59,Wrong Item
R0057390,T0057390,14-01-2024,S007,P0135,2,10.84,Changed Mind
R0057403,T0057403,07-08-2025,S014,P0131,1,2.88,Changed Mind
R0057404,T0057404,16-01-2025,S003,P0053,2,3.9,Changed Mind
R0057405,T0057405,28-05-2025,S022,P0024,2,23.46,Changed Mind
R0057426,T0057426,03-05-2024,S005,P0001,1,7.44,Wrong Item
R0057467,T0057467,13-03-2025,S023,P0156,1,23.24,Changed Mind
R0057500,T0057500,25-01-2024,S016,P0172,1,38.48,Expired
R0057580,T0057580,14-12-2024,S023,P0135,2,10.84,Wrong Item
R0057619,T0057619,27-09-2025,S019,P0005,1,10.45,Expired
R0057622,T0057622,03-10-2025,S008,P0060,2,9.82,Changed Mind
R0057632,T0057632,15-03-2025,S017,P0179,2,77.12,Damaged
R0057647,T0057647,08-02-2025,S014,P0015,1,7.94,Wrong Item
R0057656,T0057656,06-08-2024,S025,P0165,1,40.63,Damaged
R0057667,T0057667,17-04-2024,S018,P0144,2,3.48,Expired
R0057670,T0057670,24-01-2024,S021,P0122,1,3.68,Damaged
R0057677,T0057677,01-11-2024,S026,P0061,2,3.54,Expired
R0057684,T0057684,04-12-2024,S006,P0160,1,27.68,Not as Described
R0057714,T0057714,18-09-2024,S023,P0056,2,7.2,Changed Mind
R0057719,T0057719,03-04-2025,S007,P0100,2,10.86,Damaged
R0057742,T0057742,22-08-2024,S012,P0016,1,3.05,Changed Mind
R0057893,T0057893,21-12-2024,S012,P0155,1,26.94,Changed Mind
R0057912,T0057912,11-08-2024,S030,P0152,2,92.94,Damaged
R0057990,T0057990,24-12-2024,S006,P0074,2,10.18,Damaged
R0058024,T0058024,17-08-2024,S026,P0084,1,7.16,Not as Described
R0058029,T0058029,21-08-2024,S024,P0037,2,10.16,Expired
R0058114,T0058114,12-03-2024,S023,P0039,1,2.19,Changed Mind
R0058164,T0058164,11-10-2025,S029,P0149,1,5.59,Not as Described
R0058172,T0058172,26-08-2024,S030,P0085,2,10.48,Changed Mind
R0058229,T0058229,02-01-2025,S006,P0094,1,3.28,Not as Described
R0058239,T0058239,05-03-2025,S008,P0050,1,1.33,Damaged
R0058273,T0058273,04-06-2025,S023,P0137,1,1.4,Expired
R0058365,T0058365,21-04-2024,S002,P0146,1,1.9,Expired
R0058514,T0058514,06-08-2024,S026,P0059,1,5.72,Wrong Item
R0058557,T0058557,26-06-2024,S030,P0090,1,7.59,Damaged
R0058571,T0058571,22-05-2025,S021,P0162,1,42.91,Not as Described
R0058637,T0058637,28-09-2025,S009,P0015,1,6.46,Expired
R0058670,T0058670,11-10-2025,S017,P0111,1,4.81,Not as Described
R0058726,T0058726,06-08-2024,S017,P0169,1,41.83,Damaged
R0058788,T0058788,20-06-2024,S026,P0074,1,5.45,Changed Mind
R0058799,T0058799,26-01-2025,S020,P0168,1,43.18,Damaged
R0058827,T0058827,06-07-2025,S002,P0136,2,10.9,Not as Described
R0058836,T0058836,14-01-2024,S005,P0013,1,3.88,Expired
R0058844,T0058844,23-06-2024,S020,P0088,1,5.02,Not as Described
R0058899,T0058899,16-05-2025,S013,P0164,1,58.19,Damaged
R0058946,T0058946,12-01-2025,S011,P0148,2,5.53,Wrong Item
R0058998,T0058998,10-08-2025,S020,P0139,1,2.59,Damaged
R0059019,T0059019,10-08-2025,S019,P0096,2,11.82,Damaged
R0059035,T0059035,24-11-2024,S011,P0020,2,9.52,Wrong Item
R0059042,T0059042,30-11-2024,S012,P0003,1,7.23,Damaged
R0059100,T0059100,04-08-2024,S028,P0001,2,14.88,Wrong Item
R0059110,T0059110,27-03-2025,S021,P0106,1,3.5,Damaged
R0059132,T0059132,21-05-2024,S009,P0094,1,3.28,Changed Mind
R0059251,T0059251,18-01-2025,S029,P0120,1,1.62,Expired
R0059302,T0059302,02-02-2025,S029,P0133,2,14.74,Wrong Item
R0059314,T0059314,07-08-2025,S020,P0007,2,4.9,Expired
R0059321,T0059321,26-10-2024,S008,P0082,2,12.19,Not as Described
R0059328,T0059328,13-09-2024,S027,P0160,1,32.57,Changed Mind
R0059438,T0059438,25-08-2025,S003,P0093,1,6.16,Wrong Item
R0059463,T0059463,03-11-2024,S018,P0084,1,7.16,Expired
R0059490,T0059490,26-09-2025,S003,P0097,2,3.36,Changed Mind
R0059532,T0059532,05-05-2025,S014,P0136,1,4.42,Expired
R0059582,T0059582,28-04-2025,S010,P0042,2,7.68,Damaged
R0059594,T0059594,23-07-2025,S019,P0095,2,7.48,Expired
R0059596,T0059596,26-08-2024,S022,P0108,1,3.88,Wrong Item
R0059626,T0059626,06-07-2025,S022,P0036,1,3.3,Not as Described
R0059638,T0059638,28-09-2024,S005,P0066,1,7.75,Expired
R0059735,T0059735,23-09-2025,S001,P0149,1,5.26,Changed Mind
R0059799,T0059799,23-10-2024,S005,P0116,2,2.22,Damaged
R0059847,T0059847,25-11-2024,S012,P0083,2,15.46,Expired
R0059891,T0059891,12-07-2025,S012,P0122,1,3.28,Changed Mind
R0059954,T0059954,24-02-2024,S013,P0024,2,23.46,Wrong Item
R0059962,T0059962,28-04-2025,S014,P0175,2,108.52,Damaged
R0059974,T0059974,24-03-2025,S028,P0119,1,6.03,Not as Described
